"#","PLAYER","RATING","ERROR","POINTS","PLAYED","(%)"
1,"Stockfish 18",3823.3,"-",307031.00,461772,66.49
2,"Raid 6.66 AdL",3823.0,"-",12.50,23,54.35
3,"Stockfish 17.1",3803.0,"-",404977.50,607293,66.69
4,"Raid 6.3",3802.9,"-",17.00,22,77.27
5,"Lc0 v0.31.0-dag+git.5350a2e0",3801.4,"-",7.50,12,62.50
6,"ShashChess 33.1",3800.8,"-",52.50,68,77.21
7,"Reckless 0.10",3797.1,"-",21.50,24,89.58
8,"Raid v6.8 AdL",3794.1,"-",56.50,86,65.70
9,"Stockfish 17",3793.1,"-",290557.00,422272,68.81
10,"Raid 5.3",3793.0,"-",21.50,42,51.19
11,"Raid 7.3",3791.6,"-",50.00,72,69.44
12,"Raid v7.4",3791.5,"-",14.00,28,50.00
13,"Dragon 2909.00",3791.3,"-",1.50,2,75.00
14,"Raid 5.7",3787.5,"-",29.00,60,48.33
15,"ShashChess 41 GoldDigger",3782.7,"-",167.50,324,51.70
16,"Lc0 0.32.1",3782.2,"-",769.00,1506,51.06
17,"ShashChess 41.1",3780.4,"-",93.00,182,51.10
18,"ShashChess 41",3779.9,"-",292.50,562,52.05
19,"Raid 6.0",3779.5,"-",111.50,203,54.93
20,"Stockfish 16.1",3778.6,"-",312168.50,445343,70.10
21,"PlentyChess 7.0.65-0146r",3778.5,"-",32.50,54,60.19
22,"Stockfish 17.1 SE",3775.2,"-",5.50,11,50.00
23,"ShashChess 40",3774.0,"-",473.00,927,51.02
24,"Reckless 0.9.0",3773.4,"-",105930.50,175931,60.21
25,"Lc0 v0.31.0-dag+git.29a55cb6-BT4-1740",3773.1,"-",194.50,395,49.24
26,"ShashChess 35.3 HiTal",3769.6,"-",10234.50,14992,68.27
27,"Raid 5.2",3768.9,"-",45.00,90,50.00
28,"Stockfish + 1",3767.4,"-",78.00,144,54.17
29,"PlentyChess 5.0.7",3763.4,"-",1.50,2,75.00
30,"Quanticade Cronus-3.0-ff2dc46d",3763.4,"-",1.50,2,75.00
31,"Stormphrax 7.0.29_80ca2dc",3763.4,"-",1.50,2,75.00
32,"PlentyChess 7.0.20 SE",3763.0,"-",16.50,20,82.50
33,"PlentyChess 7.0.19",3760.0,"-",27.00,46,58.70
34,"Raid 4.7",3756.3,"-",93.00,167,55.69
35,"Raid 5.5",3755.9,"-",73.00,139,52.52
36,"PlentyChess 7.0.47",3755.5,"-",9.50,15,63.33
37,"Torch 4a",3754.4,"-",31825.00,55979,56.85
38,"Stockfish Polyglot",3752.6,"-",28.50,49,58.16
39,"Raid 4.8",3752.1,"-",74.00,130,56.92
40,"Stockfish 17 SE",3750.9,"-",108.00,167,64.67
41,"ShashChess 36",3750.6,"-",303.00,482,62.86
42,"ShashChess 37",3749.4,"-",651.00,1102,59.07
43,"ShashChess 38",3749.0,"-",413.00,765,53.99
44,"PlentyChess 8.0.0",3748.5,"-",40956.50,71910,56.96
45,"Stockfish Ivec",3748.5,"-",260.50,454,57.38
46,"Stockfish modjo 1.0",3748.1,"-",50.50,90,56.11
47,"Torch 4 WASM Multithreaded",3747.9,"-",50.50,84,60.12
48,"Crystal 7 CMB",3745.9,"-",10485.50,15309,68.49
49,"Stockfish 14.1",3745.8,"-",153070.00,210132,72.84
50,"Torch 3",3745.5,"-",196400.00,329932,59.53
51,"Crystal 9",3745.1,"-",198.50,355,55.92
52,"Stockfish 16",3744.8,"-",294402.00,426189,69.08
53,"ShashChess 35.2",3744.7,"-",113.50,200,56.75
54,"PlentyChess 7.0.21",3743.7,"-",15.50,31,50.00
55,"Raid 3.7 TR",3743.0,"-",422.50,725,58.28
56,"ShashChess 39",3742.8,"-",759.50,1102,68.92
57,"ShashChess 34.1",3742.5,"-",143.50,204,70.34
58,"Stormphrax 7.0.94_b156bd0",3742.2,"-",8.50,14,60.71
59,"Torch 2",3742.0,"-",60650.50,92475,65.59
60,"Stockfish 15",3741.8,"-",139187.00,198925,69.97
61,"Torch 3.1",3741.4,"-",53546.00,90952,58.87
62,"ShashChess 34",3741.2,"-",72.50,107,67.76
63,"Raid 3.6 TR",3740.8,"-",1516.50,2580,58.78
64,"Obsidian 13.26",3740.8,"-",3.00,4,75.00
65,"Stockfish 14",3740.0,"-",154804.00,215889,71.71
66,"Dragon 2774.00",3740.0,"-",2.00,4,50.00
67,"ShashChess 39.1",3738.9,"-",194.50,321,60.59
68,"Swordfish 15.2",3737.9,"-",74.50,99,75.25
69,"Reckless 0.8.0",3737.6,"-",136554.00,239201,57.09
70,"PlentyChess 7.0.22 TI",3737.3,"-",20929.50,36992,56.58
71,"Stockfish 15.1",3736.6,"-",137389.50,201808,68.08
72,"Obsidian 14.10",3736.1,"-",53.50,72,74.31
73,"PlentyChess 7.0.37",3735.0,"-",50282.00,94259,53.34
74,"Reckless 0.10.0",3734.1,"-",411.50,724,56.84
75,"Tarnished v5.0",3733.2,"-",46.00,83,55.42
76,"Obsidian 16.0v",3733.1,"-",26991.00,44988,60.00
77,"Stockfish ba43fcaff995",3732.4,"-",80.50,112,71.88
78,"PlentyChess 7.0.12 TI",3732.3,"-",20026.00,35989,55.64
79,"Patzer AI X-256",3732.0,"-",269.00,473,56.87
80,"Raid 2.7i",3731.4,"-",157.50,229,68.78
81,"Stockfish Tactical",3730.8,"-",25.50,34,75.00
82,"ShashChess 35.3",3730.3,"-",237.50,371,64.02
83,"Patzer AI X-2560i",3730.1,"-",20.50,40,51.25
84,"Raid 3.1",3730.0,"-",249.50,439,56.83
85,"Raid 1",3728.8,"-",28.00,36,77.78
86,"ShashChess 33.2",3728.7,"-",550.50,865,63.64
87,"Raid 2.78i_X",3728.7,"-",281.50,420,67.02
88,"Raid 3",3728.5,"-",228.00,339,67.26
89,"pawnocchio 2.0",3728.0,"-",33657.00,62899,53.51
90,"Stockfish PLB",3728.0,"-",36.50,62,58.87
91,"PlentyChess 6.0.9",3727.6,"-",30.50,46,66.30
92,"Stockfish 13",3727.3,"-",117918.50,160529,73.46
93,"Dragon 2696.00",3727.3,"-",2.00,4,50.00
94,"Crystal 8",3725.6,"-",717.50,1187,60.45
95,"Reckless 0.10.0 15.4.26",3725.2,"-",156.00,291,53.61
96,"Zeus 27.0",3725.0,"-",109.50,167,65.57
97,"Swordfish 15.5",3724.6,"-",208.00,356,58.43
98,"Raid 2.73i",3724.4,"-",167.00,224,74.55
99,"Raid 6.8 AdL",3724.3,"-",40.50,66,61.36
100,"Fisherov Chess Monk 1.1",3724.2,"-",190.00,291,65.29
101,"Ceres 2.30_C3-768-30-PRE3",3724.2,"-",24.00,42,57.14
102,"ShashChess 25.2",3724.0,"-",253.00,312,81.09
103,"Patzer AI",3723.9,"-",253.50,389,65.17
104,"PlentyChess 7.0.66",3723.1,"-",661.50,1212,54.58
105,"ShashChess 34.5",3722.7,"-",200.50,354,56.64
106,"Raid 2.74 Recon",3722.5,"-",113.00,164,68.90
107,"PlentyChess 7 TI",3722.5,"-",17653.50,31995,55.18
108,"Torch 1",3722.4,"-",58222.50,90956,64.01
109,"Obsidian 15.14",3722.4,"-",19714.50,33791,58.34
110,"Raid 2.76i_X",3722.3,"-",297.50,422,70.50
111,"Patzer AI X-2560",3722.1,"-",131.50,244,53.89
112,"PlentyChess 7.0.9",3721.9,"-",15.00,24,62.50
113,"Lc0 0.31-dag-590cd9ba",3721.8,"-",38.50,74,52.03
114,"Raid 2.1",3721.7,"-",56.00,84,66.67
115,"Obsidian 15.19",3721.7,"-",20558.00,35010,58.72
116,"Raid 2.99 2TC",3721.6,"-",85.50,126,67.86
117,"Ceres 2.10_C1-640-34",3721.3,"-",34.00,56,60.71
118,"ShashChess 34.2",3720.9,"-",86.00,135,63.70
119,"Patzer AI EXP",3720.8,"-",179.00,312,57.37
120,"Raid 5.1",3720.7,"-",71.50,115,62.17
121,"ShashChess 28",3720.7,"-",219.50,320,68.59
122,"ShashChess 23.1.1",3720.6,"-",72.00,91,79.12
123,"ShashChess 32",3720.3,"-",201.00,296,67.91
124,"Raid 2.7ii",3720.3,"-",95.50,120,79.58
125,"PlentyChess 7.0.55",3720.0,"-",571.50,1079,52.97
126,"Raid 6.1",3718.9,"-",49.00,78,62.82
127,"Caissa 1.23.7",3718.4,"-",2.50,4,62.50
128,"Raid 2.5",3718.0,"-",47.00,66,71.21
129,"PlentyChess 7.0.2",3717.8,"-",156.00,290,53.79
130,"Obsidian 15.09",3717.7,"-",21128.00,37207,56.79
131,"PlentyChess 7.0.65",3717.5,"-",381.50,682,55.94
132,"Obsidian 16.0",3717.3,"-",117921.00,224426,52.54
133,"ShashChess 30",3717.3,"-",118.00,167,70.66
134,"Heimdall 1.5.0 -972da6",3716.8,"-",1.50,2,75.00
135,"PlentyChess 5.0.8",3716.8,"-",1.50,2,75.00
136,"Obsidian 16.01",3716.5,"-",131.00,220,59.55
137,"Quanticade Cronus-3.0-c41b3323",3716.5,"-",16.00,22,72.73
138,"Raid 2.75 Recon",3716.4,"-",170.50,249,68.47
139,"PlentyChess 7.0.23",3716.2,"-",147.50,277,53.25
140,"ShashChess 26.1",3715.1,"-",47.00,65,72.31
141,"ShashChess 23.1",3715.0,"-",37.50,51,73.53
142,"PlentyChess 8.0.0_JA",3715.0,"-",320.50,611,52.45
143,"PlentyChess 7.0.0",3714.7,"-",22712.50,41478,54.76
144,"PlentyChess 6.15",3714.1,"-",28644.50,50996,56.17
145,"ShashChess 35.1",3713.7,"-",31.50,40,78.75
146,"Fisherov Chess Monk 1.2",3713.7,"-",4010.00,6157,65.13
147,"Fat Fritz 2 2",3713.7,"-",10972.00,14889,73.69
148,"Swordfish 15.4",3713.5,"-",226.00,365,61.92
149,"Nebula vortex 1.0",3713.0,"-",189.50,269,70.45
150,"ShashChess 25.4",3712.3,"-",63.50,93,68.28
151,"Lc0 0.31-dag-dd64c7e",3712.3,"-",51.00,84,60.71
152,"Ceres 1.0_512x15_NLA",3711.6,"-",16.50,26,63.46
153,"ShashChess 35",3711.2,"-",73.00,97,75.26
154,"Obsidian 15.03 SE",3710.9,"-",111.00,143,77.62
155,"Raid 3.2",3710.9,"-",113.50,161,70.50
156,"ShashChess 15.1",3710.5,"-",4022.00,4759,84.51
157,"PlentyChess 7.0.15 SE",3710.1,"-",16.00,33,48.48
158,"ShashChess 29",3709.5,"-",38.50,46,83.70
159,"Crystal 6 PMT",3709.3,"-",355.00,625,56.80
160,"ShashChess 34.4",3709.2,"-",62.00,107,57.94
161,"ShashChess 29.1",3709.1,"-",110.00,163,67.48
162,"Fat Fritz 2 A",3709.0,"-",5.00,10,50.00
163,"ShashChess 27",3707.9,"-",75.50,103,73.30
164,"Viridithas 20.0",3707.3,"-",33128.50,64992,50.97
165,"Raid 2.73",3707.2,"-",105.00,154,68.18
166,"Stockfish 12",3707.2,"-",155857.50,206683,75.41
167,"Stockfish 14.0",3707.0,"-",4702.50,6494,72.41
168,"ShashChess 34.6",3706.7,"-",270.50,399,67.79
169,"PlentyChess 7.0.26",3706.1,"-",29.00,52,55.77
170,"PlentyChess 7.0.12",3705.6,"-",85.50,141,60.64
171,"PlentyChess 7.0.29",3705.3,"-",63.00,116,54.31
172,"PlentyChess 7.0.36.1 SE",3705.3,"-",98.00,178,55.06
173,"PlentyChess 7.0.41 SE",3705.3,"-",527.00,942,55.94
174,"Stockfish 17.0",3705.0,"-",8408.50,13774,61.05
175,"Obsidian 16.15 SE",3705.0,"-",2361.50,4415,53.49
176,"Ginkgo 5.21",3704.5,"-",16.50,27,61.11
177,"PlentyChess 5.0.14",3703.7,"-",15.50,22,70.45
178,"ShashChess 26",3703.5,"-",216.00,303,71.29
179,"Berserk 14_JA",3703.0,"-",107.00,202,52.97
180,"Ceres 2.30_C3-768-30-PRE8",3702.4,"-",11.50,28,41.07
181,"Stockfish 18.0",3702.3,"-",3607.50,5959,60.54
182,"Dragon 3.3 by Komodo Chess",3702.2,"-",141.50,285,49.65
183,"Obsidian 14.11",3701.5,"-",23077.00,41160,56.07
184,"ShashChess 34.3",3701.3,"-",211.50,330,64.09
185,"Obsidian 15.01 SE",3701.0,"-",129.00,216,59.72
186,"Dragon 2885.00",3700.9,"-",28.50,46,61.96
187,"ShashChess 27.2",3700.8,"-",120.50,161,74.84
188,"Halogen 16.1.0",3700.2,"-",24.50,44,55.68
189,"Halogen 15.31.7",3699.9,"-",33.00,54,61.11
190,"PlentyChess 6.0.18",3699.6,"-",608.00,1053,57.74
191,"PlentyChess 6.02",3698.7,"-",26174.00,47985,54.55
192,"PlentyChess 6.0",3698.4,"-",18339.00,32980,55.61
193,"PlentyChess 7.0.20",3698.1,"-",30.50,44,69.32
194,"Halogen 16.7.2",3697.8,"-",49.00,85,57.65
195,"Crystal 5 KWK",3697.6,"-",562.50,841,66.88
196,"Obsidian 15.0",3697.0,"-",32537.50,58883,55.26
197,"pawnocchio 2.0.1",3696.7,"-",3364.00,6200,54.26
198,"Swordfish 15.3a",3696.6,"-",116.00,162,71.60
199,"Alexandria 9.0.0",3696.5,"-",4730.50,8994,52.60
200,"Viridithas 20.0.0",3696.2,"-",3882.00,7421,52.31
201,"PlentyChess 7.0.33 SE",3695.7,"-",95.00,178,53.37
202,"Integral 7 8bab",3695.4,"-",192.50,334,57.63
203,"ShashChess 18.2",3695.4,"-",2049.00,2989,68.55
204,"Stockfish 15.0",3695.2,"-",6479.00,9849,65.78
205,"Obsidian 15.12",3694.8,"-",82.50,136,60.66
206,"Dragon 2978.00",3694.3,"-",52.50,86,61.05
207,"PlentyChess 6.0.26-TI",3693.9,"-",23.50,42,55.95
208,"Dragon 2671.00",3693.3,"-",70.50,120,58.75
209,"Halogen 14.16.1",3693.2,"-",118.00,187,63.10
210,"Zeus 11.0",3692.9,"-",4.50,10,45.00
211,"Crystal 7",3692.1,"-",85.00,151,56.29
212,"Halogen 16.7.12",3692.1,"-",239.50,444,53.94
213,"Swordfish 15.3",3691.9,"-",140.50,174,80.75
214,"Obsidian 15.22",3691.8,"-",142.00,220,64.55
215,"Obsidian 13.25 SE",3691.8,"-",228.50,383,59.66
216,"ShashChess 31",3691.3,"-",8.50,16,53.13
217,"PlentyChess 7.0.22",3691.3,"-",64.00,88,72.73
218,"Berserk 14",3691.2,"-",3259.00,6473,50.35
219,"Halogen 14.17.0",3691.1,"-",103.00,168,61.31
220,"Obsidian 14.07",3690.9,"-",225.50,381,59.19
221,"Swordfish 15.1",3690.9,"-",17.50,22,79.55
222,"Raid 4.0",3690.8,"-",109.50,170,64.41
223,"ShashChess Santiago",3690.6,"-",3405.00,6012,56.64
224,"Coda 0.9.2",3690.4,"-",1053.50,1979,53.23
225,"ShashChess 33",3690.3,"-",46.50,68,68.38
226,"Obsidian 15.21",3689.9,"-",71.00,127,55.91
227,"Cinder 0.5.2",3689.8,"-",634.50,1255,50.56
228,"ShashChess 26.2",3689.6,"-",253.00,377,67.11
229,"Raid 5.0",3689.2,"-",62.00,77,80.52
230,"Integral 7",3688.8,"-",113049.00,231445,48.84
231,"Obsidian 15.04 SE",3688.8,"-",576.00,1049,54.91
232,"Obsidian 16.15",3688.7,"-",15.00,30,50.00
233,"ShashChess 24",3688.1,"-",158.50,218,72.71
234,"PlentyChess 7.0.17",3688.0,"-",325.50,556,58.54
235,"Obsidian 14.0",3688.0,"-",42858.50,72503,59.11
236,"Obsidian 14.05",3687.3,"-",23.50,36,65.28
237,"Caissa 1.25_JA",3687.3,"-",225.50,451,50.00
238,"ShashChess 25",3686.3,"-",82.00,116,70.69
239,"Stockfish 16.0",3686.3,"-",6530.00,9660,67.60
240,"Dragon 2.5.1",3686.2,"-",25.50,41,62.20
241,"pawnocchio 1.9.2",3686.1,"-",23898.50,48479,49.30
242,"Cinder 0.5.0",3686.0,"-",993.50,1942,51.16
243,"Alexandria 9.0",3685.8,"-",53584.00,113146,47.36
244,"Heimdall 1.5.0 -4bd908",3685.6,"-",1.50,2,75.00
245,"Clover 8.1.5-560dc60f",3685.6,"-",5.50,10,55.00
246,"Integral 7.0.0 8bab",3685.3,"-",30.50,60,50.83
247,"PlentyChess 6.0.15",3685.1,"-",482.50,708,68.15
248,"Clover 8.1.10",3685.1,"-",15.00,22,68.18
249,"Obsidian 15.13",3684.4,"-",99.00,175,56.57
250,"Torch v3",3684.3,"-",5960.50,10518,56.67
251,"Coda 0.9.3",3684.0,"-",21394.00,46212,46.30
252,"Viridithas 19.0.1",3683.7,"-",5805.00,11115,52.23
253,"PlentyChess 6.0.5",3683.5,"-",575.50,992,58.01
254,"Tarnished 6.0-Eternal",3683.5,"-",1033.00,2052,50.34
255,"Obsidian 14.13 SE",3683.3,"-",294.00,409,71.88
256,"Obsidian 14.07 SE",3682.6,"-",349.00,561,62.21
257,"Stockfish 13.0",3682.5,"-",4506.50,6335,71.14
258,"Torch 4 1.01",3682.1,"-",42.50,59,72.03
259,"ShashChess 25.1",3682.0,"-",15.50,19,81.58
260,"Alexandria 8.1.2",3681.9,"-",3390.50,6303,53.79
261,"Torch v2",3681.9,"-",9383.00,15715,59.71
262,"ShashChess 31.1",3681.6,"-",100.50,140,71.79
263,"Ceres 1.0_C1-512-25",3680.8,"-",42.00,58,72.41
264,"Alexandria 8.1.0",3680.5,"-",1335.00,2561,52.13
265,"Stormphrax 7.0.23_85d1d51",3680.5,"-",25.00,44,56.82
266,"RubiChess 2026",3680.5,"-",24.00,48,50.00
267,"PlentyChess 5.0",3680.4,"-",28034.00,54974,51.00
268,"Obsidian 15.17",3680.2,"-",54.00,94,57.45
269,"Horsie 1.0.21",3680.0,"-",36.50,56,65.18
270,"Obsidian 14.05 SE",3679.7,"-",396.50,688,57.63
271,"Dragon 2970.00",3679.5,"-",40.00,64,62.50
272,"Torch v1",3679.3,"-",7984.00,13030,61.27
273,"Stormphrax 7.0.4_8905aa9",3679.3,"-",27.50,46,59.78
274,"Quanticade 3.0 Cronus",3678.8,"-",14.50,30,48.33
275,"Obsidian 16.14",3678.8,"-",171.50,280,61.25
276,"ShashChess 25.3",3678.7,"-",32.00,42,76.19
277,"Obsidian 13.27 SE",3678.6,"-",82.50,130,63.46
278,"PlentyChess 6.0.2",3678.4,"-",1421.50,2327,61.09
279,"Berserk 13",3678.2,"-",227135.50,439063,51.73
280,"Lc0 0.27.0d-Tilps-dje-magic",3678.1,"-",55.00,118,46.61
281,"Ethereal 13.96_TBI",3677.8,"-",8.50,18,47.22
282,"Raphael 4.2",3677.5,"-",832.50,1724,48.29
283,"Caissa 1.21.1",3677.1,"-",23.00,36,63.89
284,"Halogen 15.5.3",3677.0,"-",27.50,47,58.51
285,"Ethereal 13.34-A18F",3676.5,"-",16.50,34,48.53
286,"Stormphrax 8.0.0",3676.5,"-",32512.00,69241,46.95
287,"rofChade 3.204",3676.5,"-",9.00,16,56.25
288,"Halogen 16.7.13",3676.2,"-",49.00,102,48.04
289,"Clover 9.1_JA",3676.2,"-",213.00,443,48.08
290,"Halogen 16.5.0",3676.2,"-",462.00,897,51.51
291,"Obsidian 14.24 SE",3676.0,"-",247.50,428,57.83
292,"Stormphrax 7.0.39_765e81d",3675.9,"-",11.50,22,52.27
293,"Stormphrax 7.0.23_8ee9a4b",3675.0,"-",14.00,26,53.85
294,"Halogen 16",3674.9,"-",1718.00,3344,51.38
295,"Astra 7.0",3674.8,"-",2948.00,5834,50.53
296,"ShashChess 27.1",3674.6,"-",47.00,72,65.28
297,"Triumviratus 5.1",3674.4,"-",127.00,224,56.70
298,"Dragon 3.2",3674.2,"-",71108.50,131611,54.03
299,"Ethereal 13.96",3673.9,"-",4.00,6,66.67
300,"Obsidian 14.23 SE",3673.8,"-",404.50,720,56.18
301,"Halogen 16.2.0",3673.0,"-",97.00,171,56.73
302,"Dragon by Komodo 3",3672.9,"-",4704.00,7206,65.28
303,"ShashChess 22",3672.9,"-",893.50,1305,68.47
304,"Alexandria 8.1.12",3672.7,"-",32696.50,71249,45.89
305,"Dragon 2894.00",3672.5,"-",45.00,106,42.45
306,"Dragon 3.1",3671.9,"-",31696.00,58728,53.97
307,"Obsidian 13.08",3671.2,"-",30799.50,54973,56.03
308,"Halogen 15.33.3",3670.7,"-",66.50,104,63.94
309,"PlentyChess 5.0.21",3670.5,"-",59.50,111,53.60
310,"PlentyChess 6.0.0",3670.5,"-",4367.00,8132,53.70
311,"Alexandria 8.1",3670.2,"-",30542.00,63341,48.22
312,"Dragon by Komodo 3.1",3670.0,"-",4217.50,6654,63.38
313,"Triumviratus 5",3670.0,"-",20555.00,46318,44.38
314,"Dragon by Komodo 2.6",3669.9,"-",3933.50,6000,65.56
315,"pawnocchio 1.9.1",3669.6,"-",1776.00,3480,51.03
316,"Ceres 2.09_C1-640-34",3669.6,"-",15.00,27,55.56
317,"Dragon by Komodo Chess 3.2",3669.5,"-",1629.50,2688,60.62
318,"Quanticade Cronus-3.0-1f2f8007",3669.4,"-",17.50,28,62.50
319,"ShashChess 26.0",3667.8,"-",1429.50,2193,65.18
320,"Dragon by Komodo 3.3 TM128",3667.8,"-",2713.50,4650,58.35
321,"Berserk 14.0",3667.7,"-",40581.00,86714,46.80
322,"Dragon by Komodo 2.5",3667.6,"-",3879.50,5719,67.84
323,"PlentyChess 6.0.14",3667.4,"-",24.50,52,47.12
324,"Halogen 16.4.0",3667.0,"-",472.50,917,51.53
325,"Dragon 2814.00",3666.9,"-",59.50,78,76.28
326,"RubiChess 2025",3666.1,"-",186.00,400,46.50
327,"Integral 7.0.0",3666.0,"-",8864.00,16913,52.41
328,"Alexandria 8.0.0",3665.8,"-",9045.00,16395,55.17
329,"PlentyChess 5.0.0",3665.6,"-",7023.00,12573,55.86
330,"Tarnished 5.0-Hero",3665.1,"-",1510.50,2946,51.27
331,"Dragon 3",3665.1,"-",27434.00,50931,53.87
332,"ShashChess GZ",3664.9,"-",2280.50,3513,64.92
333,"Hobbes 3.0",3664.9,"-",23288.50,52312,44.52
334,"Quanticade Cronus 3.0",3664.2,"-",3728.00,7545,49.41
335,"Quanticade Phoenix 4.0",3664.1,"-",385.50,747,51.61
336,"Alexandria 8.0",3664.1,"-",47112.50,96969,48.59
337,"Obsidian 14.01 SE",3663.5,"-",393.50,696,56.54
338,"PlentyChess 4.0.1",3662.9,"-",6252.50,11346,55.11
339,"PlentyChess 6.0.10",3662.7,"-",19.00,34,55.88
340,"Dragon by Komodo Chess 3.1",3662.4,"-",837.00,1349,62.05
341,"Dragon 2.6",3662.2,"-",34084.50,67514,50.49
342,"Halogen 16.0.0",3662.1,"-",3891.00,7259,53.60
343,"Integral v7.0.0",3662.1,"-",5.50,8,68.75
344,"Berserk 12",3661.8,"-",55112.00,97062,56.78
345,"Lc0 0.32.0",3661.6,"-",304.00,542,56.09
346,"ShashChess 20.2",3661.5,"-",690.50,1018,67.83
347,"Caissa 1.21.7",3661.5,"-",631.50,1204,52.45
348,"Crystal 4.1",3661.3,"-",108.00,128,84.38
349,"Obsidian 14.18 SE",3661.3,"-",69.00,119,57.98
350,"Caissa 1.22.1",3661.1,"-",578.00,1106,52.26
351,"Halogen 15.21.0",3661.0,"-",77.00,108,71.30
352,"ShashChess 21.1",3660.9,"-",1363.00,2061,66.13
353,"Halogen 16.3.1",3660.7,"-",106.50,216,49.31
354,"Lc0 v0.26.3 _T60.SV",3660.2,"-",48.00,105,45.71
355,"Caissa 1.21.8",3659.9,"-",46.00,96,47.92
356,"Stormphrax 6.0.20-b82c977",3659.9,"-",46.00,96,47.92
357,"Viridithas 19.0",3659.6,"-",35576.00,82914,42.91
358,"PlentyChess 4.0.0",3659.5,"-",1998.00,3638,54.92
359,"Obsidian 14.20 SE",3659.5,"-",109.50,162,67.59
360,"PlentyChess 4.0",3659.4,"-",23876.00,49979,47.77
361,"Coda 0.9.0",3659.3,"-",16361.50,37312,43.85
362,"Dragon 2781.00",3659.1,"-",21.50,39,55.13
363,"Halogen 16.4.6",3659.0,"-",134.00,293,45.73
364,"Dragon 3.3",3658.7,"-",228881.00,455425,50.26
365,"Obsidian 12.29",3658.6,"-",28380.50,50907,55.75
366,"Berserk 13.0",3658.5,"-",7401.00,13185,56.13
367,"Obsidian 14.06",3658.4,"-",28.00,54,51.85
368,"Stormphrax 6.0.41_fa4d2d7",3658.4,"-",13.00,24,54.17
369,"Caissa 1.25.1",3658.4,"-",6.50,14,46.43
370,"Ethereal 14.15-frc",3658.2,"-",17.50,32,54.69
371,"Viridithas 20",3657.8,"-",13.50,30,45.00
372,"PlentyChess 5.0.19",3657.7,"-",15.50,27,57.41
373,"Dragon by Komodo 3.3",3657.6,"-",18710.00,34037,54.97
374,"Stockfish 1G",3657.4,"-",618.50,933,66.29
375,"Integral 6.1.6",3656.5,"-",18.00,28,64.29
376,"BrainFish 11",3656.3,"-",4059.00,4975,81.59
377,"Dragon 2.5",3656.2,"-",35254.00,66147,53.30
378,"Cinder 0.5.1",3656.1,"-",19302.00,43693,44.18
379,"Tarnished v6.0",3656.0,"-",69.50,129,53.88
380,"Ceres 1.0_768x15_NLA",3655.6,"-",27.50,57,48.25
381,"Obsidian 14.14 SE",3655.0,"-",95.50,180,53.06
382,"Integral v7",3654.5,"-",4182.00,8150,51.31
383,"Obsidian 13.0",3654.5,"-",32732.00,60412,54.18
384,"Cinder 0.4.0",3654.2,"-",96.50,151,63.91
385,"Ethereal 13.76-e1375.fischer",3654.2,"-",21.00,34,61.76
386,"Halogen 15.8.0",3653.9,"-",137.50,258,53.29
387,"PZChessBot 7.1",3653.3,"-",1189.50,2378,50.02
388,"Viridithas 18.0.0",3653.3,"-",5458.00,10669,51.16
389,"Lc0 0.31.1",3653.1,"-",118.50,208,56.97
390,"Stormphrax 7.0.14_fb94b17",3652.7,"-",18.50,34,54.41
391,"Fat Fritz 2 2.0",3652.3,"-",39186.50,56243,69.67
392,"Allie 0",3651.1,"-",25.50,49,52.04
393,"Halogen 15.26.0",3651.0,"-",72.00,106,67.92
394,"Berserk 12.1",3651.0,"-",1731.00,2748,62.99
395,"Dragon by Komodo 3.2",3650.9,"-",10618.50,17628,60.24
396,"Stormphrax 7.0.0",3650.7,"-",7769.50,15167,51.23
397,"Fat Fritz 2",3650.6,"-",1433.50,2406,59.58
398,"Triumviratus 4.1",3649.8,"-",39.50,78,50.64
399,"Dragon 3.0",3649.4,"-",5612.00,8666,64.76
400,"Raphael 4.1.1_JA",3648.6,"-",310.50,659,47.12
401,"Triumviratus 5.0",3648.0,"-",850.50,1565,54.35
402,"Integral 6",3647.5,"-",2769.50,5012,55.26
403,"PZChessBot v7.1",3647.4,"-",33.50,62,54.03
404,"Ceres 2.095_C1-640-34",3646.6,"-",15.00,24,62.50
405,"Halogen 15.4.2",3646.6,"-",126.00,237,53.16
406,"Integral v7_ja_aarch64",3646.5,"-",9.50,12,79.17
407,"Halogen 16.4.3",3646.0,"-",83.00,147,56.46
408,"Lc0 0.31.0",3645.6,"-",312.00,547,57.04
409,"Caissa 1.24.15",3645.1,"-",21.00,44,47.73
410,"Raphael 4.2.0",3644.9,"-",17651.50,41668,42.36
411,"Alexandria 7.0.14",3644.7,"-",461.00,927,49.73
412,"Lc0 0.26.3",3644.5,"-",94075.00,134677,69.85
413,"Alexandria 7.1.0",3644.3,"-",9397.50,17410,53.98
414,"Renegade 1.3.1",3643.5,"-",348.00,722,48.20
415,"Lc0 0.31.2",3642.4,"-",307.50,558,55.11
416,"Stormphrax 5.0.20_0f8af3f",3642.3,"-",12.00,20,60.00
417,"Obsidian 12.0",3642.2,"-",30331.00,56908,53.30
418,"Horsie 1.0.6",3641.8,"-",962.00,1843,52.20
419,"Horsie 1.1.0",3641.3,"-",4450.50,8948,49.74
420,"Raphael 4.1.0",3641.1,"-",16138.00,37985,42.49
421,"Caissa 1.21",3640.9,"-",53263.50,111576,47.74
422,"Alexandria 7.1",3640.3,"-",38155.50,78564,48.57
423,"Quanticade 3.0",3640.2,"-",82181.00,193592,42.45
424,"Caissa 1.25",3639.3,"-",33640.50,79459,42.34
425,"Fritz 21",3638.7,"-",4199.00,8465,49.60
426,"ShashChess 19.3",3638.6,"-",1253.00,1909,65.64
427,"Caissa 1.24",3637.9,"-",31958.50,77534,41.22
428,"PlentyChess 3.0.0",3637.2,"-",3633.50,6407,56.71
429,"Astra 6.1.1",3636.7,"-",2279.00,4099,55.60
430,"Lc0 0.30.0",3636.6,"-",513.00,824,62.26
431,"Halogen 15.12.0",3636.3,"-",208.00,457,45.51
432,"Integral 7.0",3636.2,"-",35168.50,78929,44.56
433,"Berserk 12.0",3636.0,"-",3907.50,6607,59.14
434,"Lc0 BT4",3635.3,"-",121.00,219,55.25
435,"Caissa 1.23",3635.3,"-",31748.50,74394,42.68
436,"Ginkgo 5.40",3635.2,"-",3311.00,6416,51.61
437,"Halogen 16.5",3635.2,"-",22784.00,53962,42.22
438,"PZChessBot v7.0",3634.7,"-",175.00,399,43.86
439,"Clover 9.1",3634.6,"-",53831.50,135038,39.86
440,"Caissa 1.22.9",3634.4,"-",17.50,34,51.47
441,"Caissa 1.22",3634.3,"-",42938.00,93053,46.14
442,"Halogen 15.17.1",3634.2,"-",108.00,157,68.79
443,"Lc0 0.31 dist-swa",3634.1,"-",1508.00,2897,52.05
444,"Heimdall 1.5.0 -cc390b",3633.9,"-",8.50,16,53.13
445,"Halogen 15.23.0",3633.8,"-",96.50,178,54.21
446,"PZChessBot 7.0",3633.5,"-",1884.50,3728,50.55
447,"Halogen 15.30.1",3633.4,"-",138.50,260,53.27
448,"Alexandria 7.1.8",3633.4,"-",61.00,97,62.89
449,"Berserk 11.1",3633.3,"-",45008.00,80653,55.80
450,"Lc0 v0.26.3",3633.3,"-",22.00,34,64.71
451,"Hobbes 2.1",3633.1,"-",19222.00,44404,43.29
452,"Halogen 15",3632.4,"-",1013.00,2004,50.55
453,"Obsidian 13.25",3632.4,"-",2.50,4,62.50
454,"Caissa 1.21.14",3632.4,"-",6.50,12,54.17
455,"Ceres 1.07_C1-640-34",3632.3,"-",41.00,80,51.25
456,"Lizard 11.2",3632.3,"-",7067.00,13512,52.30
457,"Motor 0.9.0",3632.2,"-",5788.00,11648,49.69
458,"Reckless 0.7.0",3631.7,"-",51967.00,109835,47.31
459,"Dragon 2.6.1",3631.3,"-",76.00,122,62.30
460,"Clover 8.2.5",3631.3,"-",924.00,1726,53.53
461,"Tarnished 6.0",3631.0,"-",19768.00,47332,41.76
462,"PlentyChess 3.0.1",3630.8,"-",5195.00,9862,52.68
463,"Hobbes 1.0",3630.0,"-",1187.00,2383,49.81
464,"PlentyChess 3.0",3629.7,"-",19998.00,42970,46.54
465,"Stormphrax 7.0.53_8cb5eb0",3629.6,"-",22.50,48,46.88
466,"Caissa 1.20",3629.4,"-",41369.00,81530,50.74
467,"ShashChess 15.0",3629.4,"-",2357.50,3444,68.45
468,"Renegade 1.3.0",3629.3,"-",2433.50,4896,49.70
469,"Dragon by Komodo Chess 2.5",3629.2,"-",11375.50,18625,61.08
470,"Clover 9.0",3629.1,"-",20965.50,46426,45.16
471,"Lc0 v0.26.3_T60.SV",3628.9,"-",137.00,243,56.38
472,"Caissa 1.17.10",3628.8,"-",24.00,40,60.00
473,"PlentyChess 2.1",3628.7,"-",45296.50,89958,50.35
474,"PlentyChess 2.1.0",3628.7,"-",3434.00,6424,53.46
475,"Lc0 0.27.0 J94-100",3628.6,"-",1079.50,1595,67.68
476,"Lc0 v0.26.0-sv",3628.6,"-",17.00,30,56.67
477,"Arasan 253_ja_aarch64",3628.5,"-",8.00,10,80.00
478,"pawnocchio 1.8.1",3628.0,"-",2620.50,4787,54.74
479,"Viridithas 18.0",3627.9,"-",31369.50,77946,40.25
480,"ShashChess 23",3627.6,"-",79.50,104,76.44
481,"PlentyChess 7.0.19 SE",3627.6,"-",13.50,19,71.05
482,"Caissa 1.19",3626.8,"-",26323.00,52193,50.43
483,"Spaghet BologNNese_1.1.3-0c3b1a88",3626.6,"-",32.00,54,59.26
484,"Caissa 1.18.7",3626.4,"-",35.50,68,52.21
485,"Halogen 16.0",3626.1,"-",26136.50,67515,38.71
486,"Starzix 6.1",3625.9,"-",920.50,1828,50.36
487,"Tarnished 5.0",3625.3,"-",26140.00,67778,38.57
488,"Stockfish 12.0",3625.3,"-",5488.50,8004,68.57
489,"Ethereal 14.40",3625.1,"-",120.00,255,47.06
490,"Caissa 1.24.10",3624.9,"-",6.00,13,46.15
491,"Integral v6",3624.4,"-",2708.00,5193,52.15
492,"Caissa 1.18",3623.6,"-",39222.50,76456,51.30
493,"Stormphrax 7.0.24_639efd5",3623.0,"-",2.00,4,50.00
494,"PlentyChess 5.0.12",3623.0,"-",6.00,12,50.00
495,"Chess System Tal 2.06 E1019",3622.8,"-",79.50,164,48.48
496,"Alexandria 7.0.0",3622.6,"-",9671.50,17992,53.75
497,"Halogen 15.0.0",3622.5,"-",1260.50,2350,53.64
498,"Raphael 4.0",3622.0,"-",1993.50,3934,50.67
499,"Viridithas 16.0.0",3621.6,"-",5288.00,10486,50.43
500,"Caissa 1.21.2",3621.2,"-",54.50,114,47.81
501,"pawnocchio 1.9",3620.7,"-",25166.00,67806,37.11
502,"Halogen 14.18.0",3620.1,"-",44.50,87,51.15
503,"Berserk 11",3620.1,"-",17940.00,39760,45.12
504,"Astra 6.0",3620.0,"-",2138.00,4160,51.39
505,"Ethereal 13.43-TCEC-FRC4",3619.9,"-",51.00,70,72.86
506,"Clover 8.2.1",3619.7,"-",934.00,1669,55.96
507,"PlentyChess 2.0.0",3619.6,"-",7931.00,14792,53.62
508,"Dragon Komodo 3",3619.3,"-",238.00,397,59.95
509,"Ceres 1.01TensorRT C1-512-15",3619.3,"-",624.50,1196,52.22
510,"Lc0 0.29rc0",3619.1,"-",773.00,1494,51.74
511,"Ethereal 14.38",3618.9,"-",96488.00,209900,45.97
512,"Lc0 0.27.0-pr1509",3617.4,"-",29.50,50,59.00
513,"Dragon by Komodo",3617.4,"-",5337.50,7722,69.12
514,"Renegade 1.30",3617.4,"-",33.00,53,62.26
515,"Dragon Komodo 2.51",3617.3,"-",226.00,357,63.31
516,"Raphael 4.1.1",3617.3,"-",8448.50,19708,42.87
517,"Viridithas 17.0.0",3617.3,"-",25008.00,56843,43.99
518,"Ginkgo 5.30",3617.2,"-",23.00,46,50.00
519,"Dragon by Komodo 2",3617.2,"-",4065.50,5978,68.01
520,"Dragon 1.0",3616.8,"-",34959.00,58176,60.09
521,"Horsie 1.1.3",3616.7,"-",57.00,104,54.81
522,"Dragon 2679.08",3616.5,"-",13.50,19,71.05
523,"Cinder 0.4.1",3616.4,"-",3758.00,7697,48.82
524,"Ethereal 13.76-522ac.fischer",3616.4,"-",11.50,18,63.89
525,"Caissa 1.20.1",3616.3,"-",12.00,22,54.55
526,"Halogen 14.0",3616.3,"-",560.50,1098,51.05
527,"Dragon by Komodo Chess 2.6",3616.3,"-",5990.50,10401,57.60
528,"Lc0 0.28.0CUDNN",3615.9,"-",103.50,200,51.75
529,"Integral 5",3615.7,"-",4008.00,7591,52.80
530,"Integral v5",3615.6,"-",2887.50,5519,52.32
531,"Spaghet BologNNese_1.1-4639b879",3615.5,"-",1.50,2,75.00
532,"Quanticade Cronus-3.0-4b754e36",3614.3,"-",19.50,36,54.17
533,"Stormphrax 7.0",3613.9,"-",45631.00,116877,39.04
534,"Lc0 0.26.3 J92-330",3613.3,"-",1770.00,2996,59.08
535,"Ethereal 14.25",3613.2,"-",79121.00,157433,50.26
536,"Dragon by Komodo Chess 3",3612.6,"-",4623.00,8341,55.43
537,"Clover 8.1.16",3612.5,"-",358.00,751,47.67
538,"Ethereal 14.06",3612.4,"-",22.00,44,50.00
539,"Tcheran v13.0",3612.1,"-",47.50,116,40.95
540,"Dragon 2.0",3611.9,"-",38322.00,69584,55.07
541,"Halogen 13.10.0",3611.7,"-",203.00,346,58.67
542,"Ethereal 13.81",3611.4,"-",1.50,4,37.50
543,"rofChade 3.110",3611.3,"-",11.50,20,57.50
544,"Viridithas 15.0.0",3611.1,"-",7199.00,14476,49.73
545,"PlentyChess 2.0",3610.8,"-",19812.50,40988,48.34
546,"Caissa 1.17",3610.8,"-",28048.00,57544,48.74
547,"Motor 0.8.0",3610.6,"-",5923.50,11544,51.31
548,"Tcheran 13.0",3610.6,"-",508.00,969,52.43
549,"PlentyChess 1.0.0",3610.4,"-",6545.50,12123,53.99
550,"Raphael 4.0.0",3610.1,"-",113.00,235,48.09
551,"Halogen 15.28.0",3610.0,"-",61.50,126,48.81
552,"Dragon 2975.00",3609.6,"-",61.50,104,59.13
553,"Heimdall 1.5.0",3609.5,"-",1933.00,4218,45.83
554,"Clover 8.0.1",3609.5,"-",602.50,1233,48.86
555,"Lc0 0.29.0",3609.3,"-",2899.00,5428,53.41
556,"Viridithas 17.0",3608.9,"-",29118.50,68937,42.24
557,"Quanticade Orion 2.0",3608.6,"-",2326.00,4634,50.19
558,"Raphael 3.3",3607.8,"-",1847.50,3659,50.49
559,"Horsie 1.0.7",3607.7,"-",14.50,24,60.42
560,"Koivisto 8.6",3607.3,"-",21.50,38,56.58
561,"Alexandria 7.0",3607.2,"-",46864.00,99354,47.17
562,"Halogen 14",3606.8,"-",1429.50,2817,50.75
563,"Halogen 15.24.0",3606.1,"-",79.00,147,53.74
564,"Clover 8.0.2",3605.9,"-",863.50,1888,45.74
565,"Dragon 2929.00",3605.3,"-",31.50,50,63.00
566,"Caissa 1.16",3604.9,"-",21020.50,41314,50.88
567,"Chess System Tal 2.07 E1019",3603.9,"-",217.50,451,48.23
568,"Devre 6.39",3603.4,"-",823.00,1603,51.34
569,"Horsie 1.1",3602.9,"-",52978.50,135190,39.19
570,"Lizard 11.0.0",3602.3,"-",456.50,924,49.40
571,"Ethereal 14.25-frc",3602.3,"-",39.00,76,51.32
572,"Integral 6.0",3601.4,"-",19323.50,46969,41.14
573,"Raphael 3.3.0",3601.2,"-",612.50,1147,53.40
574,"SlowChessBlitz 2.82",3601.1,"-",50.00,68,73.53
575,"Horsie 1.1.2",3600.9,"-",38.50,82,46.95
576,"Obsidian 11.0",3600.8,"-",24893.00,52134,47.75
577,"Igel 3.6.5",3600.2,"-",8.00,16,50.00
578,"Ethereal 13.63-5DCD",3599.9,"-",5.00,7,71.43
579,"Lc0 v0.24-sv",3599.6,"-",69.00,128,53.91
580,"Ethereal 14.28",3599.4,"-",14.50,26,55.77
581,"pawnocchio 1.7.1",3599.3,"-",649.00,1299,49.96
582,"Alexandria 6.1",3599.2,"-",915.50,1597,57.33
583,"Horsie 1.0",3598.9,"-",30874.50,77352,39.91
584,"Booot 7.4",3597.8,"-",9552.50,18284,52.25
585,"Triumviratus 4.2",3597.8,"-",745.00,1493,49.90
586,"Obsidian 10.0",3596.9,"-",25330.50,51934,48.77
587,"Lc0 v0.26.2 _J92-100",3596.6,"-",22.50,37,60.81
588,"Cinder 0.3.1",3596.3,"-",2713.50,5334,50.87
589,"Lc0 0.28.2",3596.2,"-",4869.50,7860,61.95
590,"Ethereal 14.24",3595.4,"-",31.50,64,49.22
591,"Starzix 6.0",3595.3,"-",58991.50,139591,42.26
592,"Tucano 12.04",3595.2,"-",3.00,4,75.00
593,"Igel 3.5.1-496",3594.7,"-",12.00,22,54.55
594,"rofChade 3.028",3594.7,"-",6.00,12,50.00
595,"rofChade 3.211D",3594.5,"-",9.50,18,52.78
596,"Quanticade Fenrir 1.0",3594.3,"-",2773.00,5611,49.42
597,"Stockfish 11",3594.0,"-",122086.50,164325,74.30
598,"Igel 3.5.4",3593.9,"-",27.50,51,53.92
599,"Ginkgo 4.31",3593.6,"-",12.00,20,60.00
600,"Clover 7.1.10",3593.3,"-",2.50,4,62.50
601,"Heimdall 1.5.0 -5644e7",3593.3,"-",2.50,4,62.50
602,"Tucano 12.07",3593.3,"-",6.50,12,54.17
603,"Berserk 10.0",3593.3,"-",3336.50,5755,57.98
604,"Clover 8.0",3593.3,"-",36476.00,80619,45.24
605,"Lc0 0.27.0",3593.0,"-",36135.00,55909,64.63
606,"Ethereal 14.40-frc",3592.6,"-",66.00,140,47.14
607,"Viridithas 15.0",3592.5,"-",31898.50,72955,43.72
608,"rofChade 3.033",3591.9,"-",21.00,34,61.76
609,"Dragon by Komodo Chess 2.0",3591.3,"-",16959.00,26175,64.79
610,"Renegade 1.2.0",3591.3,"-",6371.50,12745,49.99
611,"Igel 3.6.3",3591.1,"-",454.50,913,49.78
612,"Motor 0.7.0",3590.8,"-",4717.00,9340,50.50
613,"Lc0 0.27.0c",3590.7,"-",153.50,300,51.17
614,"Viridithas 16.0",3590.5,"-",18567.50,48949,37.93
615,"ShashChess 41.2",3589.7,"-",10.50,12,87.50
616,"Uralochka 3.42a",3589.7,"-",14689.50,37044,39.65
617,"Ethereal 14.35",3589.6,"-",18.00,42,42.86
618,"Koivisto 8.10",3589.1,"-",19.50,28,69.64
619,"Viridithas 14.0.0",3589.0,"-",412.50,743,55.52
620,"Stockfish 300M",3588.6,"-",420.00,1020,41.18
621,"Integral 5.0",3588.6,"-",20029.50,45971,43.57
622,"Rebel 16.5",3588.5,"-",1558.00,3421,45.54
623,"Heimdall 1.4.3",3588.4,"-",916.00,1908,48.01
624,"Heimdall 1.5.0 -8a8b88",3588.4,"-",7.50,16,46.88
625,"Arasan 027bb9e",3588.3,"-",3.00,6,50.00
626,"Clover 6.1.19",3588.3,"-",767.50,1331,57.66
627,"Komodo 1142",3588.2,"-",25.00,48,52.08
628,"Arasan 26.0",3588.1,"-",355.50,802,44.33
629,"Arasan 25.2",3588.1,"-",2915.50,5795,50.31
630,"Fire 8.MC.3",3588.0,"-",1092.00,1798,60.73
631,"Cinder 0.3.1-8201c1e2",3587.8,"-",8.50,16,53.13
632,"Clover 6.1.2.4",3587.6,"-",328.00,605,54.21
633,"Titan 1.1.0",3587.4,"-",10067.00,20738,48.54
634,"Rebel 16.3a",3586.8,"-",175.00,363,48.21
635,"Devre 6.36",3586.6,"-",36.50,60,60.83
636,"Ginkgo 5.60",3586.3,"-",18.00,36,50.00
637,"Ethereal 14.00",3586.3,"-",48757.50,104182,46.80
638,"Sjeng 3.6 a86",3585.8,"-",552.00,1061,52.03
639,"Clover 8.1",3585.7,"-",37083.50,97127,38.18
640,"Caissa 125_ja_aarch64",3585.7,"-",7.00,10,70.00
641,"Astra 5.1",3585.5,"-",904.50,1758,51.45
642,"Caissa 1.14.1",3585.4,"-",3417.50,6497,52.60
643,"Uralochka 3.41aNN",3585.1,"-",2520.00,4791,52.60
644,"Tarnished 4.0 Consort",3585.0,"-",601.50,1179,51.02
645,"Caissa 1.15",3584.8,"-",21409.00,44175,48.46
646,"Viridithas 14.0.1",3584.6,"-",5324.50,10816,49.23
647,"Clover 8.2",3584.4,"-",17316.00,46200,37.48
648,"Tarnished 4.0-Consort",3584.3,"-",846.50,1746,48.48
649,"Titan 1.0.0",3583.9,"-",4599.00,8661,53.10
650,"Motor 0.90",3583.7,"-",15536.00,38979,39.86
651,"Arasan 25.4",3583.6,"-",2646.00,5881,44.99
652,"Ginkgo 4.33",3583.4,"-",22.50,41,54.88
653,"Clover 8.1.17",3583.1,"-",3.00,6,50.00
654,"Lc0 0.27.0-pr1540ish",3582.5,"-",12.00,18,66.67
655,"Chess System Tal 2.00",3582.3,"-",15020.00,30115,49.88
656,"Equisetum s_4.0.6c _variegatum.a",3582.3,"-",13.50,20,67.50
657,"Chess System-Tal-2",3582.2,"-",3599.00,6907,52.11
658,"Lc0 v0.21.1-nT40",3582.0,"-",122.50,198,61.87
659,"PlentyChess 1.0",3582.0,"-",26881.50,59963,44.83
660,"Ethereal 13.89",3581.9,"-",39.00,84,46.43
661,"Prune 4.0.1",3581.9,"-",1746.00,3765,46.37
662,"Dragon Komodo 3.3",3581.7,"-",145.50,240,60.63
663,"Seer cc6f5c83",3581.5,"-",46.00,96,47.92
664,"Renegade 1.2.18",3581.2,"-",4.00,8,50.00
665,"Pseudo 1.1",3581.0,"-",741.00,1510,49.07
666,"Chess System Tal 2.00 Elo",3581.0,"-",7749.50,15691,49.39
667,"Uralochka 3",3580.9,"-",2695.00,5074,53.11
668,"rofChade 3.205",3580.6,"-",37.50,84,44.64
669,"Dragon by Komodo Chess 1.0",3580.6,"-",22682.50,33441,67.83
670,"rofChade 3.210",3580.3,"-",26.50,57,46.49
671,"rofChade 3.105",3580.3,"-",33.50,64,52.34
672,"Clover 7.1",3579.8,"-",19781.50,43564,45.41
673,"Halogen 15.33.0",3579.8,"-",35.50,57,62.28
674,"Ethereal 13.96-2bb01.fischer",3579.7,"-",10.50,22,47.73
675,"Ginkgo 5.66",3579.7,"-",19.00,46,41.30
676,"Astra 5.2",3579.4,"-",1992.00,3897,51.12
677,"akimbo 1.1.0",3579.4,"-",507.50,935,54.28
678,"Clover 8.1.12",3579.2,"-",10.50,20,52.50
679,"Caissa 1.11.8",3578.6,"-",25.00,38,65.79
680,"Caissa 1.17.5",3578.4,"-",17.00,32,53.13
681,"Gaia 4.1.3",3578.1,"-",3540.50,7008,50.52
682,"Stormphrax 6.0.0",3577.7,"-",23570.00,53401,44.14
683,"PZChessBot 6.1",3577.6,"-",987.50,1933,51.09
684,"Arasan 25.3",3577.5,"-",3928.50,8203,47.89
685,"StockFiNN 0.5",3577.5,"-",1761.50,3320,53.06
686,"Berserk 10",3577.4,"-",15634.00,36638,42.67
687,"Rebel 2.0",3577.3,"-",20290.00,37316,54.37
688,"Renegade 1.2.41",3577.2,"-",6.00,14,42.86
689,"Igel 3.6.0",3577.1,"-",8459.50,17659,47.90
690,"Lc0 v0.22.0-nT40B.4-160",3576.8,"-",16.50,28,58.93
691,"Lc0 0.24.1",3576.7,"-",15186.00,21644,70.16
692,"Igel 3.5.7",3576.6,"-",4.00,8,50.00
693,"Koivisto 8.16",3576.3,"-",823.50,1413,58.28
694,"Tcheran 12.0",3575.7,"-",2594.00,5358,48.41
695,"Halogen 15.0",3575.7,"-",11459.50,31256,36.66
696,"Tarnished 4.0",3575.6,"-",1348.00,2628,51.29
697,"Clover 6.1.24",3575.5,"-",139.50,285,48.95
698,"Berserk 9.0",3574.9,"-",3157.50,5517,57.23
699,"Starzix 2a1577fb",3574.7,"-",34.00,70,48.57
700,"Velvet 8.1.1",3574.5,"-",5422.00,11022,49.19
701,"rofChade 3.008",3574.4,"-",7.50,20,37.50
702,"RubiChess 2.2",3574.1,"-",333143.50,751318,44.34
703,"Berserk 9",3573.7,"-",13823.00,32969,41.93
704,"Heimdall 1.5.0 -8cc9e2",3573.4,"-",14.00,28,50.00
705,"Renegade 1.2.25",3573.4,"-",14.00,28,50.00
706,"Lizard 11.1",3573.2,"-",21279.00,52284,40.70
707,"Rebel EAS 2.0",3573.2,"-",1258.50,2545,49.45
708,"Arasan 26",3572.9,"-",15.00,30,50.00
709,"Stockfish 10",3572.7,"-",178640.50,233921,76.37
710,"Ethereal 14.16",3572.3,"-",10.50,20,52.50
711,"Koivisto 8.13",3572.1,"-",15379.50,40191,38.27
712,"Fritz 20",3572.0,"-",17335.50,42683,40.61
713,"Spaghet BologNNese 1.0",3571.8,"-",2421.50,4808,50.36
714,"Ethereal 14.18",3571.5,"-",15.00,36,41.67
715,"Arasan 25.1",3571.0,"-",4676.00,9733,48.04
716,"Dragon 2647.00",3570.7,"-",20.50,36,56.94
717,"PlentyChess 4.0.4-0065rn",3570.7,"-",12.50,24,52.08
718,"Caissa 1.14",3570.3,"-",16824.50,36979,45.50
719,"Velvet 7.2.0",3570.3,"-",30.00,54,55.56
720,"Dragon free",3570.0,"-",889.00,1541,57.69
721,"Lc0 v0.25.1-sv",3569.7,"-",22.50,38,59.21
722,"Koivisto 8.17",3569.6,"-",65.00,93,69.89
723,"Halogen 14.0.0",3569.6,"-",179.00,375,47.73
724,"Ginkgo Santiago 1.0",3569.4,"-",8077.00,16967,47.60
725,"Alexandria 6.0.0",3568.6,"-",4517.00,9239,48.89
726,"Clover 7.0",3568.3,"-",17451.00,41993,41.56
727,"Alexandria 6.1.0",3568.2,"-",27796.50,62606,44.40
728,"pawnocchio 1.8",3568.2,"-",11838.00,31477,37.61
729,"Koivisto 9.0",3568.0,"-",17102.50,33803,50.59
730,"Heimdall 1.4.0 -c256cd",3567.9,"-",9.50,24,39.58
731,"Caissa 1.16.2",3566.9,"-",13.50,24,56.25
732,"Winter 4.15c",3566.9,"-",9.00,18,50.00
733,"Chess System Tal 2.0",3566.7,"-",80800.00,183420,44.05
734,"Cinder 0.2.0",3566.7,"-",2073.50,4192,49.46
735,"rofChade 3.201",3566.4,"-",17.50,36,48.61
736,"Caissa 1.13",3565.6,"-",824.00,1503,54.82
737,"Koivisto 9",3565.4,"-",9394.50,24833,37.83
738,"Raphael 3.2.0",3565.2,"-",41.00,64,64.06
739,"Lc0 v0.25.1-svjio",3565.1,"-",52.50,108,48.61
740,"Viridithas 13.0.0",3564.9,"-",5086.50,10190,49.92
741,"Arasan v23.4.0-a8ab37e",3564.6,"-",4.00,8,50.00
742,"pawnocchio 1.7.2",3563.9,"-",1483.50,2937,50.51
743,"Revenge 4.0",3563.4,"-",15070.50,35037,43.01
744,"ShashChess 12.0",3563.0,"-",486.50,704,69.11
745,"Titan 1.0",3562.1,"-",32064.50,62953,50.93
746,"Igel 3.6.2",3561.8,"-",7.50,14,53.57
747,"Arasan 51bc76f",3561.6,"-",19.00,36,52.78
748,"Clarity 8.0.0",3561.1,"-",4104.00,8613,47.65
749,"Stockfish 100M",3560.8,"-",283.00,637,44.43
750,"Stockfish 15 CCRL",3560.8,"-",1.00,2,50.00
751,"Heimdall 1.5.0 -608eef",3560.8,"-",10.50,20,52.50
752,"Viridithas 14.0",3560.7,"-",20858.00,50954,40.93
753,"Motor 0.80",3560.7,"-",13374.50,33989,39.35
754,"Heimdall 1.4.2",3560.5,"-",1028.50,2082,49.40
755,"Scorpio 3.0.11.2",3560.3,"-",363.50,715,50.84
756,"Dragon 2747.00",3560.2,"-",15.50,28,55.36
757,"Seer 2.8.0",3560.1,"-",70953.50,165687,42.82
758,"Fire 8 MC.3",3560.0,"-",74.00,118,62.71
759,"Koivisto 8.7",3559.9,"-",41.50,54,76.85
760,"Koivisto 8.9",3559.7,"-",6230.50,15169,41.07
761,"Koivisto 9.2",3559.3,"-",91306.50,197906,46.14
762,"Renegade 1.1.98",3557.5,"-",33.00,40,82.50
763,"Equisetum 1.30",3557.3,"-",229.00,467,49.04
764,"Halogen 13",3556.9,"-",1199.50,2416,49.65
765,"Clarity 7.0.0",3556.8,"-",2611.00,5047,51.73
766,"Koivisto 6.23",3556.2,"-",8.00,12,66.67
767,"Clover 6",3556.1,"-",52106.00,103785,50.21
768,"Koivisto 8.0",3555.7,"-",22385.00,47794,46.84
769,"Komodo 1937.00",3555.6,"-",17.50,20,87.50
770,"Clarity 7.2.0",3555.5,"-",34713.00,67168,51.68
771,"rofChade 3.013",3555.1,"-",12.00,26,46.15
772,"Lc0 0.28.2 DX12 Vega11",3555.1,"-",5078.50,9075,55.96
773,"Stormphrax 6.0.23_bad96d6",3554.5,"-",7.00,14,50.00
774,"Lc0 0.25.1",3554.4,"-",22733.50,33641,67.58
775,"Clover 6.2",3554.3,"-",25496.50,60888,41.87
776,"Clover 8.1.19",3553.6,"-",18.50,36,51.39
777,"Rebel 16.3",3553.5,"-",40132.50,95203,42.15
778,"Calvin 6.1.0",3553.2,"-",2256.50,4629,48.75
779,"Arasan 4e7f90a",3553.1,"-",14.00,24,58.33
780,"Peacekeeper 3.0.1",3552.9,"-",1851.00,3856,48.00
781,"Clover 6.0",3552.8,"-",7172.50,14173,50.61
782,"Uralochka 3.40aNN",3552.8,"-",1761.00,3594,49.00
783,"Halogen 13.0.1",3552.6,"-",850.50,1871,45.46
784,"Astra 5.1.1",3552.0,"-",1549.50,3383,45.80
785,"Clarity 7.1.0",3552.0,"-",104.50,188,55.59
786,"Lc0 0.26.2",3551.7,"-",2931.50,4153,70.59
787,"Alexandria 5.1",3551.7,"-",696.50,1278,54.50
788,"Tcheran 11.0",3551.6,"-",2583.00,5303,48.71
789,"Koivisto 7.14",3551.6,"-",1081.50,1923,56.24
790,"Fire 8 .MC.2",3551.5,"-",1294.00,2958,43.75
791,"Obsidian 9.0",3551.5,"-",20469.50,46536,43.99
792,"Lizard 10.5",3551.0,"-",28453.50,69547,40.91
793,"Uralochka 3.41a",3550.8,"-",33931.00,81920,41.42
794,"Berserk 8.5.1",3550.3,"-",15441.50,32751,47.15
795,"Igel 3.5.9",3550.2,"-",5.50,10,55.00
796,"Peacekeeper 3.01",3550.1,"-",7107.50,14664,48.47
797,"Altair 7.0.6",3550.0,"-",23.00,48,47.92
798,"Altair 7.2.1",3549.8,"-",445.00,799,55.69
799,"Quanticade Chimera 1.2",3548.6,"-",1219.00,2348,51.92
800,"Equisetum 1.15",3548.1,"-",201.00,303,66.34
801,"Calvin 6.1.1",3547.9,"-",1001.50,2043,49.02
802,"Clover 6.1",3547.3,"-",43275.00,103401,41.85
803,"Igel 3.5.10",3547.2,"-",16.50,36,45.83
804,"Clover 6.0.26",3547.0,"-",21.50,40,53.75
805,"Serendipity d54e8fa4",3546.9,"-",32.50,66,49.24
806,"Dragon Komodo 3.1",3546.8,"-",300.50,519,57.90
807,"Rebel 3.0",3546.6,"-",16596.50,32301,51.38
808,"Ethereal 13.75",3546.3,"-",21427.50,55763,38.43
809,"Triumviratus 3.3",3546.2,"-",9.00,12,75.00
810,"Fat Fritz 1.1",3546.0,"-",4007.50,6052,66.22
811,"Revenge 3.0",3545.6,"-",69522.00,169290,41.07
812,"Berserk 8.5",3545.5,"-",13350.00,36812,36.27
813,"Lizard 11.0",3545.5,"-",21777.50,56153,38.78
814,"Arasan 25.0",3545.4,"-",5527.50,11279,49.01
815,"Caissa 1.12",3545.2,"-",42591.50,81508,52.25
816,"Heimdall 1.4.1",3545.0,"-",2871.00,5764,49.81
817,"Igel 3",3544.8,"-",18.50,34,54.41
818,"pawnocchio 1.6.1",3544.1,"-",871.50,1736,50.20
819,"Igel 3.5.5",3543.5,"-",678.00,1263,53.68
820,"Clover 6.1.6",3543.4,"-",14.00,26,53.85
821,"Caissa 1.13.1",3543.3,"-",20840.00,48951,42.57
822,"Rebel 16.2",3542.8,"-",9161.50,17568,52.15
823,"Fire 10",3542.8,"-",1985.50,4029,49.28
824,"Igel 3.1.9",3542.0,"-",7.00,20,35.00
825,"Halogen 12.14.0",3542.0,"-",9.00,16,56.25
826,"Renegade 1.1.119",3542.0,"-",9.00,16,56.25
827,"Motor 0.6.0",3541.9,"-",1503.00,2883,52.13
828,"Lc0 0.29.0 onnx Vega7",3541.4,"-",2808.50,5889,47.69
829,"Lc0 LS-LS 12.1",3541.2,"-",2052.00,2992,68.58
830,"Lc0 30pct",3540.8,"-",21.50,40,53.75
831,"Lc0 LS-LS 12.2",3540.5,"-",2675.00,3739,71.54
832,"Clover 5.0",3540.5,"-",4595.50,8928,51.47
833,"Fire 8",3539.9,"-",79127.00,189315,41.80
834,"Ethereal 13.92",3539.8,"-",42.50,104,40.87
835,"Devre 6.21",3539.7,"-",13.00,22,59.09
836,"Lizard 10.3",3539.0,"-",3625.00,7207,50.30
837,"Rebel 16.1",3538.6,"-",13724.50,27618,49.69
838,"Alexandria 5.0",3538.4,"-",3423.00,6271,54.58
839,"Stockfish 11.0",3538.4,"-",14013.50,23443,59.78
840,"Komodo 2551.00",3538.4,"-",18.00,34,52.94
841,"Tucano 12.10",3538.4,"-",14.00,28,50.00
842,"Titan 1.1",3538.0,"-",28704.00,77951,36.82
843,"Igel 3.5.0",3538.0,"-",60985.50,124496,48.99
844,"Peacekeeper 3.00",3537.7,"-",286.50,606,47.28
845,"Lc0 v0.26.0_sv",3537.7,"-",16.00,24,66.67
846,"Ethereal 14.21",3537.4,"-",2.00,4,50.00
847,"Berserk 8.0",3537.2,"-",2204.00,4253,51.82
848,"Clover 5",3537.0,"-",5910.50,11861,49.83
849,"rofChade 3.1",3537.0,"-",75565.50,167943,44.99
850,"Arasan 24.2.2",3536.4,"-",1989.50,3833,51.90
851,"Viridithas 12.0.0",3536.3,"-",5162.50,10575,48.82
852,"Stormphrax 5.0.0",3536.1,"-",4375.00,8569,51.06
853,"Minke 6.0.0",3536.1,"-",959.50,1865,51.45
854,"Motor 0.70",3535.7,"-",21146.00,56973,37.12
855,"Renegade 1.2.10",3535.4,"-",14.50,30,48.33
856,"StockFiNN 0.2",3535.3,"-",4724.50,7108,66.47
857,"Viridithas 13.0",3534.6,"-",17912.00,48965,36.58
858,"Devre 6.40",3534.5,"-",37.50,84,44.64
859,"Stockfish 15.1TB6",3534.0,"-",0.50,2,25.00
860,"Fire 10.0",3533.6,"-",1572.50,3191,49.28
861,"Heimdall 1.4",3533.3,"-",760.00,1396,54.44
862,"Caissa 1.11",3533.0,"-",9467.00,18857,50.20
863,"pawnocchio 1.7.0",3532.5,"-",48.50,117,41.45
864,"PlentyChess 0.3.0",3531.8,"-",1737.50,3382,51.37
865,"Stockfish 13 CCRL",3530.9,"-",255.00,394,64.72
866,"Dragon 2762.02",3530.9,"-",1.00,2,50.00
867,"Velvet 8.1.0",3530.8,"-",12815.50,35392,36.21
868,"Clover 6.0.12",3530.7,"-",28.50,49,58.16
869,"Obsidian 8.0",3530.6,"-",30052.50,58289,51.56
870,"Elixir 3.0",3530.5,"-",3654.00,6953,52.55
871,"rofChade 3.017",3530.4,"-",30.00,54,55.56
872,"Starzix 5.0",3530.0,"-",33581.50,68368,49.12
873,"Seer 997c2672",3530.0,"-",15.00,36,41.67
874,"Igel 3.4.0",3529.9,"-",13813.50,27134,50.91
875,"Alexandria 6.0",3529.7,"-",18004.50,47409,37.98
876,"Tarnished 3.0 Warrior",3529.6,"-",548.00,1032,53.10
877,"Winter 4.15",3529.5,"-",12.50,28,44.64
878,"Fire 9.3",3529.5,"-",4298.00,9106,47.20
879,"Lizard 11.0.6",3529.3,"-",16.50,28,58.93
880,"ShashChess 11.0",3529.3,"-",802.00,1198,66.94
881,"Eleanor 4.1",3528.7,"-",2641.00,5860,45.07
882,"Halogen 13.0.0",3528.6,"-",27.00,80,33.75
883,"Komodo 2576.00",3528.5,"-",19.50,40,48.75
884,"SlowChessBlitz 2.8",3527.9,"-",22462.00,53868,41.70
885,"Stormphrax 4.1.16_d07a844",3527.7,"-",18.50,42,44.05
886,"Koivisto 7.1",3527.6,"-",11.00,18,61.11
887,"Stockfish BAE",3527.5,"-",16.50,27,61.11
888,"Heimdall 1.4.0",3527.2,"-",770.00,1687,45.64
889,"rofChade 3.203",3527.0,"-",14.50,32,45.31
890,"rofChade 2.319",3526.9,"-",2.50,4,62.50
891,"Cinder 0.1.3",3526.7,"-",1199.50,2341,51.24
892,"Cinder 0.1.4",3526.3,"-",2855.00,5600,50.98
893,"Fire 8 .MC.3",3526.2,"-",4087.00,9143,44.70
894,"Ginkgo 5.2",3526.2,"-",16.50,34,48.53
895,"Renegade 1.2.4",3525.6,"-",17.50,40,43.75
896,"Clover 4.1",3525.4,"-",11229.50,22619,49.65
897,"Horsie 1.1.1",3525.2,"-",2.00,5,40.00
898,"Seer 2.7.0",3524.9,"-",24772.50,60676,40.83
899,"Renegade 1.1.9",3524.8,"-",136.50,192,71.09
900,"Devre 6.0",3524.7,"-",7187.50,15687,45.82
901,"rofChade 3.009",3524.7,"-",13.50,30,45.00
902,"Altair 7.1.5",3524.6,"-",334.00,624,53.53
903,"Bread 3.1.0",3524.5,"-",982.00,1817,54.05
904,"Renegade 1.2.13",3524.2,"-",13.50,30,45.00
905,"Velvet 7.1.0",3523.7,"-",1702.50,3389,50.24
906,"Koivisto 7.13",3523.6,"-",19.50,26,75.00
907,"Igel 3.0.10",3523.2,"-",54.00,122,44.26
908,"Ethereal 13.50",3522.6,"-",20450.50,53334,38.34
909,"Raphael 3.2",3522.0,"-",1210.50,2774,43.64
910,"Igel 2.7.2-experimental -night-nurse-dkappe",3521.5,"-",2.50,4,62.50
911,"Stormphrax 5.0.3",3521.3,"-",54.50,106,51.42
912,"Ethereal 13.66-5DCD",3521.2,"-",11.00,18,61.11
913,"Halogen 12.21.0",3521.1,"-",14.50,30,48.33
914,"Revenge 2.0",3521.0,"-",20310.00,47753,42.53
915,"Sjeng 3.6 a30",3521.0,"-",2263.00,4610,49.09
916,"Renegade 1.1.71",3520.6,"-",18.50,44,42.05
917,"Igel 3.5.6",3519.7,"-",13.50,24,56.25
918,"Sjeng 3.6",3519.5,"-",8734.50,17997,48.53
919,"PZChessBot 6.0",3519.5,"-",1939.00,4107,47.21
920,"Tarnished 3.0-Warrior",3519.4,"-",299.50,652,45.94
921,"Heimdall 1.4.0 -b89cb959",3519.3,"-",15.00,30,50.00
922,"Rebel 16",3519.2,"-",1642.50,3175,51.73
923,"Berserk 8",3519.2,"-",9191.50,23403,39.27
924,"Lc0 0.21.2",3519.0,"-",4389.50,7278,60.31
925,"Stockfish 9",3518.5,"-",81155.00,110594,73.38
926,"Texel 1.13a4",3518.1,"-",536.50,1069,50.19
927,"Fire 8.N Raptor",3517.5,"-",3874.00,7961,48.66
928,"Obsidian 7.0",3517.5,"-",3235.00,6325,51.15
929,"Rebel 16.0",3517.3,"-",1590.00,3181,49.98
930,"Arasan 10fb2ab",3517.3,"-",9.00,20,45.00
931,"pawnocchio 1.6",3517.2,"-",1104.50,2522,43.79
932,"Koivisto 7.0",3517.1,"-",8354.50,16844,49.60
933,"Clover 6.1.23",3516.2,"-",16.50,38,43.42
934,"Stockfish 10.0",3516.1,"-",15314.00,22059,69.42
935,"Komodo 2503.05",3516.0,"-",11.00,20,55.00
936,"Seer 2.6.0",3515.7,"-",61622.50,131154,46.98
937,"Rebel EXTREME",3515.6,"-",76.50,179,42.74
938,"Uralochka 3.40a",3515.3,"-",26409.00,67952,38.86
939,"SlowChessBlitz 2.83",3515.3,"-",12339.00,36282,34.01
940,"Scorpio 3.0.10",3514.8,"-",428.00,800,53.50
941,"Lc0 0.27.0d",3514.3,"-",57.00,99,57.58
942,"Lizard 10.4",3514.3,"-",13148.50,35437,37.10
943,"Rebel 16a",3514.2,"-",1527.00,2868,53.24
944,"Ethereal 12.89B PRO FRC",3514.2,"-",19.00,36,52.78
945,"Stockfish 30M",3514.1,"-",334.50,724,46.20
946,"Igel 3.6.1",3514.1,"-",1.00,2,50.00
947,"Igel 3.5.1",3514.1,"-",1.00,2,50.00
948,"Clover 4.0",3514.0,"-",10226.00,19977,51.19
949,"Serendipity 0cbcb5b8",3513.3,"-",12.50,34,36.76
950,"Minic 3.40",3513.1,"-",2958.50,6742,43.88
951,"Ginkgo 4.12",3512.4,"-",15.50,32,48.44
952,"Velvet 8.0.0",3512.2,"-",16865.50,44802,37.64
953,"Sjeng 3.6 a16",3512.1,"-",2350.50,4859,48.37
954,"Zeus 8.2",3511.8,"-",30.00,38,78.95
955,"Fat Fritz 1.0",3511.1,"-",3070.50,5188,59.18
956,"Texel 1.12",3510.6,"-",7566.50,15916,47.54
957,"Koivisto 7.15_L1",3510.4,"-",14.50,26,55.77
958,"Arasan 24.1",3510.2,"-",6717.50,14535,46.22
959,"Koivisto 8.8",3510.1,"-",48.00,73,65.75
960,"Lizard 10.2",3510.0,"-",1997.50,3771,52.97
961,"Berserk 7.0",3509.9,"-",3937.50,7746,50.83
962,"Velvet 8.1.0 risky",3509.7,"-",10010.00,29975,33.39
963,"rofChade 2.321",3509.6,"-",436.50,861,50.70
964,"Clover 6.0.7",3509.6,"-",17.00,34,50.00
965,"Quanticade Chimera 1.1",3509.4,"-",18.50,30,61.67
966,"Igel 3.4dev",3508.8,"-",11.00,22,50.00
967,"Caissa 1.10",3508.0,"-",6615.00,13307,49.71
968,"Arasan 3722eb4",3507.6,"-",21.50,38,56.58
969,"Renegade 1.2.1",3507.5,"-",13.00,30,43.33
970,"Wasp 7.16",3507.0,"-",42.00,107,39.25
971,"Halogen 12.12.3",3506.9,"-",272.00,601,45.26
972,"Stormphrax 4.1.0",3506.9,"-",2658.50,6053,43.92
973,"Astra 5.0",3505.9,"-",2432.00,4589,53.00
974,"Lizard 10.5_439e4896",3505.8,"-",12.00,24,50.00
975,"Black Marlin 9.0",3505.5,"-",7094.00,15587,45.51
976,"Quanticade Electra 0.9",3505.4,"-",1025.00,2011,50.97
977,"Serendipity 1.0",3504.8,"-",3844.00,8343,46.07
978,"rofChade 3.012",3504.8,"-",10.50,22,47.73
979,"Calvin 6.0.0",3504.8,"-",1487.00,3083,48.23
980,"Uralochka 3.39dNN",3504.7,"-",3206.50,6289,50.99
981,"Viridithas 12.0",3503.7,"-",5459.50,14998,36.40
982,"Caissa 1.9.0",3503.3,"-",863.50,1696,50.91
983,"Altair 7.1.5-91cb9ca5",3503.3,"-",3.50,8,43.75
984,"SlowChessBlitz 2.7",3501.8,"-",18965.50,48061,39.46
985,"Ethereal 12.89A PRO Cup 8",3501.6,"-",17.50,32,54.69
986,"Ethereal 13.35-A18F",3501.5,"-",15.00,29,51.72
987,"Arasan 24.0",3501.5,"-",13624.50,25879,52.65
988,"Seer 2.5",3501.3,"-",109.00,218,50.00
989,"Caissa 1.9",3501.2,"-",7654.50,15156,50.50
990,"Altair 7.0.0",3501.0,"-",7841.50,17035,46.03
991,"Ethereal 13.25",3500.7,"-",29090.50,74700,38.94
992,"Stockfish final",3500.3,"-",49098.00,104863,46.82
993,"rofChade 3.0",3499.8,"-",36988.00,74647,49.55
994,"Renegade 1.1.46",3499.7,"-",17.00,30,56.67
995,"Velvet 7.3.0",3499.1,"-",17486.00,45480,38.45
996,"Koivisto 7",3498.9,"-",4381.50,10946,40.03
997,"Spaghet BologNNese_1.1.2-9bd10afe",3498.6,"-",2.00,4,50.00
998,"Koivisto 7.5",3498.4,"-",11954.50,33061,36.16
999,"Clover 5.0.24",3497.8,"-",17.50,30,58.33
1000,"Alexandria 5.1.0",3497.8,"-",13429.50,34915,38.46
1001,"Equisetum 1.0.variegatum.g",3496.9,"-",17.50,30,58.33
1002,"Turbulence 0.0.8",3496.5,"-",2699.50,5655,47.74
1003,"SlowChessBlitz 2.9",3496.4,"-",59389.00,131713,45.09
1004,"rofChade 3.103",3496.1,"-",19.00,38,50.00
1005,"Ethereal 11.70",3496.0,"-",14.50,16,90.63
1006,"Winter 4.05",3495.9,"-",14.50,31,46.77
1007,"Viridithas 10.0.0",3495.1,"-",3753.50,7535,49.81
1008,"rofChade 3.015",3495.0,"-",11.00,20,55.00
1009,"Halogen 12.11.0",3494.7,"-",24.00,48,50.00
1010,"Minic 3.46",3494.4,"-",396.50,884,44.85
1011,"Komodo 2570.00",3494.4,"-",5.00,10,50.00
1012,"Clover 6.1.15",3494.3,"-",12.00,24,50.00
1013,"Tcheran 10.0",3494.1,"-",2583.00,5206,49.62
1014,"akimbo 1",3493.8,"-",23.50,48,48.96
1015,"Alexandria 5.0.0",3493.6,"-",27871.50,57541,48.44
1016,"Viridithas 11.0.0",3493.5,"-",34124.50,72358,47.16
1017,"Arasan 8ff423a",3493.5,"-",11.50,28,41.07
1018,"Scorpio 3.0.11",3493.4,"-",127.00,200,63.50
1019,"Halogen 12.23.0",3493.2,"-",85.50,179,47.77
1020,"Raphael 3.1.0",3492.9,"-",53.00,111,47.75
1021,"Lc0 0.26.1",3492.7,"-",12903.50,20536,62.83
1022,"Altair 7.0.3",3492.6,"-",480.00,930,51.61
1023,"Ethereal 13.88",3492.6,"-",456.50,1009,45.24
1024,"Winter 5.0",3492.4,"-",2513.00,5431,46.27
1025,"Booot 7",3491.8,"-",136.50,300,45.50
1026,"Dragon Komodo 2",3491.7,"-",148.00,280,52.86
1027,"Berserk 7",3491.6,"-",11056.00,25903,42.68
1028,"Ethereal 12.19",3490.9,"-",15.50,34,45.59
1029,"Uralochka 3.39d",3490.0,"-",17739.00,35465,50.02
1030,"Caissa 1.11.15",3489.6,"-",16.00,34,47.06
1031,"Caissa 1.8",3489.3,"-",8612.50,16141,53.36
1032,"Chess System Tal 2.06",3489.1,"-",4.50,7,64.29
1033,"akimbo 1.0.0",3489.1,"-",7159.00,16022,44.68
1034,"Minic 3.45",3488.9,"-",1489.00,3300,45.12
1035,"Equisetum 1.15.telmateia",3488.6,"-",24.50,50,49.00
1036,"Motor 0.5.0",3488.6,"-",905.00,1705,53.08
1037,"Prune 3.2.1",3488.6,"-",2715.00,5809,46.74
1038,"Viridithas 10.0",3488.5,"-",9101.50,17872,50.93
1039,"Arasan 24.1_3dc7872",3488.5,"-",13.00,22,59.09
1040,"ShashChess 8.0",3488.4,"-",2164.00,3232,66.96
1041,"Devre 6.12",3487.9,"-",22.50,36,62.50
1042,"Stormphrax 4.0.0",3487.7,"-",6039.50,12544,48.15
1043,"Caissa 1.8.0",3487.5,"-",1411.50,2692,52.43
1044,"Equisetum 1.0",3487.2,"-",7105.50,15663,45.36
1045,"Tarnished 3.0",3487.2,"-",57.50,108,53.24
1046,"Pawn (Rui Coelho) 4.0.4",3487.0,"-",368.50,805,45.78
1047,"Heimdall 1.4.0 -8a1730bf",3486.9,"-",2.50,4,62.50
1048,"Minic 3.26",3486.8,"-",6646.00,11981,55.47
1049,"Booot 7.3",3486.7,"-",7160.00,15571,45.98
1050,"Stockfish BAE 1.0",3486.0,"-",12367.00,27992,44.18
1051,"Lc0 0.22.0",3485.9,"-",19196.50,30429,63.09
1052,"Seer 2.5.0",3485.6,"-",18285.00,38111,47.98
1053,"Expositor 5WR24",3485.5,"-",3.50,6,58.33
1054,"Minke 5.0.0",3485.4,"-",1449.00,2993,48.41
1055,"Igel 3.1.4",3485.2,"-",19.00,40,47.50
1056,"Pawn (Rui Coelho) 4.0",3485.1,"-",2862.50,5976,47.90
1057,"Quirky 3.0",3485.0,"-",730.00,1494,48.86
1058,"Quanticade E0.9",3484.9,"-",729.50,1503,48.54
1059,"Lc0 v0.22.0-nT40B.4-260",3484.8,"-",49.00,74,66.22
1060,"Halogen 12.0.0",3484.5,"-",173.50,328,52.90
1061,"Booot 7.2",3484.4,"-",14268.50,27676,51.56
1062,"Minic 3.38",3484.2,"-",34.50,73,47.26
1063,"Starzix 4.0",3484.1,"-",2969.00,5862,50.65
1064,"Caissa 1.20.2",3484.0,"-",4.00,10,40.00
1065,"Ginkgo 4.1",3483.2,"-",4.00,8,50.00
1066,"rofChade 3.020",3483.1,"-",12.00,26,46.15
1067,"Stockfish 10M",3483.0,"-",325.50,680,47.87
1068,"Heimdall 1.5.0 -ab7539",3483.0,"-",1.00,2,50.00
1069,"Minic 3.31",3482.7,"-",7361.50,14532,50.66
1070,"Arasan 9b1babb",3482.3,"-",15.00,46,32.61
1071,"Ethereal 12.01",3481.4,"-",10.00,20,50.00
1072,"Komodo 2155.00",3481.2,"-",45.00,100,45.00
1073,"Minic 3.39",3481.1,"-",4382.00,9111,48.10
1074,"Equisetum 1.4_variegatum.i",3481.0,"-",5.00,12,41.67
1075,"Renegade 1.1.0",3481.0,"-",4726.00,9770,48.37
1076,"Arasan af9342d",3480.8,"-",7.00,18,38.89
1077,"Fire 9.2",3480.5,"-",4099.50,8469,48.41
1078,"Halogen 12.4.1",3479.9,"-",21.00,38,55.26
1079,"Ethereal 13.52-E32B",3479.9,"-",2.00,4,50.00
1080,"Igel 3.3.0",3477.9,"-",6058.50,11822,51.25
1081,"Ethereal 13.00",3477.8,"-",11780.50,22894,51.46
1082,"Komodo 2428.00",3477.3,"-",63.00,104,60.58
1083,"Minic 3.43",3477.2,"-",185.50,413,44.92
1084,"RubiChess 2021",3477.0,"-",11069.00,24642,44.92
1085,"Koivisto 6.16",3476.6,"-",12644.50,33950,37.24
1086,"Minic 3.41",3475.9,"-",1909.00,3973,48.05
1087,"Minic 3.27",3475.7,"-",909.00,1533,59.30
1088,"SlowChessBlitz 2.6",3475.7,"-",20330.00,45659,44.53
1089,"Superultra 2.1",3475.6,"-",3573.00,7468,47.84
1090,"Turbulence 0.0.7",3475.5,"-",710.50,1329,53.46
1091,"Stormphrax 4.1.5_5623fa8",3475.1,"-",12.50,30,41.67
1092,"Wasp 7.07",3474.9,"-",214.50,486,44.14
1093,"Halogen 12",3474.8,"-",1668.50,3432,48.62
1094,"Willow 4.0.0.1",3474.8,"-",148.50,226,65.71
1095,"Viridithas 9.1.0",3474.5,"-",6547.00,13021,50.28
1096,"Uralochka 3.39c",3474.5,"-",14.50,28,51.79
1097,"Minic 3.30",3474.4,"-",7492.00,15426,48.57
1098,"Minic 3.27 NaNa",3474.1,"-",3445.00,6779,50.82
1099,"Komodo 2381.00",3474.0,"-",19.50,40,48.75
1100,"Komodo 2121.01",3473.9,"-",31.00,48,64.58
1101,"Arasan 008cc1f",3473.8,"-",4.00,9,44.44
1102,"Caissa 1.11.2",3473.4,"-",20.00,32,62.50
1103,"Stockfish 9.0",3473.4,"-",12780.50,19199,66.57
1104,"Minic 3.39 NyNa",3472.7,"-",1757.50,3498,50.24
1105,"Carp 3.0.0",3472.3,"-",1467.00,3020,48.58
1106,"Peacekeeper 2.4.0",3472.2,"-",657.50,1400,46.96
1107,"Igel 3.0.10-8d9a675e",3472.0,"-",11.50,20,57.50
1108,"Velvet 8.0.0 risky",3471.9,"-",9409.00,29994,31.37
1109,"Clarity 6.0.0",3471.8,"-",3829.00,7875,48.62
1110,"Altair 7.2.1-be6dc151",3471.4,"-",7.00,22,31.82
1111,"Superultra 2.0",3471.4,"-",4795.00,9828,48.79
1112,"Yukari 2025.11.1",3471.0,"-",1157.50,2316,49.98
1113,"Stockfish 8",3470.6,"-",66838.50,94246,70.92
1114,"Ethereal 12.43",3470.3,"-",14.50,38,38.16
1115,"Petrel 3.5 JA 2026-06-04",3470.0,"-",3.50,4,87.50
1116,"rofChade 30pct",3469.9,"-",1.00,4,25.00
1117,"Wasp 7.15",3469.7,"-",34.50,66,52.27
1118,"Tucano 12.17",3469.5,"-",263.50,526,50.10
1119,"Minic 3.32",3469.3,"-",16987.00,34673,48.99
1120,"Yukari 25.11.1",3469.1,"-",940.50,1999,47.05
1121,"Peacekeeper 2.40",3469.1,"-",3076.50,6472,47.54
1122,"Wasp 6.62",3468.9,"-",14.50,30,48.33
1123,"Patricia 5.0",3468.9,"-",15745.00,36350,43.31
1124,"Marvin 6.2.0-a11",3468.8,"-",24.50,44,55.68
1125,"Black Marlin 8.0",3468.6,"-",12398.00,24891,49.81
1126,"Lc0 0.28.2 DX12 AMD",3468.5,"-",659.00,1199,54.96
1127,"Wasp 7.14",3468.4,"-",1552.00,3370,46.05
1128,"Komodo 1959.00",3468.2,"-",82.50,104,79.33
1129,"Willow 4.0",3466.6,"-",6223.00,12388,50.23
1130,"Ginkgo Valencia 1.01",3466.6,"-",7069.50,15112,46.78
1131,"Renegade 1.1.19",3466.6,"-",23.00,40,57.50
1132,"Uralochka 3.38cNN",3466.2,"-",3117.50,5800,53.75
1133,"Ceres 1.0_C1-640-25",3465.9,"-",151.50,236,64.19
1134,"Caissa 1.7",3465.9,"-",7983.50,14802,53.94
1135,"Velvet 6.0.0",3465.8,"-",4265.00,8663,49.23
1136,"Willow 3",3465.6,"-",22.50,46,48.91
1137,"Carp 3.0.1",3464.8,"-",7167.00,14427,49.68
1138,"Fire 8.1",3464.1,"-",29448.50,61697,47.73
1139,"Quanticade Cronus-3.0-f119af15",3463.4,"-",3.00,5,60.00
1140,"Bread 3.0.0",3463.2,"-",1985.00,3905,50.83
1141,"Marvin 6.3.0-3",3463.2,"-",12.00,24,50.00
1142,"Ethereal 13",3463.1,"-",8101.00,20853,38.85
1143,"Rice 8.0.0",3462.9,"-",3109.50,6355,48.93
1144,"Caissa 1.7.0",3462.8,"-",1451.00,3092,46.93
1145,"Clover 3.3",3462.7,"-",4689.00,7989,58.69
1146,"Viridithas 9.0.0",3462.7,"-",9973.50,19239,51.84
1147,"rofChade 2.303",3462.1,"-",14.00,34,41.18
1148,"Serendipity 0.4.1",3461.9,"-",3046.50,6092,50.01
1149,"Panda 2.0",3461.6,"-",246.00,485,50.72
1150,"Uralochka 3.38c",3461.5,"-",9668.00,19814,48.79
1151,"Rebel 15.1aNN",3461.0,"-",1449.00,2896,50.03
1152,"akimbo 0.8.0",3460.9,"-",4848.00,9989,48.53
1153,"Minic 3.33",3460.3,"-",504.50,1079,46.76
1154,"Lunar 0.4.0",3460.1,"-",2767.00,5405,51.19
1155,"Arasan 24.2.1",3460.1,"-",5700.50,17439,32.69
1156,"Ethereal 12.89 Classical",3459.0,"-",17.00,30,56.67
1157,"Rebel 15.1a",3458.7,"-",5928.00,12113,48.94
1158,"Igel 3.2.3",3458.6,"-",7.00,13,53.85
1159,"Velvet 7.0.0",3458.6,"-",7233.50,20729,34.90
1160,"Ethereal 13.56-A27E",3458.6,"-",12.50,26,48.08
1161,"Houdini 6",3458.5,"-",185398.50,334514,55.42
1162,"Clover 3.3.1",3458.3,"-",9586.50,18244,52.55
1163,"ShashChess 6.0",3457.7,"-",1002.00,1489,67.29
1164,"Halogen 12.0",3457.5,"-",2716.50,5811,46.75
1165,"Alexandria 4.0",3457.3,"-",9297.00,18967,49.02
1166,"Berserk 4.7.0",3457.1,"-",24.00,57,42.11
1167,"Rebel 15.1",3456.9,"-",10959.00,20558,53.31
1168,"Minic 3.44",3456.8,"-",32.00,79,40.51
1169,"Dragon 2657.00",3456.8,"-",45.50,105,43.33
1170,"Equisetum 1.9.arvense",3456.8,"-",17.50,34,51.47
1171,"Tucano 12.00",3456.5,"-",5144.00,10021,51.33
1172,"Altair 7.1.5-e489e46e",3456.5,"-",23.00,52,44.23
1173,"Clover 8.1.5",3456.5,"-",2.50,6,41.67
1174,"Arasan 23.01",3456.4,"-",202.00,419,48.21
1175,"ShashChess 4.0",3456.2,"-",650.50,994,65.44
1176,"Altair 7.2.1-b58d8ac6",3455.0,"-",29.50,65,45.38
1177,"Arasan 9ec406d",3454.8,"-",11.50,24,47.92
1178,"Scorpio 3.0.12",3454.5,"-",2756.00,4972,55.43
1179,"Eleanor 4.0",3454.4,"-",14.50,25,58.00
1180,"Pawn (Rui Coelho) 3.0",3454.1,"-",6560.50,13366,49.08
1181,"Koivisto 6",3453.8,"-",8315.00,16929,49.12
1182,"Koivisto 6.0",3453.6,"-",5917.00,13173,44.92
1183,"Ginkgo Vienna",3453.2,"-",4697.50,9269,50.68
1184,"Lc0 0.23.2",3452.3,"-",19500.00,33560,58.10
1185,"Chess.Cpp 4.10",3452.0,"-",843.50,1687,50.00
1186,"Hiarcs 15.5",3451.6,"-",445.00,762,58.40
1187,"Komodo 2418.00",3451.4,"-",15.00,22,68.18
1188,"Wasp 7.00",3451.3,"-",8174.00,18325,44.61
1189,"Komodo 2602.00",3451.3,"-",40.00,116,34.48
1190,"PlentyChess 0.2.1",3450.8,"-",351.00,713,49.23
1191,"Houdini 6.0 Standard",3450.6,"-",652.50,1635,39.91
1192,"Nemorino 6.0",3450.2,"-",1421.00,2995,47.45
1193,"Lc0 0.28.2 DX12 Vega3",3450.0,"-",502.50,1000,50.25
1194,"Lc0 v0.22.0-nT2",3449.4,"-",17.00,27,62.96
1195,"Nemorino 6.09",3448.9,"-",18.00,31,58.06
1196,"Caissa 1.9.3",3448.6,"-",15.50,30,51.67
1197,"Yukari 2025.4.1",3448.4,"-",1491.00,2897,51.47
1198,"Berserk 6",3448.3,"-",4289.50,7992,53.67
1199,"Lc0 0.28.0",3448.0,"-",27907.00,51318,54.38
1200,"Heimdall 1.4.0 -5f5d2fce",3447.9,"-",2.00,4,50.00
1201,"Devre 6.34",3447.9,"-",2.00,4,50.00
1202,"Heimdall 1.4.0 -7aaaf732",3447.9,"-",6.00,12,50.00
1203,"Lc0 0.20.2",3447.8,"-",4061.50,6942,58.51
1204,"Chess System Tal 2.02",3447.5,"-",8.50,12,70.83
1205,"Lambergar 1.5",3447.2,"-",2003.50,3833,52.27
1206,"Fire 9",3447.0,"-",11747.50,24866,47.24
1207,"Fritz 19",3446.7,"-",229.00,583,39.28
1208,"Minic 3.28",3446.4,"-",56.50,100,56.50
1209,"Patricia 4",3446.1,"-",5470.50,14031,38.99
1210,"Berserk 6.0",3446.1,"-",6034.50,14688,41.08
1211,"Komodo 11.3.1",3446.0,"-",14449.50,23450,61.62
1212,"Altair 6.0.0",3446.0,"-",4533.00,9208,49.23
1213,"Allie 0.5",3445.9,"-",2801.50,6084,46.05
1214,"Komodo 2227.00",3445.6,"-",51.50,110,46.82
1215,"Willow 4.0.0",3445.5,"-",451.00,989,45.60
1216,"Ginkgo 4.0",3445.4,"-",15.00,30,50.00
1217,"Stash 36.20",3445.3,"-",8.00,16,50.00
1218,"pawnocchio 1.4",3444.8,"-",695.00,1369,50.77
1219,"Minic 3.42",3444.7,"-",95.50,204,46.81
1220,"Ethereal TCEC-S20",3444.5,"-",19.00,31,61.29
1221,"Komodo 14.1",3444.5,"-",51930.50,99162,52.37
1222,"Spaghet BologNNese_1.1",3444.3,"-",12.00,18,66.67
1223,"Motor 0.4.0",3444.2,"-",2986.00,6053,49.33
1224,"Heimdall 1.3",3444.0,"-",948.50,1898,49.97
1225,"rofChade 2.323",3443.6,"-",16.00,52,30.77
1226,"Lc0 0.23.1",3443.4,"-",2826.00,5326,53.06
1227,"Komodo 11.2",3443.3,"-",20356.50,28801,70.68
1228,"Arasan 031eb8e",3442.5,"-",1.50,4,37.50
1229,"Igel 3.2.0",3442.3,"-",7789.00,16445,47.36
1230,"Arasan v23.4.0",3441.9,"-",41.00,80,51.25
1231,"Houdini 6.0",3441.4,"-",33568.00,61557,54.53
1232,"Wasp 7.03",3441.4,"-",11.50,22,52.27
1233,"RubiChess 2.1-0326",3440.9,"-",707.00,1295,54.59
1234,"Velvet 5.2.1",3440.7,"-",100.00,237,42.19
1235,"Stockfish 8.0",3440.6,"-",16663.00,24698,67.47
1236,"pawnocchio 1.5",3440.6,"-",620.50,1210,51.28
1237,"Texel 1.11",3440.6,"-",7125.00,15338,46.45
1238,"Ethereal 12.95",3440.5,"-",17.00,30,56.67
1239,"Halogen 10.18.1",3439.8,"-",14.50,28,51.79
1240,"Expositor 5",3439.8,"-",154.50,283,54.59
1241,"Peacekeeper 2.30",3439.3,"-",2245.50,4596,48.86
1242,"Heimdall 1.3.0",3439.1,"-",2107.50,4450,47.36
1243,"Caissa 1.10.5",3439.0,"-",5.00,10,50.00
1244,"RubiChess 2.1",3439.0,"-",20017.00,51126,39.15
1245,"Komodo 14",3438.9,"-",38254.50,73524,52.03
1246,"Komodo 11.3",3438.7,"-",2404.50,3499,68.72
1247,"Minke 4.0.0",3438.4,"-",801.00,1594,50.25
1248,"Arasan v23.0.1-21-gda3182f",3438.0,"-",14.00,22,63.64
1249,"Lizard 10.1",3437.7,"-",2068.50,3843,53.83
1250,"Minic 3.22 NyNo",3437.6,"-",1650.50,3497,47.20
1251,"Velvet 5.3.0",3437.3,"-",11378.00,23205,49.03
1252,"Uralochka 3.37c",3437.2,"-",7275.50,14270,50.98
1253,"Illumina 2",3437.2,"-",22.00,40,55.00
1254,"Minic 3.24",3437.1,"-",1415.00,2899,48.81
1255,"Spaghet MariNNara 1.0",3437.0,"-",456.00,875,52.11
1256,"Uralochka v3.39g",3436.8,"-",38.00,68,55.88
1257,"Oxide 2.0.0",3436.7,"-",1287.00,2634,48.86
1258,"Arasan 23.4",3436.3,"-",19597.00,39839,49.19
1259,"Ethereal 12.28",3436.1,"-",9.50,16,59.38
1260,"Berserk 5.0",3435.9,"-",388.00,1031,37.63
1261,"Raphael 3.1",3435.9,"-",958.50,1829,52.41
1262,"Heimdall 1.3.2",3435.8,"-",773.50,2176,35.55
1263,"Patricia 5",3435.8,"-",25.00,66,37.88
1264,"Celeris 2.0",3435.5,"-",1278.00,2504,51.04
1265,"SlowChessBlitz 2.41",3435.0,"-",29.00,51,56.86
1266,"Komodo 2306.00",3434.9,"-",8.50,18,47.22
1267,"Winter 4.0",3434.9,"-",6752.00,14207,47.53
1268,"Komodo 2135.10",3434.9,"-",17.50,26,67.31
1269,"Marvin 6.3.0-5",3434.7,"-",13.00,34,38.24
1270,"Wasp 6.50",3434.6,"-",22889.00,47449,48.24
1271,"Alexandria 4.0.0",3434.6,"-",1348.50,2894,46.60
1272,"Ethereal 14.31",3434.4,"-",77.00,158,48.73
1273,"RubiChess 2.0.1",3434.1,"-",25.00,51,49.02
1274,"Seer 2.4.0",3433.3,"-",15390.00,34601,44.48
1275,"Caissa 1.6.3",3433.2,"-",2523.50,4819,52.37
1276,"Starzix 3.0",3432.9,"-",3102.00,6440,48.17
1277,"Lc0 0.31.2 onednn",3432.9,"-",951.00,1895,50.18
1278,"Stormphrax 4.0.13_8b5dc66",3432.9,"-",7.00,15,46.67
1279,"Arasan a072c67",3432.5,"-",11.00,20,55.00
1280,"Ethereal TCEC S20 DivP",3432.5,"-",12.00,34,35.29
1281,"Nemorino 6.00",3432.5,"-",76258.50,164956,46.23
1282,"Komodo 11.2.2",3432.4,"-",12866.50,23250,55.34
1283,"Bagatur 5.2a",3432.3,"-",21.00,51,41.18
1284,"Uralochka 3.37cNN",3431.6,"-",2753.00,5284,52.10
1285,"SlowChessBlitz 2.54",3431.6,"-",6185.50,18264,33.87
1286,"Komodo 13.3",3431.4,"-",27814.50,48706,57.11
1287,"Wasp 6.53",3431.3,"-",18.00,30,60.00
1288,"Arasan 23.3",3431.2,"-",16070.00,32730,49.10
1289,"Stockfish 10pct",3431.2,"-",6.00,17,35.29
1290,"Komodo 13.1",3431.2,"-",42771.00,77896,54.91
1291,"SlowChessBlitz 2.5",3430.5,"-",25091.00,58162,43.14
1292,"Komodo 7x",3429.8,"-",28.50,64,44.53
1293,"Eleanor 3.0",3429.8,"-",996.50,2045,48.73
1294,"Superultra 1.0",3429.6,"-",9492.50,20127,47.16
1295,"Bagatur 5.3",3429.6,"-",1908.00,3854,49.51
1296,"Houdini 5.0",3429.1,"-",12594.50,19028,66.19
1297,"Houdini 5.01",3429.0,"-",15571.50,22507,69.19
1298,"Stockfish 11 CCRL",3428.9,"-",193.00,342,56.43
1299,"Ethereal 13.07-D650",3428.9,"-",1.00,2,50.00
1300,"Igel 3.0.5",3428.8,"-",37555.50,76423,49.14
1301,"Komodo 2566.00",3428.5,"-",29.00,100,29.00
1302,"Lc0 0.30.0dev onednn",3428.4,"-",550.50,1103,49.91
1303,"Komodo 10.4",3428.3,"-",14312.00,20283,70.56
1304,"Stormphrax 3.0.0",3428.1,"-",2604.50,5255,49.56
1305,"pawnocchio 1.4.1",3427.7,"-",854.50,1634,52.29
1306,"Minic 3.22",3427.2,"-",8907.00,16519,53.92
1307,"Renegade 1.1.40",3426.9,"-",3.00,8,37.50
1308,"Houdini 5",3426.7,"-",5005.50,9080,55.13
1309,"Pedone 3.1",3426.6,"-",23797.00,52215,45.58
1310,"Koivisto 7.10",3426.3,"-",3.00,6,50.00
1311,"Houdini 6 Tactical",3426.3,"-",598.50,900,66.50
1312,"Arasan 98e2384",3426.2,"-",8.50,28,30.36
1313,"Revenge 1.0",3426.2,"-",22624.00,65484,34.55
1314,"Bagatur 5.4",3426.2,"-",1710.50,3645,46.93
1315,"Booot 7.1",3426.0,"-",14393.00,29034,49.57
1316,"Komodo 11.01",3426.0,"-",13611.50,19510,69.77
1317,"Komodo 12.2.1",3425.8,"-",1325.50,2099,63.15
1318,"Velvet 5.2.0",3425.6,"-",13008.50,25305,51.41
1319,"Calvin 5.1.0",3425.6,"-",2349.50,4568,51.43
1320,"Bagatur 5.2c",3424.9,"-",21.00,36,58.33
1321,"Lc0 0.28.2 onednn",3424.9,"-",544.50,1095,49.73
1322,"Houdini 6.03",3424.3,"-",5039.50,14004,35.99
1323,"Texel 1.12a2",3423.9,"-",5.50,12,45.83
1324,"Ethereal 13.07-15EE",3423.6,"-",9.00,27,33.33
1325,"Wasp 7.01",3422.8,"-",7.00,20,35.00
1326,"Bagatur 5.5c",3422.8,"-",460.00,913,50.38
1327,"Fritz 18_Vienna",3422.7,"-",102.50,208,49.28
1328,"Rice 7.0.0",3422.2,"-",13804.00,27508,50.18
1329,"Lc0 0.28.0 onednn",3421.8,"-",957.50,1841,52.01
1330,"Clarity 5.0.0",3421.8,"-",45.50,86,52.91
1331,"Arasan 23.5",3421.8,"-",12884.50,27523,46.81
1332,"SlowChessBlitz 2.75",3421.4,"-",10.00,18,55.56
1333,"Komodo 1692.19",3420.8,"-",43.50,50,87.00
1334,"Wasp 6.5",3420.7,"-",243.00,478,50.84
1335,"Quanticade Aurora 0.8",3420.4,"-",832.50,1673,49.76
1336,"Lc0 0.29.0 dnnl",3420.3,"-",1152.50,2409,47.84
1337,"Leorik 3.2",3420.2,"-",3270.00,6293,51.96
1338,"Bagatur 5.5",3420.2,"-",652.50,1498,43.56
1339,"Komodo 14.0",3420.2,"-",7322.00,14199,51.57
1340,"Altair 6.1.3",3419.9,"-",15.00,30,50.00
1341,"Cwtch 6",3419.7,"-",512.50,945,54.23
1342,"Arasan 3e6e243",3419.5,"-",25.50,46,55.43
1343,"Lc0 0.30.0rc1 onednn",3419.4,"-",502.00,999,50.25
1344,"Minic 3.19 NyNo",3419.3,"-",1333.00,2598,51.31
1345,"Stash 37.2",3419.1,"-",15.00,40,37.50
1346,"Quanticade Aurora 0.8.1",3418.4,"-",24.50,42,58.33
1347,"Fire 8.3",3418.0,"-",3555.00,7549,47.09
1348,"Ethereal 12.75",3417.7,"-",42374.50,96410,43.95
1349,"Igel 3.1.0",3417.5,"-",14021.00,31120,45.05
1350,"Sapling 1.2.6",3417.4,"-",172.50,360,47.92
1351,"Bagatur cpp 1.0",3417.1,"-",249.00,496,50.20
1352,"Quanticade 0.8",3417.0,"-",128.50,218,58.94
1353,"Lc0 0.28RC2 onednn",3417.0,"-",660.50,1197,55.18
1354,"Fire 9.1",3416.7,"-",65.00,158,41.14
1355,"Midnight 9",3416.2,"-",6256.00,12824,48.78
1356,"Bread 300_ja_aarch64",3416.0,"-",6.00,11,54.55
1357,"Grail 2.0.1",3415.7,"-",184.00,411,44.77
1358,"Black Marlin 7.0",3415.5,"-",23962.50,48201,49.71
1359,"Komodo 12",3415.4,"-",27456.00,44979,61.04
1360,"Tucano 11.24",3414.9,"-",13.50,28,48.21
1361,"Turbulence 0.0.6",3414.9,"-",933.50,1718,54.34
1362,"Minic 3.19",3414.5,"-",7042.50,12315,57.19
1363,"Clarity 5.1.0",3414.4,"-",2728.00,6007,45.41
1364,"Tucano 11.14",3414.3,"-",16.50,30,55.00
1365,"Halogen 10.23.12",3414.1,"-",14.50,34,42.65
1366,"Fire 8.2",3414.0,"-",3166.50,7580,41.77
1367,"Igel 3.0.0",3413.7,"-",10258.00,25550,40.15
1368,"Komodo 13.2",3413.0,"-",20655.50,35318,58.48
1369,"Lc0 v0.26.2_T70",3413.0,"-",15.00,30,50.00
1370,"Stockfish 3M",3412.9,"-",285.00,584,48.80
1371,"Sapling 1.2.2",3412.4,"-",1720.00,3527,48.77
1372,"Scorpio 3.0.4",3411.9,"-",785.00,1932,40.63
1373,"Bagatur 5.1c",3411.8,"-",490.00,949,51.63
1374,"Nemorino 6.05",3410.8,"-",7699.50,17035,45.20
1375,"Marvin 6.3.0",3410.2,"-",6112.50,13128,46.56
1376,"Stormphrax 2.0.0",3410.0,"-",2619.00,5017,52.20
1377,"Serendipity 0.3.1",3409.7,"-",259.00,535,48.41
1378,"PZChessBot 5.0",3409.7,"-",984.50,1961,50.20
1379,"Tucano 11.17",3409.5,"-",16.50,34,48.53
1380,"Komodo 2356.00",3409.2,"-",24.50,42,58.33
1381,"Lc0 0310rc2 dnnl t1d",3408.6,"-",769.00,1700,45.24
1382,"Integral 4",3408.5,"-",432.00,851,50.76
1383,"Lc0 0.28RC1 onednn",3408.3,"-",548.50,1002,54.74
1384,"Sapling 1.2.1",3407.1,"-",90.50,127,71.26
1385,"Arcanum 2.8",3407.1,"-",1621.50,3305,49.06
1386,"Komodo 13.02",3407.0,"-",7049.00,13176,53.50
1387,"Komodo 10.3",3407.0,"-",12556.00,18673,67.24
1388,"Komodo 13.01",3406.9,"-",30535.50,57295,53.30
1389,"RubiChess TCEC-S21",3406.8,"-",15.50,30,51.67
1390,"Peacekeeper 2.20",3406.7,"-",1214.00,2317,52.40
1391,"Lc0 0.32.0RC1 dnnl",3406.5,"-",855.00,1791,47.74
1392,"Bagatur 5.2",3406.2,"-",492.50,948,51.95
1393,"Scorpio 3.0.15.2 K16",3405.9,"-",730.50,1404,52.03
1394,"Lc0 0.21.3 wLD2",3405.7,"-",688.00,1227,56.07
1395,"Lc0 0.21.1",3405.5,"-",1445.50,2609,55.40
1396,"Ethereal 12.62",3405.0,"-",5157.50,11166,46.19
1397,"Marvin 6.2.0-a7",3405.0,"-",46.00,98,46.94
1398,"Winter 3.07",3404.7,"-",82.50,110,75.00
1399,"akimbo 0.7.0",3404.6,"-",3756.50,8056,46.63
1400,"Arasan v23.3.0-8-g99fb1f6",3404.6,"-",14.00,24,58.33
1401,"Heimdall 1.2.2",3404.4,"-",1932.00,4112,46.98
1402,"Lizard 11.0.5",3403.8,"-",1.50,4,37.50
1403,"Clover 3.2",3403.4,"-",505.50,1023,49.41
1404,"Stormphrax 4.0.8-tcec_8c37ad4",3403.1,"-",16.00,26,61.54
1405,"Ethereal 12.42",3403.1,"-",0.50,1,50.00
1406,"Houdini 5.0 Tac",3403.0,"-",521.50,1050,49.67
1407,"Clover 3.2.1",3403.0,"-",10533.50,21901,48.10
1408,"ShashChess 1.0",3402.4,"-",1402.50,2143,65.45
1409,"Smallbrain 7.0.0",3402.4,"-",75.50,158,47.78
1410,"Nemorino 6.05Net16",3402.4,"-",2013.00,4289,46.93
1411,"Komodo 1970.00",3402.0,"-",47.00,100,47.00
1412,"Wasp 6.08",3401.8,"-",4.00,8,50.00
1413,"Viridithas 8.1.0",3401.7,"-",1251.50,2421,51.69
1414,"Patricia 4.0",3401.4,"-",9635.00,24647,39.09
1415,"Cheng 4.48",3401.3,"-",6133.50,12564,48.82
1416,"Caissa 1.4.0",3401.3,"-",1020.50,2096,48.69
1417,"Stockfish TCEC8",3401.0,"-",1222.00,2050,59.61
1418,"Komodo 2246.00",3400.9,"-",13.00,24,54.17
1419,"Koivisto 4.41_fix",3400.6,"-",7.50,10,75.00
1420,"Koivisto 6.18",3400.6,"-",7.50,10,75.00
1421,"Wasp 5.58",3400.4,"-",20.00,38,52.63
1422,"Tcheran v12.0",3400.4,"-",4.00,5,80.00
1423,"Sapling 1.2.7",3400.1,"-",921.00,1936,47.57
1424,"Scorpio 3.0.7",3400.1,"-",43.00,100,43.00
1425,"Komodo 10.2",3399.8,"-",15472.00,22720,68.10
1426,"Texel 1.10",3399.5,"-",4798.50,9736,49.29
1427,"Komodo 13.2.5",3399.3,"-",13186.00,24714,53.35
1428,"Lc0 10pct",3399.1,"-",48.50,87,55.75
1429,"Patricia 5 xtremeEAS",3399.0,"-",9267.00,27978,33.12
1430,"Lc0 0.32.0dev dnnl",3398.9,"-",440.00,898,49.00
1431,"Winter 4.04",3398.9,"-",0.50,1,50.00
1432,"Integral v4",3398.3,"-",1006.50,2033,49.51
1433,"Stash 37.10",3398.2,"-",221.00,548,40.33
1434,"rofChade 2.308",3397.9,"-",20.00,37,54.05
1435,"Caissa 1.2.0",3397.6,"-",1056.00,1995,52.93
1436,"Komodo 1318",3397.4,"-",10.50,13,80.77
1437,"Caissa 1.6",3397.3,"-",7766.50,15952,48.69
1438,"Komodo 9.3x",3397.2,"-",53.00,99,53.54
1439,"Tucano 10.0",3396.5,"-",1056.50,1800,58.69
1440,"Komodo 10.1",3396.5,"-",12552.00,17037,73.67
1441,"Smallbrain 7.0",3395.8,"-",20046.50,41054,48.83
1442,"Lc0 0.31.0 dnnl t1d",3395.8,"-",504.50,1097,45.99
1443,"Wasp 6.00",3395.7,"-",15229.00,31235,48.76
1444,"Houdini 6.02",3395.3,"-",29.00,44,65.91
1445,"Renegade 1.0.0",3395.3,"-",2982.50,6128,48.67
1446,"Caissa 1.5.0",3395.2,"-",911.50,1889,48.25
1447,"Wasp 6.11",3394.8,"-",33.50,66,50.76
1448,"Stockfish 8 MP",3394.3,"-",636.50,779,81.71
1449,"Winter 4.02c",3394.2,"-",8.00,14,57.14
1450,"Fritz Valencia_1.01",3394.1,"-",13.00,38,34.21
1451,"Pawn (Rui Coelho) 2.0",3394.0,"-",4057.00,8051,50.39
1452,"Chess.Cpp 4.0",3393.7,"-",633.50,1283,49.38
1453,"Caissa 1.5",3393.5,"-",6296.50,13198,47.71
1454,"Weiawaga 6.0.0",3393.4,"-",1645.00,3154,52.16
1455,"Komodo 9.42",3393.3,"-",15356.00,20460,75.05
1456,"Equisetum s_4.0.5a _bogotense_a",3392.9,"-",20.50,38,53.95
1457,"Arasan 23.2",3392.4,"-",13819.50,29213,47.31
1458,"Ethereal 10.81",3392.1,"-",13.50,16,84.38
1459,"Sapling 1.2.5",3392.0,"-",2.00,4,50.00
1460,"Obsidian 6.0",3391.6,"-",1078.00,2005,53.77
1461,"ChessFighter 3.7.0",3391.4,"-",0.50,2,25.00
1462,"Komodo 10.0",3391.1,"-",5115.50,7092,72.13
1463,"Peacekeeper 2.2.0",3390.9,"-",1401.50,3100,45.21
1464,"Komodo 10",3390.2,"-",11601.50,16107,72.03
1465,"Illumina 3",3390.0,"-",1049.00,1999,52.48
1466,"Wasp 6.58",3389.8,"-",17.00,42,40.48
1467,"Booot 7.0",3389.8,"-",5040.50,10249,49.18
1468,"Devre 4.0",3389.4,"-",23082.50,46773,49.35
1469,"Seer 2.3.0",3389.4,"-",13973.50,30379,46.00
1470,"Texel 1.12a5",3389.1,"-",24.00,56,42.86
1471,"Tucano 11.19",3388.9,"-",209.50,442,47.40
1472,"Velvet 5.1.0",3388.7,"-",9900.00,20732,47.75
1473,"Stash 37.13",3388.3,"-",7.50,20,37.50
1474,"Clarity 4.1.0",3387.7,"-",1482.50,2887,51.35
1475,"Weiawaga 6.0",3387.7,"-",1276.00,2476,51.53
1476,"Marvin 6.3.0-4",3387.5,"-",12.50,26,48.08
1477,"Minic 3.18 NiNo",3387.2,"-",1498.00,2993,50.05
1478,"Lambergar 1.3",3387.2,"-",2988.00,5835,51.21
1479,"Halogen 10.23.11",3387.1,"-",10031.50,19979,50.21
1480,"Igel 2",3387.0,"-",72.00,121,59.50
1481,"Minic 3.18",3386.8,"-",11423.50,22355,51.10
1482,"Stash 35.4",3386.6,"-",12.00,30,40.00
1483,"Halogen 11",3386.5,"-",3766.50,7852,47.97
1484,"Wasp 6.67b",3386.4,"-",23.50,52,45.19
1485,"Uralochka 3.36cNN",3386.2,"-",1244.00,2599,47.86
1486,"Tucano 10.13",3386.1,"-",15.00,38,39.47
1487,"Komodo 1501.01",3386.0,"-",16.00,24,66.67
1488,"Ginkgo 5.65",3386.0,"-",0.50,2,25.00
1489,"Equisetum s_4.1.1_variegatum_d",3385.9,"-",13.50,28,48.21
1490,"Tucano 12.12",3385.8,"-",7.00,16,43.75
1491,"Halogen 11.0",3385.7,"-",5509.50,11577,47.59
1492,"Texel 1.0",3385.5,"-",31.50,54,58.33
1493,"Stockfish 7",3385.3,"-",15959.00,22540,70.80
1494,"Caissa 1.4",3384.7,"-",8034.00,16160,49.72
1495,"Minic 3.15",3384.3,"-",13.00,28,46.43
1496,"Caissa 1.3.0",3383.6,"-",1007.00,1997,50.43
1497,"Komodo 12.2",3383.4,"-",4559.00,7589,60.07
1498,"SlowChessBlitz Classic 2.26",3383.1,"-",22.00,37,59.46
1499,"PZChessBot 4.0",3382.9,"-",974.00,1871,52.06
1500,"rofChade 2.214",3382.8,"-",10.00,14,71.43
1501,"Stash 37.0",3382.8,"-",4503.50,9052,49.75
1502,"Arasan v22.1.0-31-d9b3e64",3382.6,"-",2.00,6,33.33
1503,"Expositor 5WN03",3382.5,"-",7.00,23,30.43
1504,"Arcanum 2.7",3382.4,"-",2599.00,5052,51.44
1505,"Caissa 1.1",3382.1,"-",400.00,750,53.33
1506,"Saturn 1.3",3381.9,"-",4700.50,9570,49.12
1507,"RubiChess 2.0-0112",3381.4,"-",667.50,1296,51.50
1508,"Illumina 3.0",3381.3,"-",984.50,1962,50.18
1509,"SlowChessBlitz Classic 2.4",3381.1,"-",9398.00,20117,46.72
1510,"RubiChess 1.9_803c91ad5c",3380.8,"-",16.00,31,51.61
1511,"Leorik 3.1",3380.7,"-",3972.50,7596,52.30
1512,"Uralochka 3.36c",3380.5,"-",5215.50,10138,51.45
1513,"Ethereal 12.27",3380.2,"-",6.00,10,60.00
1514,"Molybdenum 4.1",3380.0,"-",2060.00,3968,51.92
1515,"Leorik 3.1.3",3379.9,"-",139.00,226,61.50
1516,"Winter 4.01a",3379.5,"-",10.50,22,47.73
1517,"Tarnished 2.1-Ambition",3379.2,"-",267.50,523,51.15
1518,"SlowChessBlitz 2.4",3378.8,"-",7223.50,22142,32.62
1519,"Avalanche 3.0.0",3378.8,"-",529.50,1104,47.96
1520,"Clarity 4.0.0",3378.7,"-",697.50,1429,48.81
1521,"BlackCore 6.0",3378.6,"-",18810.50,38636,48.69
1522,"Ethereal 11.78",3378.4,"-",22.00,44,50.00
1523,"Equisetum s_4.1.8_variegatum.f",3378.3,"-",3.50,8,43.75
1524,"Lc0 Stein",3378.1,"-",10.50,18,58.33
1525,"Lc0 Steinold",3378.1,"-",2.00,4,50.00
1526,"Halogen 10.23.13",3377.5,"-",24.00,47,51.06
1527,"Wasp 6.55",3377.4,"-",12.00,24,50.00
1528,"Scorpio 3.0",3377.1,"-",484.00,948,51.05
1529,"Minke 3.0.0",3376.9,"-",917.50,1821,50.38
1530,"Komodo 12.3",3376.7,"-",45784.00,88138,51.95
1531,"Clover 3.1",3376.7,"-",17560.00,35837,49.00
1532,"Fire 6.2",3376.5,"-",72.50,103,70.39
1533,"Grail 2.0.0",3376.4,"-",1704.00,3318,51.36
1534,"Nemorino 6.06",3375.9,"-",5.50,12,45.83
1535,"Devre 5.0",3375.8,"-",4347.00,9427,46.11
1536,"Ethereal 11.78_attack_tables_debug2",3374.8,"-",23.00,48,47.92
1537,"Ethereal 11.38",3374.7,"-",51.50,99,52.02
1538,"Smallbrain 6.0.0",3374.1,"-",15.50,28,55.36
1539,"Lc0 0.28.2 onednnTinker192x15",3374.0,"-",175.50,402,43.66
1540,"Ethereal 12.50",3373.1,"-",10755.50,24419,44.05
1541,"Petrel 3.5",3373.0,"-",649.50,1308,49.66
1542,"Ethereal 13.07",3373.0,"-",2192.00,6951,31.54
1543,"Texel 1.12a4",3372.8,"-",12.50,30,41.67
1544,"Stockfish 6",3371.8,"-",10091.50,15149,66.61
1545,"Stockfish 7.0",3371.7,"-",17441.00,26972,64.66
1546,"Stockfish 1M",3371.1,"-",293.00,578,50.69
1547,"Stash 35.3",3371.1,"-",1.00,2,50.00
1548,"Velvet 5.0.0",3371.0,"-",8694.00,17771,48.92
1549,"rofChade 2.301",3371.0,"-",7.00,12,58.33
1550,"Rebel 15x2",3370.3,"-",9171.50,20321,45.13
1551,"Weiss 2.1",3369.7,"-",676.50,1301,52.00
1552,"Berserk 4.5.1",3369.6,"-",13383.50,30211,44.30
1553,"Fritz 18",3369.6,"-",48209.00,100899,47.78
1554,"RubiChess 2.0",3369.1,"-",13480.00,34992,38.52
1555,"Molybdenum 4.0",3368.7,"-",3156.50,6708,47.06
1556,"Caissa 1.3",3368.7,"-",6869.50,13483,50.95
1557,"Scorpio 3.0.15 K16",3368.6,"-",770.50,1495,51.54
1558,"Marvin 6.2.0",3368.3,"-",13841.50,27651,50.06
1559,"Komodo 9.2",3367.9,"-",14047.00,19716,71.25
1560,"rofChade 2.306",3367.7,"-",11.50,22,52.27
1561,"Dragon Komodo",3367.4,"-",163.50,317,51.58
1562,"Komodo 9.3",3366.7,"-",12104.50,17280,70.05
1563,"Exocet 0.4.0",3366.4,"-",78.50,109,72.02
1564,"Chess System-Tal 2.1 EAS",3366.2,"-",11.50,28,41.07
1565,"Stash 35.26",3365.6,"-",322.00,601,53.58
1566,"Tcheran 9.0",3365.6,"-",745.50,1485,50.20
1567,"Ethereal 11.88",3365.5,"-",39.00,63,61.90
1568,"Quirky 2.1",3365.2,"-",1156.50,2233,51.79
1569,"Halogen 11.4",3364.9,"-",11581.50,22913,50.55
1570,"Komodo 12.2.2",3364.7,"-",10790.00,17754,60.78
1571,"Xiphos 0.5.2",3364.1,"-",22.00,32,68.75
1572,"Tucano 10.00",3364.1,"-",24029.00,49622,48.42
1573,"Caissa 1.2",3363.8,"-",7101.50,13947,50.92
1574,"Caissa 1.0.0",3363.6,"-",1447.50,2788,51.92
1575,"ClassicAra 0.9.6",3362.9,"-",7.00,16,43.75
1576,"Viridithas 8.0.0",3362.9,"-",6773.00,14160,47.83
1577,"Rebel 15",3362.9,"-",6897.00,14069,49.02
1578,"Stash 33.13",3362.7,"-",12.50,18,69.44
1579,"Tucano 11.27",3362.2,"-",14.00,36,38.89
1580,"Calvin 510",3362.1,"-",15.50,76,20.39
1581,"Clover 6.0.10",3361.9,"-",2.00,6,33.33
1582,"Winter 3.10a",3361.6,"-",97.00,168,57.74
1583,"Ethereal 12.25",3361.4,"-",16081.00,36442,44.13
1584,"Wasp 5",3361.1,"-",116.50,319,36.52
1585,"Ethereal 12.09",3360.8,"-",3.50,5,70.00
1586,"Koivisto 5.0",3360.4,"-",2300.00,4578,50.24
1587,"Winter 0.7.5",3360.3,"-",9.50,14,67.86
1588,"Schneckbert v3",3359.5,"-",22.50,30,75.00
1589,"Pedantic 2.1.0",3359.5,"-",3226.00,6234,51.75
1590,"Bread 2.1.1",3359.4,"-",911.00,1839,49.54
1591,"Lizard 10.0",3359.2,"-",876.00,1726,50.75
1592,"pawnocchio 1.3.1415",3358.9,"-",999.00,1893,52.77
1593,"Tucano 10",3358.9,"-",97.00,200,48.50
1594,"Arasan v23.2.0-21-5db490e",3357.9,"-",16.50,30,55.00
1595,"rofChade 2.204",3357.7,"-",7.50,15,50.00
1596,"Arasan 24.2",3357.7,"-",95.00,170,55.88
1597,"Marvin 6.1.0",3357.6,"-",16761.50,34337,48.81
1598,"Cheng 4.47",3357.6,"-",3093.00,6427,48.13
1599,"Ethereal 11.78_ttbucket_lock",3357.5,"-",5.50,12,45.83
1600,"Igel 2.9.0",3357.2,"-",15289.00,38614,39.59
1601,"Marvin 6.1.0-a4",3356.2,"-",22.50,44,51.14
1602,"Vajolet2 3.2",3356.1,"-",649.00,1291,50.27
1603,"akimbo 0.6.0",3356.0,"-",2018.00,3761,53.66
1604,"Jackal 2.0.0",3355.4,"-",9816.00,32680,30.04
1605,"Velvet 4.1.0",3355.1,"-",13411.00,26315,50.96
1606,"Monolith android-armv8",3355.0,"-",5.00,12,41.67
1607,"Houdini 6.0 Tac",3354.9,"-",36.00,99,36.36
1608,"Schneckbert 3.0",3354.9,"-",2712.50,5723,47.40
1609,"Komodo 9.0",3354.7,"-",9338.50,12935,72.20
1610,"Komodo 2522.05",3354.6,"-",3.50,7,50.00
1611,"SlowChessBlitz 2.3",3354.3,"-",8446.50,23091,36.58
1612,"Chess System Tal 2.1",3354.2,"-",10004.00,33621,29.76
1613,"Perseus 1.1",3354.0,"-",3215.50,6538,49.18
1614,"Caissa 0.5",3353.7,"-",128.50,191,67.28
1615,"Expositor 5WB25",3352.5,"-",11.00,24,45.83
1616,"Marvin 6.20",3352.3,"-",35.50,99,35.86
1617,"Stockfish 3pct",3352.0,"-",92.50,154,60.06
1618,"Marvin 5.2.0-a6",3351.4,"-",2.50,6,41.67
1619,"Panda 1.2",3351.3,"-",803.00,1489,53.93
1620,"Wasp 5.50",3351.2,"-",12591.00,26618,47.30
1621,"SlowChessBlitz Classic 2.3",3351.2,"-",7466.00,16465,45.34
1622,"Wasp 5.62",3351.2,"-",21.50,44,48.86
1623,"Nemorino 6.08",3350.9,"-",26.00,50,52.00
1624,"Drofa 3.2.10",3350.5,"-",10.00,16,62.50
1625,"Lunar 0.3.0",3350.3,"-",1848.50,3614,51.15
1626,"Alexandria 3.5.0",3350.2,"-",1857.00,4096,45.34
1627,"StockDory Starfish 0.1",3349.7,"-",3008.00,6213,48.41
1628,"Nemorino 6.04",3349.4,"-",25.50,47,54.26
1629,"Princhess 0.20.0-13-g442e70f",3348.6,"-",3.00,8,37.50
1630,"Komodo 9.1",3348.3,"-",9129.50,12974,70.37
1631,"Fritz 18 Neuronal",3347.7,"-",1907.50,4176,45.68
1632,"Heimdall 1.1.1",3346.8,"-",1832.00,3600,50.89
1633,"Combusken 1.9.9_TCEC_Swiss_2",3346.6,"-",14.00,28,50.00
1634,"Peacekeeper 2.1.0",3346.5,"-",841.00,1799,46.75
1635,"Serendipity 0.2",3346.4,"-",422.00,866,48.73
1636,"Wasp 6.09",3346.0,"-",11.50,24,47.92
1637,"Tucano 11.00.1",3346.0,"-",1839.00,3734,49.25
1638,"Wasp 6.65c",3345.1,"-",15.00,34,44.12
1639,"Avalanche 2.1.0",3344.8,"-",5208.00,11178,46.59
1640,"Ethereal 11.71",3344.6,"-",9.00,30,30.00
1641,"Arasan 23.0.1",3344.3,"-",10013.50,22815,43.89
1642,"MrBob 1.3.0",3344.2,"-",518.50,1083,47.88
1643,"Ethereal 12.00",3344.1,"-",21978.50,48039,45.75
1644,"rofChade 2.309",3343.9,"-",62.00,146,42.47
1645,"Scorpio 3.0.13 K16",3343.8,"-",695.00,1305,53.26
1646,"RubiChess 1.9-1107",3343.6,"-",679.50,1400,48.54
1647,"Wasp 6.57",3343.3,"-",6.50,17,38.24
1648,"ChessFighter 4.0",3343.0,"-",7.50,18,41.67
1649,"Astra 4.1",3342.7,"-",345.50,648,53.32
1650,"Tcheran 8.0",3342.6,"-",1362.00,2547,53.47
1651,"Wasp 5.02",3342.5,"-",34.50,64,53.91
1652,"Berserk 4.4.0",3342.2,"-",1833.00,3701,49.53
1653,"Peacekeeper 2.10",3341.8,"-",1593.00,3511,45.37
1654,"Igel 2.8.0",3341.6,"-",15338.50,35980,42.63
1655,"Black Marlin 6.0",3341.3,"-",7289.00,13590,53.64
1656,"Willow 3.1",3341.0,"-",3831.50,8033,47.70
1657,"Ethereal 11.57",3340.6,"-",22.50,40,56.25
1658,"Cheng 4.48a",3340.4,"-",13.00,36,36.11
1659,"Velvet 4.0.0",3340.4,"-",7583.50,14901,50.89
1660,"Halogen 11.4.1",3339.9,"-",79.50,184,43.21
1661,"Ethereal 11.75",3339.7,"-",23527.00,54977,42.79
1662,"Expositor 4WR02",3339.2,"-",4784.00,10081,47.46
1663,"Uralochka 3.35a",3339.0,"-",707.00,1501,47.10
1664,"Velvet v3.3.0",3339.0,"-",360.50,1495,24.11
1665,"Toga IV 1.11",3338.9,"-",6027.50,11964,50.38
1666,"Alexandria 3.5",3338.9,"-",9184.00,20120,45.65
1667,"SlowChessBlitz Classic 2.2",3338.4,"-",9846.50,21396,46.02
1668,"Publius 1.02",3338.4,"-",18.00,24,75.00
1669,"Molybdenum 3.1",3338.0,"-",1108.50,2546,43.54
1670,"Stash 35.15",3338.0,"-",11.00,29,37.93
1671,"Winter 2.04b",3337.8,"-",49.50,100,49.50
1672,"BlackCore 5.1",3337.7,"-",7265.00,13943,52.10
1673,"SlowChessBlitz 2.2",3337.2,"-",4276.50,11953,35.78
1674,"Komodo 9",3337.0,"-",5735.00,8366,68.55
1675,"Fire 7.0",3336.5,"-",3287.50,5342,61.54
1676,"Lc0 v0.21.3-nLD2",3336.3,"-",33.50,48,69.79
1677,"Chessnix 1.4",3336.3,"-",873.00,1730,50.46
1678,"Arasan 23.0",3336.0,"-",1007.50,2102,47.93
1679,"Stash 36.0",3335.9,"-",4553.50,9181,49.60
1680,"StockDory 0.1",3335.5,"-",5070.00,9963,50.89
1681,"Bagatur 5.1",3334.9,"-",1049.50,2187,47.99
1682,"Wasp 5.5",3334.8,"-",128.00,360,35.56
1683,"Stash 34.12",3334.2,"-",15.00,28,53.57
1684,"Caissa 1.20.3",3334.1,"-",1.00,4,25.00
1685,"Renegade 1.2.9",3334.1,"-",1.00,4,25.00
1686,"Tucano 11.00",3334.0,"-",8507.00,17100,49.75
1687,"Yukari 2025.3.4",3333.8,"-",1055.00,1991,52.99
1688,"Caissa 1.0",3333.5,"-",4815.00,10267,46.90
1689,"Scorpio 3.0.14d",3333.5,"-",15799.50,31931,49.48
1690,"Stormphrax 1.0.0",3333.2,"-",10048.50,18328,54.83
1691,"Pedone 3",3332.9,"-",2988.50,8616,34.69
1692,"Pedone 3.0",3332.8,"-",6754.50,15069,44.82
1693,"Fire 7.1",3332.5,"-",116503.00,261817,44.50
1694,"Petrel 3.4",3332.0,"-",777.00,1634,47.55
1695,"Wasp 5.54",3330.8,"-",14.50,32,45.31
1696,"Komodo 11.01 MP",3330.3,"-",629.00,812,77.46
1697,"Sapling 1-1-6",3330.1,"-",19.00,34,55.88
1698,"Lc0 0.27.0 dnnl",3329.7,"-",643.50,1394,46.16
1699,"Midnight 8",3329.0,"-",2319.00,4896,47.37
1700,"Ethereal 11.11",3329.0,"-",1354.00,2699,50.17
1701,"Ethereal 11.50",3328.8,"-",4881.50,9864,49.49
1702,"Lambergar 1.2",3328.7,"-",1962.50,3965,49.50
1703,"RukChess 4.2.0",3328.7,"-",2256.00,4574,49.32
1704,"Schneckbert 2.0",3328.7,"-",2811.00,5433,51.74
1705,"Minic 3.17",3328.7,"-",7091.00,15306,46.33
1706,"Ethereal 10.85",3328.5,"-",30.00,44,68.18
1707,"Calvin 5.0.2",3328.4,"-",1956.50,4074,48.02
1708,"Wasp 4.60",3328.3,"-",0.50,2,25.00
1709,"Counter 5.5",3328.2,"-",6922.00,14368,48.18
1710,"Booot 6.5",3327.9,"-",19326.50,45773,42.22
1711,"Xiphos 0.6",3327.1,"-",76643.00,183336,41.80
1712,"ClassicAra 0.9.5 FP16",3326.6,"-",436.50,997,43.78
1713,"Prune 3.1.0",3326.1,"-",808.00,1671,48.35
1714,"Ethereal 11.14",3325.9,"-",11.50,30,38.33
1715,"Seer 2.2.0",3325.5,"-",2122.50,6080,34.91
1716,"Minic 2.51NaNu",3325.1,"-",759.00,1500,50.60
1717,"Xiphos 0.4.2",3324.9,"-",7.00,13,53.85
1718,"Cheng 4.46",3324.5,"-",1161.50,2555,45.46
1719,"Winter 3.0",3324.3,"-",3736.50,7634,48.95
1720,"Stockfish 6.0",3323.9,"-",17850.00,28764,62.06
1721,"Winter 2.07e",3323.6,"-",12.00,28,42.86
1722,"Wasp 5.00",3323.5,"-",9266.50,18394,50.38
1723,"Equisetum s_4.0.5_bogotense",3323.5,"-",13.00,26,50.00
1724,"Arasan TCEC_CUP4",3323.2,"-",6.00,9,66.67
1725,"RubiChess 1.9dev",3323.2,"-",2947.50,12923,22.81
1726,"ClassicAra 0.9.2.post0",3323.0,"-",1.50,4,37.50
1727,"Andscacs 095",3322.7,"-",14.00,34,41.18
1728,"Xiphos 0.6.1",3322.7,"-",817.00,1725,47.36
1729,"Arasan 23.1",3322.7,"-",1974.00,7477,26.40
1730,"Smallbrain 6.0",3322.5,"-",10690.00,21608,49.47
1731,"Texel 1.09",3322.2,"-",9749.50,18028,54.08
1732,"Starzix 2.1",3322.2,"-",397.50,838,47.43
1733,"Komodo 1331",3322.2,"-",21.50,36,59.72
1734,"Komodo 14.1 aggress",3322.0,"-",7523.00,13965,53.87
1735,"Velvet 4.0.1",3321.4,"-",138.50,239,57.95
1736,"Minke 2.0.0",3320.9,"-",828.00,1530,54.12
1737,"Xiphos 0.5.6",3320.3,"-",7936.50,21949,36.16
1738,"Lynx 1.11.0",3320.3,"-",3475.50,6894,50.41
1739,"Minic 3.16",3320.2,"-",5755.50,12170,47.29
1740,"Rebel 1.1",3319.8,"-",7997.00,30846,25.93
1741,"Reckless 0.6.0",3319.5,"-",3048.00,6396,47.65
1742,"Komodo 14 CCRL",3319.0,"-",119.00,229,51.97
1743,"Arcanum 2.6",3318.8,"-",1891.00,3804,49.71
1744,"RubiChess 1.9.0",3317.9,"-",745.50,1600,46.59
1745,"Tarnished 2.1",3317.2,"-",34.50,55,62.73
1746,"Winter 3.01c",3317.2,"-",10.50,29,36.21
1747,"rofChade 2.305",3317.1,"-",4.50,10,45.00
1748,"Eleanor 2.0",3317.0,"-",1419.00,2874,49.37
1749,"Mantissa 3",3316.9,"-",47.50,94,50.53
1750,"Zahak 10",3316.4,"-",155.50,378,41.14
1751,"Tunguska 2.1",3316.2,"-",415.00,783,53.00
1752,"BlackCore 6.0.1",3315.6,"-",22.00,48,45.83
1753,"Heimdall 1.3.1",3314.7,"-",11.50,24,47.92
1754,"Scorpio 3.0.15",3314.3,"-",247.00,658,37.54
1755,"Ethereal 11.53",3313.9,"-",20000.50,48361,41.36
1756,"Koivisto 5",3313.7,"-",2482.50,6977,35.58
1757,"RubiChess 1.9",3313.5,"-",4989.00,12506,39.89
1758,"Lc0 v0.21.2-nLD2",3313.1,"-",54.50,68,80.15
1759,"Toga IV 1.1",3312.5,"-",2280.50,4584,49.75
1760,"Xiphos 0.5.3",3312.3,"-",6233.00,21027,29.64
1761,"Caissa 0.9.0",3311.7,"-",1351.00,2932,46.08
1762,"Weiss 2.0",3311.5,"-",44136.50,94837,46.54
1763,"rofChade 3.020a",3311.5,"-",0.50,2,25.00
1764,"Coiled 1.1",3311.2,"-",22042.50,44859,49.14
1765,"Wasp 5.20",3311.1,"-",10120.00,22566,44.85
1766,"Avalanche 2.0.0",3310.8,"-",2460.50,5222,47.12
1767,"RubiChess 1.9dev1028",3309.9,"-",101.50,299,33.95
1768,"Stash 35.0",3309.8,"-",4323.50,9223,46.88
1769,"Gogobello 3",3309.8,"-",21397.50,44824,47.74
1770,"Rebel 14.2",3309.6,"-",3095.00,7104,43.57
1771,"Arasan 22.0_c5b58e5",3309.4,"-",6.50,13,50.00
1772,"Frozenight 6.0.0",3309.1,"-",16155.00,33696,47.94
1773,"Astra 4.0.1",3308.9,"-",373.00,734,50.82
1774,"Nemorino 6.11",3308.7,"-",109.00,279,39.07
1775,"Stash 35.6",3308.6,"-",12.50,28,44.64
1776,"Stockfish 1pct",3308.6,"-",46.50,69,67.39
1777,"Viridithas 7.0.0",3308.6,"-",8130.50,16963,47.93
1778,"bitbit 1.5",3308.2,"-",1888.00,3676,51.36
1779,"Cwtch 5",3307.7,"-",1085.50,2173,49.95
1780,"Komodo 1333",3307.4,"-",33.50,64,52.34
1781,"Komodo 1217",3306.8,"-",17.00,24,70.83
1782,"Nalwald 19",3306.8,"-",4583.00,9123,50.24
1783,"rofChade 2.213",3306.1,"-",27.50,48,57.29
1784,"Scorpio 3.0.14",3305.4,"-",453.50,1198,37.85
1785,"Publius 1.2",3305.4,"-",8.00,13,61.54
1786,"Stash 34.9",3305.0,"-",13.00,30,43.33
1787,"Petrel 3.3.1",3304.7,"-",322.00,664,48.49
1788,"Marvin 6.0.0-a7",3304.2,"-",12.50,24,52.08
1789,"Grail 1.1.0",3304.1,"-",990.00,1981,49.97
1790,"Velvet 3.3.0",3303.9,"-",10813.50,23086,46.84
1791,"Quirky 2.0",3303.9,"-",1398.00,2919,47.89
1792,"Odonata 1.1.0",3303.8,"-",2454.50,5071,48.40
1793,"Sapling 1-1-8",3303.5,"-",23.00,70,32.86
1794,"Booot 7.1 _lazar",3303.4,"-",21.50,54,39.81
1795,"Clover 3.0",3303.3,"-",8113.00,17175,47.24
1796,"Ethereal 11.25",3303.0,"-",23249.00,54211,42.89
1797,"Winter 1.23",3302.7,"-",11.50,24,47.92
1798,"Lc0 0.24.0",3302.6,"-",3789.50,7739,48.97
1799,"Lambergar 1.1",3302.4,"-",3016.00,6244,48.30
1800,"Chiron 5.01",3301.6,"-",422.50,992,42.59
1801,"rofChade 2.3",3301.2,"-",34134.50,79247,43.07
1802,"Marvin 6.0.0",3301.1,"-",10507.50,21694,48.44
1803,"Hiarcs 15.3.1",3300.9,"-",1272.50,2616,48.64
1804,"Koivisto 4.83",3300.9,"-",646.50,1099,58.83
1805,"Rice 6.0",3300.7,"-",883.50,1790,49.36
1806,"Chiron S13",3300.3,"-",33.00,72,45.83
1807,"Oxide 1.4.0",3300.0,"-",363.50,750,48.47
1808,"Ethereal 11.00",3300.0,"-",9569.50,19122,50.04
1809,"Ethereal 10.97",3299.7,"-",721.50,1588,45.43
1810,"Xiphos 0.5",3299.7,"-",20504.50,41220,49.74
1811,"Publius 1.1",3299.4,"-",569.00,1118,50.89
1812,"Ethereal 11.78_attack_tables",3298.9,"-",24.50,47,52.13
1813,"EveAnn 5.1",3298.4,"-",277.50,572,48.51
1814,"Ethereal 11.12",3298.2,"-",3014.50,8980,33.57
1815,"bitbit 1.6",3298.1,"-",1658.00,3389,48.92
1816,"Lc0 0.25.1 dnnl",3298.0,"-",1164.00,2102,55.38
1817,"Vajolet2 3.0.0",3297.7,"-",35.50,50,71.00
1818,"Halogen 10.20.5",3297.6,"-",12.00,22,54.55
1819,"Fire 7",3297.6,"-",18.00,40,45.00
1820,"Caligula 7.0",3297.2,"-",2002.00,4104,48.78
1821,"Berserk 4.3.0",3296.9,"-",640.00,1099,58.23
1822,"Lc0 v0.22.0-nLD2",3296.6,"-",4.50,12,37.50
1823,"ClassicAra 0.9.3 INT8",3296.0,"-",144.50,300,48.17
1824,"DefenChess 2",3295.7,"-",206.50,375,55.07
1825,"RubiChess 2.0.1 Classical",3295.6,"-",10.00,30,33.33
1826,"Jonny 7.20",3295.5,"-",10.50,13,80.77
1827,"Zahak 10.0",3295.2,"-",24844.50,53984,46.02
1828,"Wasp 5.25",3295.2,"-",13.50,28,48.21
1829,"Vajolet2 3.1",3295.1,"-",720.00,1454,49.52
1830,"Alexandria 3.0.2",3294.6,"-",4607.50,8723,52.82
1831,"Gogobello 3.0",3293.6,"-",281.00,662,42.45
1832,"Winter 0.9.7",3293.5,"-",14.50,31,46.77
1833,"Perseus 1.0",3292.7,"-",2477.00,4714,52.55
1834,"Scorpio 3.0.10 dh2",3292.6,"-",712.00,1498,47.53
1835,"Dragon 3 aggressive",3292.3,"-",9520.50,19967,47.68
1836,"rofChade 2.005T",3292.3,"-",4.50,8,56.25
1837,"Stash 34.3",3292.0,"-",10.00,22,45.45
1838,"Laser 1.8 _256th",3291.9,"-",46.50,87,53.45
1839,"Minic 3.14 NuNe",3291.9,"-",1674.50,3097,54.07
1840,"Hiarcs 15",3291.6,"-",1506.50,3088,48.79
1841,"Counter 5.0 amd64",3291.6,"-",8622.50,16945,50.89
1842,"Combusken 2.0.0 amd64",3291.6,"-",17402.50,34873,49.90
1843,"Frozenight 7.0.0",3290.6,"-",225.00,566,39.75
1844,"Igel 2.7.0",3290.4,"-",7763.50,18548,41.86
1845,"Integral 3",3290.3,"-",483.50,990,48.84
1846,"Uralochka 3.39e",3290.2,"-",10.50,24,43.75
1847,"Toga IV Rebel14.1",3290.1,"-",3573.50,6987,51.14
1848,"Stockfish 5",3290.0,"-",7287.50,11081,65.77
1849,"Lynx 1",3290.0,"-",27.00,64,42.19
1850,"Ethereal 11.86",3289.6,"-",2.50,6,41.67
1851,"Maelstrom 3.3.0",3289.3,"-",1389.00,2739,50.71
1852,"Caissa 0.8.0",3289.1,"-",1191.00,2298,51.83
1853,"Bit-Genie 9.23",3288.5,"-",54.50,100,54.50
1854,"Expositor WK16+1159",3288.4,"-",14.00,28,50.00
1855,"Saturn 1.2",3288.4,"-",1152.50,2246,51.31
1856,"Counter 5.0",3288.3,"-",5647.50,12260,46.06
1857,"Komodo 8.0",3288.2,"-",12139.00,18810,64.53
1858,"Laser 1.8",3287.9,"-",707.00,1874,37.73
1859,"Komodo 8",3287.7,"-",7594.50,11626,65.32
1860,"Zahak 9.0",3287.2,"-",14008.00,31065,45.09
1861,"Velvet 3.2.0",3287.1,"-",6925.50,13954,49.63
1862,"EveAnn 5.0",3287.0,"-",437.00,804,54.35
1863,"Minic 2.51 nasc_nutr",3286.9,"-",2171.00,6977,31.12
1864,"Publius 1.0",3286.7,"-",1270.50,2434,52.20
1865,"Booot 6.4",3286.6,"-",25716.50,60007,42.86
1866,"Alexandria 3.0.1",3286.3,"-",3601.50,6976,51.63
1867,"Peacekeeper 2.0.0",3285.8,"-",975.00,2000,48.75
1868,"Odonata 1.0.0",3285.0,"-",2988.50,5681,52.61
1869,"RukChess 4.1.0",3284.8,"-",2098.00,4196,50.00
1870,"Hiarcs 15.2",3284.4,"-",4880.50,11747,41.55
1871,"rofChade 2.207",3283.6,"-",11.50,25,46.00
1872,"Ginkgo S16",3283.6,"-",13.00,24,54.17
1873,"Caissa 0.9",3283.5,"-",4698.50,10409,45.14
1874,"Integral v3",3283.3,"-",274.50,573,47.91
1875,"Peacekeeper 2.00",3283.2,"-",818.50,1682,48.66
1876,"Nalwald 19.0",3282.9,"-",1559.50,3402,45.84
1877,"Caligula 6.0",3282.6,"-",391.00,785,49.81
1878,"Stash 34.23",3282.6,"-",13.00,32,40.63
1879,"Komodo 1223",3282.2,"-",28.00,48,58.33
1880,"Hiarcs 15.4",3281.7,"-",4601.50,9924,46.37
1881,"Petrel 3.2",3281.5,"-",941.50,1824,51.62
1882,"rofChade 2.217",3281.3,"-",8.00,18,44.44
1883,"Ginkgo 2.12",3281.2,"-",10.50,18,58.33
1884,"Expositor 25.S",3280.7,"-",12.00,24,50.00
1885,"Expositor 25.C",3280.7,"-",14.50,38,38.16
1886,"Stockfish 5.0",3280.2,"-",15600.00,24044,64.88
1887,"rofChade 2.212",3279.8,"-",10.50,26,40.38
1888,"Stash 34.0",3279.6,"-",15754.50,32555,48.39
1889,"Sturddle 2.5.0",3279.3,"-",1025.00,2082,49.23
1890,"Minic 3.09NiNi",3279.2,"-",692.50,1396,49.61
1891,"Schooner 2.2",3278.6,"-",33600.00,71340,47.10
1892,"Hiarcs 15.3",3278.6,"-",3989.50,9108,43.80
1893,"Drofa 4.0.4",3278.5,"-",10.00,22,45.45
1894,"Little Goliath Evolution 3.17",3278.5,"-",2344.50,5158,45.45
1895,"Lc0 0.29 dnll",3278.3,"-",16481.00,32891,50.11
1896,"Sapling 1-0-1",3278.2,"-",6.00,16,37.50
1897,"Fire 6.1",3278.2,"-",20573.00,47717,43.11
1898,"Chiron S13.2",3278.1,"-",9.50,19,50.00
1899,"Wasp 4.5",3277.9,"-",83.50,280,29.82
1900,"Expositor 2BR17",3277.7,"-",9361.50,19428,48.19
1901,"Mantissa 3.7.2",3277.6,"-",20222.00,42670,47.39
1902,"Little Goliath Evolution 3.16",3277.2,"-",2030.50,4491,45.21
1903,"Black Marlin 5.0",3276.8,"-",9896.50,22476,44.03
1904,"DefenChess 2.3",3276.4,"-",9862.00,21207,46.50
1905,"Pedantic 2.0.0",3276.3,"-",2687.50,5254,51.15
1906,"Ethereal 11.24",3276.2,"-",16.00,24,66.67
1907,"Bread 2.0.0",3276.2,"-",822.50,1605,51.25
1908,"Rebel 14.1",3275.7,"-",6620.50,13121,50.46
1909,"Ginkgo S13",3274.0,"-",29.00,75,38.67
1910,"Stockfish 5 syzygy",3274.0,"-",960.00,1328,72.29
1911,"PZChessBot 3.0",3273.6,"-",923.50,1832,50.41
1912,"rofChade 2.202",3273.4,"-",4152.50,8635,48.09
1913,"Alexandria 3.1.0",3273.4,"-",7635.00,15956,47.85
1914,"Minic 3.13",3273.3,"-",5121.50,14645,34.97
1915,"Hiarcs 15.0",3272.9,"-",4321.00,9193,47.00
1916,"Combusken 2.0.0",3272.4,"-",9445.00,21012,44.95
1917,"RukChess 3.0.19",3272.3,"-",354.50,713,49.72
1918,"Publius 1.0 slow",3272.1,"-",17.50,26,67.31
1919,"SlowChessBlitz Classic 2.25",3270.8,"-",29.50,36,81.94
1920,"Myrddin 0.96",3270.7,"-",588.50,1242,47.38
1921,"EveAnn 4.0",3270.3,"-",1930.00,3780,51.06
1922,"Arasan 22.0_f928f5c",3269.6,"-",23.50,44,53.41
1923,"Nemorino 5.25",3269.4,"-",14.00,22,63.64
1924,"Lizard 11.1.5",3269.1,"-",112.00,306,36.60
1925,"Arcanum 2.5",3268.9,"-",2503.00,5240,47.77
1926,"Laser 1.7",3268.7,"-",49346.00,108204,45.60
1927,"rofChade 2.016T",3268.7,"-",16.00,24,66.67
1928,"Pawn (Rui Coelho) 1.0",3268.5,"-",8147.00,17512,46.52
1929,"MrBob 1.2.0",3268.0,"-",341.00,551,61.89
1930,"Calvin 4.3.0",3267.7,"-",647.00,1350,47.93
1931,"Odonata 1.0",3267.7,"-",1707.00,3465,49.26
1932,"Princhess 0.21.0",3267.6,"-",2923.50,6282,46.54
1933,"Halogen 10.12",3267.5,"-",12.50,26,48.08
1934,"Halogen 10.11.1",3267.5,"-",30.50,50,61.00
1935,"Ethereal 10.88",3267.2,"-",1670.00,3048,54.79
1936,"Sturddle 2.3",3266.3,"-",110.50,250,44.20
1937,"Chess System Tal EXTREME",3265.4,"-",5682.50,28627,19.85
1938,"Xiphos 0.4.14",3265.3,"-",7.50,12,62.50
1939,"Oxide 1.3.0",3264.5,"-",107.50,222,48.42
1940,"Fritz 17",3264.5,"-",25330.50,54626,46.37
1941,"Hiarcs 15.1",3264.0,"-",4110.00,10980,37.43
1942,"Seer 2.1.0",3264.0,"-",2958.50,7711,38.37
1943,"Shredder 13",3263.2,"-",85327.50,189791,44.96
1944,"SlowChessBlitz Classic 2.1",3263.2,"-",4560.50,10349,44.07
1945,"Protej 0.6.8",3263.1,"-",4485.50,8862,50.61
1946,"Ginkgo 2.18b",3262.7,"-",11.50,20,57.50
1947,"Fire 5",3261.8,"-",15486.50,29473,52.54
1948,"Komodo 2012.00",3261.8,"-",35.50,60,59.17
1949,"Ginkgo 2.18",3261.6,"-",8028.00,18282,43.91
1950,"bitbit 1.4",3261.6,"-",1688.00,3451,48.91
1951,"Koivisto 4.16",3261.4,"-",6.00,11,54.55
1952,"Caissa 0.8",3260.8,"-",4160.50,8914,46.67
1953,"Lc0 0.30 dnll",3260.5,"-",5552.00,11943,46.49
1954,"ClassicAra 0.9.4",3260.3,"-",12.50,27,46.30
1955,"Ginkgo 2.012",3260.2,"-",17.00,28,60.71
1956,"Komodo 1188",3258.4,"-",20.50,26,78.85
1957,"DefenChess 2.2",3258.3,"-",19774.50,46503,42.52
1958,"Stash 33.0",3257.8,"-",9793.00,21330,45.91
1959,"Cadie 2.1",3257.7,"-",1836.50,3712,49.47
1960,"Cwtch 4",3257.6,"-",2131.00,4358,48.90
1961,"Lc0 1pct",3257.4,"-",56.50,72,78.47
1962,"Drofa 3.3.18",3257.2,"-",9.50,20,47.50
1963,"RukChess 4.0.0",3256.8,"-",709.50,1491,47.59
1964,"Drofa 4.1.1",3256.6,"-",214.00,536,39.93
1965,"Minic 3.07 NaNo",3256.4,"-",2064.00,4038,51.11
1966,"Nalwald 18",3256.4,"-",4311.50,8756,49.24
1967,"Cheng 4.45",3256.4,"-",1926.50,3301,58.36
1968,"Ginkgo 1.9h",3256.2,"-",37.50,50,75.00
1969,"rofChade 2.2",3256.0,"-",8875.00,24363,36.43
1970,"Motor 0.3.0",3255.9,"-",41.50,91,45.60
1971,"Patricia 3.1",3254.1,"-",7840.50,42460,18.47
1972,"Booot 6.3",3253.7,"-",6526.50,13454,48.51
1973,"Lynx 1.10.0",3253.4,"-",2252.50,4600,48.97
1974,"RukChess 3.0.18",3253.3,"-",1547.50,3036,50.97
1975,"Houdini 4",3252.2,"-",16375.00,29070,56.33
1976,"RubiChess 1.8.0",3251.8,"-",1078.50,2299,46.91
1977,"rofChade 2.208AT_debug",3251.7,"-",10.50,32,32.81
1978,"Halogen 10.22",3251.5,"-",28.50,63,45.24
1979,"Nalwald 18.0",3251.3,"-",970.50,2187,44.38
1980,"Marvin 5.2",3251.2,"-",8937.00,19927,44.85
1981,"RukChess 3.0.16",3251.1,"-",47.00,130,36.15
1982,"ChessFighter 3.22",3250.9,"-",11.50,24,47.92
1983,"Drofa 4.1.0",3250.9,"-",4420.50,9468,46.69
1984,"RukChess 4.0.2",3250.8,"-",309.50,614,50.41
1985,"Winter 9.4",3250.7,"-",20.00,46,43.48
1986,"Lozza 10",3250.6,"-",513.00,1013,50.64
1987,"Potential unlocked",3250.5,"-",4.00,7,57.14
1988,"Ginkgo 2.1",3250.0,"-",4692.50,9891,47.44
1989,"Houdini 3.0",3249.8,"-",11012.50,15498,71.06
1990,"Minic 3.07NaNo",3249.8,"-",739.50,1482,49.90
1991,"Hiarcs 15.4u",3249.5,"-",14.50,114,12.72
1992,"Vajolet2 3.2.0",3249.2,"-",22.50,59,38.14
1993,"Komodo 7.0",3248.9,"-",1786.50,2957,60.42
1994,"Ethereal 10.55",3248.8,"-",3667.50,7345,49.93
1995,"Booot 6.3.1",3248.6,"-",30372.50,68596,44.28
1996,"Princhess 0.20.0",3248.5,"-",3886.50,7906,49.16
1997,"Sturddle 2.4.0",3248.2,"-",972.50,1962,49.57
1998,"Ginkgo 2.014",3247.9,"-",15.00,40,37.50
1999,"Stockfish DD",3247.9,"-",18619.00,29548,63.01
2000,"RukChess 4.00",3247.9,"-",913.00,1998,45.70
2001,"Princhess 0.19.0",3246.6,"-",3701.50,7781,47.57
2002,"Clover 2.4",3246.5,"-",12475.50,29428,42.39
2003,"RukChess 4.0.1",3246.0,"-",1705.00,3434,49.65
2004,"RubiChess 1.7.2",3245.9,"-",2251.50,5781,38.95
2005,"Fizbo 2.0",3245.8,"-",13453.50,28896,46.56
2006,"Fizbo 2",3245.6,"-",36255.00,87361,41.50
2007,"Marvin 5.2.0",3245.6,"-",4310.50,8882,48.53
2008,"Winter 9.1",3245.6,"-",9.50,17,55.88
2009,"ChessFighter 3.20",3245.6,"-",12.50,30,41.67
2010,"Petrel 3.3",3245.6,"-",26.00,62,41.94
2011,"StockNemo 5.7.0.0",3245.2,"-",2627.50,5254,50.01
2012,"Xiphos 0.4.18",3245.2,"-",447.50,959,46.66
2013,"Lc0 0.27.0d+Tilps/dje-magic",3245.0,"-",3.50,8,43.75
2014,"Sapling 1-1-2",3244.8,"-",18.50,36,51.39
2015,"Expositor TCEC24",3244.8,"-",2.50,4,62.50
2016,"Ginkgo 2.01",3244.5,"-",57.50,104,55.29
2017,"Jonny 7.30",3244.4,"-",13.50,22,61.36
2018,"Komodo 7.0a",3244.2,"-",5922.00,9827,60.26
2019,"Winter 0.9.9",3243.9,"-",39.00,92,42.39
2020,"RubiChess 1.8",3243.9,"-",5852.00,15160,38.60
2021,"BlackCore 5.0",3243.5,"-",5762.00,12259,47.00
2022,"Komodo 1092",3243.2,"-",12.00,16,75.00
2023,"Devre 3.0",3243.1,"-",2223.00,4574,48.60
2024,"DanaSah 9.1",3242.8,"-",6121.50,13131,46.62
2025,"Wasp 4.56",3242.6,"-",11.50,23,50.00
2026,"Komodo 7a",3242.3,"-",4926.00,8274,59.54
2027,"DanaSah 9.0",3241.8,"-",22042.50,52100,42.31
2028,"Publius 1",3241.7,"-",9.00,11,81.82
2029,"Caligula 5.0",3241.4,"-",1758.50,3496,50.30
2030,"Ginkgo 2",3241.4,"-",12.00,20,60.00
2031,"Chiron 5",3241.2,"-",23415.00,57589,40.66
2032,"Stockfish 2.3.1",3240.5,"-",3793.50,6265,60.55
2033,"ClassicAra 0.9.7.post0",3240.3,"-",9.50,20,47.50
2034,"Chiron 5.0",3240.0,"-",7476.00,15568,48.02
2035,"Minic 3.06NoNa",3239.8,"-",475.00,999,47.55
2036,"Houdini 4.0",3239.6,"-",21054.50,40062,52.55
2037,"Patricia 3.0",3239.4,"-",5794.50,21450,27.01
2038,"Vajolet2 3.1.0",3239.2,"-",76.00,158,48.10
2039,"DanaSah 9.0DN2",3238.5,"-",1452.50,3416,42.52
2040,"Marvin 5.1.0-a4",3238.1,"-",10.50,23,45.65
2041,"ChessFighter 3.17",3237.7,"-",12.50,24,52.08
2042,"Panda 1.1",3237.2,"-",835.50,1770,47.20
2043,"Stash 33.7",3237.0,"-",15.50,34,45.59
2044,"PlentyChess 0.1.0",3235.8,"-",387.00,837,46.24
2045,"Winter 1.20",3235.8,"-",3.00,8,37.50
2046,"Petrel 3.1",3235.7,"-",787.50,1551,50.77
2047,"Alexandria 2.4",3235.7,"-",2076.00,4335,47.89
2048,"Svart 6",3235.7,"-",2306.50,4683,49.25
2049,"Koivisto 4.44",3235.6,"-",34.50,54,63.89
2050,"RubiChess 1.7.1",3235.2,"-",1828.00,3872,47.21
2051,"Houdini 3",3235.1,"-",10334.50,16360,63.17
2052,"Leorik 3.0",3234.9,"-",4035.50,7935,50.86
2053,"Halogen 10.5",3234.7,"-",11.50,23,50.00
2054,"Andscacs 0.95",3234.7,"-",27942.50,65735,42.51
2055,"Svart 6.0.0",3234.6,"-",3691.50,7917,46.63
2056,"Expositor TCEC24.S",3234.5,"-",13.00,24,54.17
2057,"Svart 5.0.0",3234.4,"-",2238.50,4706,47.57
2058,"Arasan TCEC16",3233.7,"-",29.00,52,55.77
2059,"Minic 3.04 NoNo",3233.5,"-",983.00,4482,21.93
2060,"Princhess 0.21.0-6-ge1c98d1",3233.4,"-",3.00,10,30.00
2061,"Fizbo 1.9",3232.9,"-",22470.00,51480,43.65
2062,"Monolith 3",3232.8,"-",859.50,1758,48.89
2063,"RubiChess 1.7.3",3232.7,"-",5931.00,15588,38.05
2064,"Arasan 22.1_94f0c64",3232.6,"-",4.50,12,37.50
2065,"Weiss 1.4",3232.3,"-",2692.00,8333,32.31
2066,"Obsidian 5.0",3232.3,"-",361.50,726,49.79
2067,"Viridithas 6.0.0",3232.1,"-",5972.00,12942,46.14
2068,"Avalanche 1.5.0",3232.1,"-",1839.00,3837,47.93
2069,"Chiron S14",3231.3,"-",10.50,20,52.50
2070,"Kobra 2.1",3231.0,"-",639.50,1310,48.82
2071,"Minic 3.14",3230.8,"-",349.00,772,45.21
2072,"Cwtch 3",3230.6,"-",1208.50,2686,44.99
2073,"Isa 4.5",3230.5,"-",2514.50,5214,48.23
2074,"Andscacs 0.92",3230.3,"-",10036.50,19526,51.40
2075,"Drofa 4.0.0",3229.9,"-",4041.00,8382,48.21
2076,"Nemorino 5.17",3229.5,"-",17.50,28,62.50
2077,"EveAnn 3.6",3229.5,"-",662.50,1352,49.00
2078,"Komodo TCECr",3228.6,"-",1854.00,2991,61.99
2079,"Drofa 3.3.22",3228.4,"-",1620.50,3378,47.97
2080,"Minic 3.08",3228.3,"-",2788.50,8071,34.55
2081,"Wasp 4.65",3228.0,"-",13.50,28,48.21
2082,"Serendipity 0.1",3228.0,"-",337.50,666,50.68
2083,"Minic 3.06",3228.0,"-",838.00,1685,49.73
2084,"Vajolet2 Perspective v1",3227.5,"-",19.00,36,52.78
2085,"Cwtch 2",3227.4,"-",778.00,1615,48.17
2086,"Molybdenum 3.0",3227.3,"-",1975.50,4394,44.96
2087,"Chessnix 1.3",3227.0,"-",902.50,1620,55.71
2088,"RukChess 3.0.12",3226.9,"-",342.00,718,47.63
2089,"Halogen 10.20",3226.2,"-",0.50,2,25.00
2090,"Stash 32.1",3226.2,"-",24.00,56,42.86
2091,"Nemorino 5.26_256th",3225.8,"-",8.50,14,60.71
2092,"Alexandria 3.0",3225.7,"-",1085.50,2509,43.26
2093,"Princhess 0.21.0-15-geb52dc1",3225.7,"-",5.00,16,31.25
2094,"Houdini 4 Tactical",3225.3,"-",468.50,759,61.73
2095,"Senpai 3.0.2",3224.4,"-",499.50,1038,48.12
2096,"RubiChess 1.6.1",3224.1,"-",311.00,602,51.66
2097,"Winter 2.0",3223.8,"-",5028.00,11305,44.48
2098,"Stash 33.1",3223.8,"-",12.50,26,48.08
2099,"ChessFighter 3.2",3223.0,"-",3.50,9,38.89
2100,"ClassicAra 0",3222.9,"-",4.50,8,56.25
2101,"Fizbo 2_ja_aarch64",3222.8,"-",3.00,11,27.27
2102,"Minic 3.09",3222.8,"-",3444.50,11819,29.14
2103,"Yakka 1.5",3222.7,"-",1062.00,1996,53.21
2104,"Marvin 6.0.0-a2",3222.5,"-",11.00,28,39.29
2105,"RukChess 3.0.13",3222.5,"-",84.00,129,65.12
2106,"Willow 3.0",3222.4,"-",1935.00,3868,50.03
2107,"Vajolet2 3.0",3222.2,"-",2022.50,3932,51.44
2108,"Stash 32.0",3222.0,"-",9142.00,21351,42.82
2109,"Andscacs 0.94",3221.6,"-",11106.00,26979,41.17
2110,"Drofa 4.00",3221.3,"-",231.50,344,67.30
2111,"Svart 5",3221.2,"-",1394.00,2867,48.62
2112,"Xiphos 0.4",3220.9,"-",13111.00,27983,46.85
2113,"EveAnn 3.7",3220.8,"-",726.00,1510,48.08
2114,"Caligula 4.0",3220.8,"-",292.00,527,55.41
2115,"Vajolet2 2.9.0-TCEC-S17",3220.6,"-",66.00,137,48.18
2116,"Little Goliath Evolution 3.15.4",3220.3,"-",858.00,1861,46.10
2117,"RukChess 3.0.17",3219.9,"-",897.00,1853,48.41
2118,"SlowChessBlitz Classic 2.0",3219.6,"-",3729.00,8952,41.66
2119,"Igel 2.1.2 TCEC#3",3219.6,"-",4.00,12,33.33
2120,"Starzix 1.0",3219.5,"-",749.00,1406,53.27
2121,"Tornado 9.0",3219.4,"-",2739.00,5349,51.21
2122,"ClassicAra 0.9.2.post1",3218.8,"-",44.50,71,62.68
2123,"Komodo TCEC",3218.5,"-",8588.00,13930,61.65
2124,"Marvin 6.0.0-a5",3218.4,"-",1.50,8,18.75
2125,"Stockfish 300k",3218.3,"-",173.00,365,47.40
2126,"Komodo 12.1.1",3218.2,"-",11090.50,21226,52.25
2127,"Caissa 0.7",3218.2,"-",976.00,1898,51.42
2128,"Raphael 3.0",3217.7,"-",240.50,514,46.79
2129,"Wasp 6.67",3217.3,"-",2.50,8,31.25
2130,"Komodo 1063",3216.5,"-",4.00,6,66.67
2131,"Ethereal 12.89 PRO Cup 8",3216.3,"-",1.50,2,75.00
2132,"Komodo 1121.05",3216.2,"-",10.00,16,62.50
2133,"Winter 0.9.8",3216.2,"-",42.00,108,38.89
2134,"Tornado Dec 9 2020",3216.1,"-",127.00,274,46.35
2135,"Andscacs 0.93",3216.0,"-",7897.50,17243,45.80
2136,"Schooner 2.1",3215.9,"-",7456.00,16918,44.07
2137,"Monolith 3.0",3215.7,"-",804.00,1995,40.30
2138,"Andscacs 0.921",3215.6,"-",3590.50,7312,49.10
2139,"Jonny 8",3215.5,"-",57.00,98,58.16
2140,"Combusken 1",3215.5,"-",16.00,34,47.06
2141,"Vajolet2 2.9.0-PRE-26",3215.4,"-",20.50,38,53.95
2142,"Houdini 3 Tactical",3214.9,"-",574.00,972,59.05
2143,"Dog 4.10.2",3214.9,"-",1289.50,2647,48.72
2144,"Rice 5.0.0",3214.4,"-",448.00,882,50.79
2145,"RukChess 3.0.15",3214.3,"-",1614.00,3539,45.61
2146,"Sturddle 2.3.1",3213.9,"-",1164.00,2318,50.22
2147,"Reckless 0.5.0",3213.8,"-",1604.00,3215,49.89
2148,"Fritz 16.5",3212.5,"-",622.00,1398,44.49
2149,"EveAnn 3.5",3211.8,"-",1927.00,3802,50.68
2150,"rofChade 1.019T",3211.6,"-",19.50,28,69.64
2151,"ChessFighter 3.16",3211.5,"-",11.00,32,34.38
2152,"ClassicAra 0.9.8",3211.5,"-",25.00,59,42.37
2153,"Raphael 3.0.0",3210.7,"-",469.00,1002,46.81
2154,"GullChess 3.0",3210.4,"-",31079.50,64274,48.35
2155,"Sapling 1.2.3",3210.2,"-",0.50,2,25.00
2156,"Stockfish 4",3210.1,"-",4082.00,6520,62.61
2157,"rofChade 2.1",3209.3,"-",6236.50,14540,42.89
2158,"RubiChess 1.6.1.1",3208.8,"-",3452.50,6900,50.04
2159,"Ginkgo 2.00",3208.7,"-",1154.50,2122,54.41
2160,"Komodo 10 CCRL",3208.4,"-",131.00,255,51.37
2161,"Jonny 8.1",3208.1,"-",190.00,387,49.10
2162,"Princhess 0.18.0",3208.0,"-",2104.00,4293,49.01
2163,"Minic 3.07",3208.0,"-",2268.00,7485,30.30
2164,"rofChade 2.105",3207.9,"-",10.50,24,43.75
2165,"Drofa 3.3.24",3207.7,"-",3.00,7,42.86
2166,"Xiphos 0.4.6",3207.5,"-",1388.50,4996,27.79
2167,"BlackCore 4.0",3207.2,"-",1542.50,2898,53.23
2168,"Lunar 0.2.1",3206.9,"-",1694.00,3375,50.19
2169,"Minic 3.04NoNo",3206.4,"-",652.00,1296,50.31
2170,"Ginkgo 1.96",3206.2,"-",1456.00,3090,47.12
2171,"Komodo 7",3206.2,"-",444.00,771,57.59
2172,"pawnocchio 1.3",3206.0,"-",603.50,1211,49.83
2173,"Fire 4",3205.6,"-",11123.50,22872,48.63
2174,"Obsidian 4.0",3205.4,"-",1655.00,2991,55.33
2175,"ChessFighter 3.15",3205.2,"-",12.50,24,52.08
2176,"DefenChess 2.1",3205.2,"-",2621.00,5429,48.28
2177,"Lc0 0.25.1 dnnl Tinker-128x10",3205.2,"-",581.50,1099,52.91
2178,"Expositor TCEC24.L",3205.1,"-",13.50,48,28.13
2179,"Winter 0.8.4a",3205.0,"-",8.50,25,34.00
2180,"Isa 4.4",3204.7,"-",2248.50,4642,48.44
2181,"Wasp 3.90",3204.6,"-",6.50,14,46.43
2182,"DanaSah 8.8DN1",3203.6,"-",861.00,1804,47.73
2183,"GullChess 3",3203.5,"-",27079.50,55040,49.20
2184,"RukChess 3.0",3203.0,"-",2885.00,6115,47.18
2185,"Andscacs 0.91",3203.0,"-",7854.50,17606,44.61
2186,"Expositor 2WN29",3202.6,"-",1284.50,2748,46.74
2187,"Halogen 10.0",3202.6,"-",1055.50,2195,48.09
2188,"Ginkgo 2.0",3202.6,"-",4603.00,10563,43.58
2189,"Halogen 10",3202.6,"-",6541.50,16297,40.14
2190,"Vajolet2 2.9.0-TCEC-S19",3202.5,"-",111.00,271,40.96
2191,"Stash 32.6",3202.2,"-",660.00,1511,43.68
2192,"Strelka 6",3202.0,"-",86.00,192,44.79
2193,"Senpai 3.0.1",3201.8,"-",1563.00,3282,47.62
2194,"Marvin 4.0.0-a7",3201.2,"-",2.50,8,31.25
2195,"Avalanche 1.4.0",3201.1,"-",1047.50,2068,50.65
2196,"Aku 2025.6.29",3201.1,"-",8.50,26,32.69
2197,"Komodo 6",3200.9,"-",2180.00,3795,57.44
2198,"Komodo 1324",3200.8,"-",18.50,28,66.07
2199,"Quanticade 0.7",3200.3,"-",31.00,82,37.80
2200,"ClassicAra 1.0.1",3199.9,"-",22.50,54,41.67
2201,"Wasp 4.50",3199.4,"-",7271.00,18248,39.85
2202,"Houdini 4.0 Tac",3198.7,"-",494.00,1600,30.88
2203,"Chiron TCEC16",3198.5,"-",29.00,72,40.28
2204,"Stockfish 2.31",3198.4,"-",5.00,7,71.43
2205,"Simbelmyne 1.10.0",3198.1,"-",2584.50,5171,49.98
2206,"Andscacs 0.872b",3198.1,"-",55.00,98,56.12
2207,"WhiteCore 0.2",3198.1,"-",494.50,1017,48.62
2208,"Komodo 6.0",3197.8,"-",7976.50,12704,62.79
2209,"Myrddin 0.95",3197.6,"-",669.50,1399,47.86
2210,"Caissa 0.7.0",3197.4,"-",560.00,1035,54.11
2211,"Arasan 22.1",3197.2,"-",6096.50,13862,43.98
2212,"Arasan 22.3",3196.6,"-",1431.00,5107,28.02
2213,"Koivisto 4.29",3196.4,"-",10.50,22,47.73
2214,"Marvin 6.2.0-a6",3196.3,"-",1.50,4,37.50
2215,"Shredder Classic 5",3196.1,"-",5896.50,11926,49.44
2216,"Houdini 2.0c",3195.5,"-",15746.50,22612,69.64
2217,"RubiChess 1.6",3195.3,"-",6944.00,15368,45.18
2218,"Maelstrom 3.2.0",3195.3,"-",435.50,852,51.12
2219,"Komodo 5.1r2",3195.2,"-",3791.50,5910,64.15
2220,"GullChess 2.8",3195.2,"-",8474.00,14340,59.09
2221,"Texel 1.07a35",3195.0,"-",55.00,100,55.00
2222,"Cadie 2.0",3194.9,"-",2898.00,5751,50.39
2223,"Dog 4.10.1",3194.6,"-",1223.00,2500,48.92
2224,"Lambergar 1.0",3194.3,"-",2225.50,4337,51.31
2225,"Drofa 3.3.7",3194.1,"-",15.00,35,42.86
2226,"Stockfish 4.0",3193.9,"-",10093.00,15826,63.77
2227,"Schneckbert 1.0",3193.1,"-",966.50,1870,51.68
2228,"Andscacs 0.90",3193.1,"-",6352.00,13772,46.12
2229,"Seredina 1.2c",3192.4,"-",1483.50,3008,49.32
2230,"Seer 2.0.1",3192.3,"-",3459.00,8685,39.83
2231,"Nemorino 6.10",3192.2,"-",25.00,66,37.88
2232,"Arasan 22.1_d5259e9",3191.8,"-",9.00,19,47.37
2233,"Tcheran 7.0",3191.7,"-",910.50,1783,51.07
2234,"Stash 32.7",3191.7,"-",11.00,26,42.31
2235,"DanaSah 8.8",3191.0,"-",2212.00,4363,50.70
2236,"rofChade 2.018T",3190.2,"-",15.00,35,42.86
2237,"Heimdall 1.0.0",3189.3,"-",391.50,760,51.51
2238,"Winter 1.0",3189.2,"-",2995.50,6376,46.98
2239,"Black Marlin 4.0",3189.1,"-",2392.50,4846,49.37
2240,"Berserk 4.2.0",3189.0,"-",2181.00,4193,52.02
2241,"Stash 31.0",3188.9,"-",3153.50,8558,36.85
2242,"Booot 6.2",3188.8,"-",18470.00,39650,46.58
2243,"pounce 3.0.0",3188.7,"-",1319.50,2633,50.11
2244,"Wasp 4.60b",3188.1,"-",13.00,26,50.00
2245,"Ginkgo 1.8",3188.1,"-",6125.00,13731,44.61
2246,"Protector R1091",3187.7,"-",8.50,24,35.42
2247,"Arasan 22.1_fc11cab",3187.6,"-",3.00,7,42.86
2248,"EveAnn 3.4",3187.5,"-",2072.00,4205,49.27
2249,"Arasan 22.0",3187.3,"-",7420.50,16455,45.10
2250,"Bit-Genie 9.24",3186.6,"-",47.00,97,48.45
2251,"Pedone 2.1",3186.1,"-",3356.50,7069,47.48
2252,"Zahak 8.0.3",3186.1,"-",11.50,22,52.27
2253,"Nalwald 17.1",3185.9,"-",836.00,1775,47.10
2254,"Smallbrain 5.0",3185.9,"-",1120.50,2371,47.26
2255,"Houdini 1.5",3185.8,"-",15140.50,22707,66.68
2256,"Patricia 3",3185.7,"-",89.00,345,25.80
2257,"Minic 3.04",3185.7,"-",768.50,1543,49.81
2258,"Arasan 22.2",3185.6,"-",3363.50,8787,38.28
2259,"Komodo 1133",3184.8,"-",14.50,24,60.42
2260,"Pingu 5.0.0",3184.6,"-",831.00,1620,51.30
2261,"Arasan TCEC15",3184.4,"-",13.00,24,54.17
2262,"Minic 3.06 noct_nadir",3184.0,"-",1788.00,6975,25.63
2263,"Molybdenum 2.0",3183.8,"-",604.00,1216,49.67
2264,"ice4 6",3183.8,"-",170.50,282,60.46
2265,"Marvin 5.1.0-a7",3183.6,"-",12.50,24,52.08
2266,"Komodo 5.1",3183.5,"-",7253.00,11242,64.52
2267,"Anubis 3.06",3183.4,"-",2007.50,4194,47.87
2268,"Marvin 5.1.0",3183.3,"-",3355.00,9514,35.26
2269,"Arcanum 2.4",3183.1,"-",1087.50,2231,48.74
2270,"Schooner 2.0.34",3182.8,"-",6623.00,14780,44.81
2271,"Nemorino 5.38",3182.7,"-",6.50,18,36.11
2272,"Xiphos 0.3.14",3182.7,"-",10.50,20,52.50
2273,"Andscacs 0.89",3182.4,"-",8984.50,19471,46.14
2274,"Protej 0.6.7",3182.0,"-",4603.00,8842,52.06
2275,"Bagatur 3.5",3181.8,"-",21.00,46,45.65
2276,"StockDory Starfish-0.1",3181.5,"-",11.50,28,41.07
2277,"Protector R1076",3181.1,"-",9.50,18,52.78
2278,"ChessFighter 3.11",3181.0,"-",33.50,68,49.26
2279,"Molybdenum 2.1",3180.9,"-",185.00,394,46.95
2280,"Pedantic 1.1.0",3180.3,"-",1741.50,3389,51.39
2281,"Minic 3.01_ne_nu",3180.1,"-",19.50,36,54.17
2282,"Nemorino 6.03",3179.4,"-",14.50,31,46.77
2283,"Stash 31.13",3179.4,"-",10.50,20,52.50
2284,"Tarnished 2.0",3178.7,"-",67.00,160,41.88
2285,"Houdini 2.0",3178.6,"-",2143.00,2894,74.05
2286,"Cheng 4.44",3177.3,"-",1104.00,2373,46.52
2287,"Little Goliath Evolution 3.15.3",3177.1,"-",591.50,1501,39.41
2288,"ChandraChess 2.0",3177.1,"-",660.50,1303,50.69
2289,"Ginkgo 1.7",3176.9,"-",4905.50,9115,53.82
2290,"Wasp 3.84",3176.5,"-",7.50,13,57.69
2291,"Laser 1.6",3176.4,"-",7601.50,17635,43.10
2292,"Dog 4.10",3176.3,"-",366.00,728,50.27
2293,"Jet 1.2",3176.0,"-",2288.50,4440,51.54
2294,"Winter 0.9",3176.0,"-",8728.50,20276,43.05
2295,"Minic 3.03NiNy",3175.8,"-",516.50,1089,47.43
2296,"Koivisto 4.44-L3",3175.4,"-",11.00,22,50.00
2297,"Lynx 1.9.0",3175.3,"-",3545.00,7642,46.39
2298,"ClassicAra 1.0.0",3175.0,"-",10.50,27,38.89
2299,"Komodo 12.0",3175.0,"-",1732.00,2900,59.72
2300,"DefenChess 2.0",3174.9,"-",1167.00,2011,58.03
2301,"Altair 5.0.0",3174.5,"-",2155.00,4295,50.17
2302,"Jonny 8.00",3174.2,"-",11812.00,25626,46.09
2303,"Nalwald 17",3174.0,"-",1998.00,3942,50.68
2304,"Stash 28.2",3173.6,"-",5.50,20,27.50
2305,"Sapling 1.0.0",3173.6,"-",34.00,47,72.34
2306,"Seer 2.0.0",3173.3,"-",459.00,928,49.46
2307,"Lynx 1.9.1",3173.2,"-",40.00,91,43.96
2308,"Komodo CCT",3172.7,"-",7169.50,11384,62.98
2309,"Ethereal 9.60",3172.0,"-",20.00,24,83.33
2310,"Nemorino 5.05",3171.5,"-",27.00,47,57.45
2311,"Lozza 8",3171.3,"-",584.50,1177,49.66
2312,"Protector 1.6b12",3171.1,"-",8.50,11,77.27
2313,"Myrddin 0.94",3171.1,"-",1086.00,2315,46.91
2314,"Counter 4.2dev",3170.6,"-",10.50,20,52.50
2315,"Andscacs 0.88 r1",3170.1,"-",1163.50,2968,39.20
2316,"Fritz 16.10",3170.0,"-",77.00,167,46.11
2317,"StockDory 1.0",3170.0,"-",22.50,58,38.79
2318,"Princhess 0.20.0-18-gf73aede",3169.2,"-",8.00,24,33.33
2319,"Combusken 1.4.0",3169.1,"-",6859.50,16424,41.77
2320,"Fizbo 1.91",3169.0,"-",52.00,100,52.00
2321,"Wasp 3.68",3169.0,"-",24.50,34,72.06
2322,"Zahak 8.0",3168.5,"-",6819.00,20765,32.84
2323,"Heimdall 1.1.0 -bfd727",3168.5,"-",0.50,2,25.00
2324,"ChessFighter 3.23",3168.5,"-",0.50,2,25.00
2325,"Princhess 0.20.0-6-gbf607fc",3168.5,"-",0.50,2,25.00
2326,"Princhess 0.21.0-14-gd707af6",3168.3,"-",4.00,10,40.00
2327,"Isa 4.0",3168.2,"-",1595.50,3178,50.20
2328,"Coiled 1.2",3168.1,"-",8528.50,18363,46.44
2329,"rofChade 1.023T",3168.0,"-",6.50,12,54.17
2330,"Fizbo 1.8",3167.7,"-",9265.50,20881,44.37
2331,"Strelka 5.0",3167.4,"-",3996.00,6085,65.67
2332,"Halogen 10.19",3167.1,"-",1.50,4,37.50
2333,"Minic 3.02 NaNi",3167.1,"-",1194.00,2200,54.27
2334,"GullChess 2.8b",3167.1,"-",1215.00,2136,56.88
2335,"Lozza 9",3165.8,"-",330.00,686,48.10
2336,"Junior 13.8",3165.7,"-",4.00,6,66.67
2337,"Fritz 16",3165.7,"-",15913.00,35329,45.04
2338,"Equinox 3.00",3164.7,"-",9462.50,18479,51.21
2339,"ChessFighter 3.19",3164.6,"-",9.00,26,34.62
2340,"Pedone 2.0",3164.5,"-",7170.50,16474,43.53
2341,"Ginkgo 1.6",3163.7,"-",3200.50,6265,51.09
2342,"ice4 v6.1",3163.3,"-",1500.50,3350,44.79
2343,"Seer 1.2",3163.2,"-",23.00,34,67.65
2344,"PeSTO 2.211",3163.2,"-",18.00,48,37.50
2345,"Houdini 1.5a",3162.7,"-",14031.50,22921,61.22
2346,"Andscacs 0.88",3161.5,"-",3407.00,7746,43.98
2347,"Arasan 22.0_005f8a1",3161.2,"-",9.00,18,50.00
2348,"Kobra 2.0",3160.9,"-",2259.50,4516,50.03
2349,"Sturddle 2.02",3160.9,"-",215.00,477,45.07
2350,"Chiron 4.0",3160.2,"-",11049.00,23578,46.86
2351,"Chiron 4",3159.9,"-",15552.50,36051,43.14
2352,"Clover 2.3.1",3159.8,"-",2561.00,7296,35.10
2353,"GullChess A228",3159.7,"-",12.00,24,50.00
2354,"Anubis 3.02",3159.7,"-",375.50,793,47.35
2355,"Komodo 5.0",3159.0,"-",4760.50,7846,60.67
2356,"Rudim 3.0.5",3158.5,"-",25.50,39,65.38
2357,"Arasan 21.4",3158.4,"-",4622.50,12220,37.83
2358,"Princhess 0.17.0",3158.3,"-",2580.00,5502,46.89
2359,"Andscacs 0.872",3158.1,"-",6613.00,15233,43.41
2360,"Minic 3.02NaNi",3157.7,"-",591.00,1225,48.24
2361,"Drofa 3.3.0",3157.7,"-",3897.00,8426,46.25
2362,"Fire 3.1",3157.0,"-",42.50,75,56.67
2363,"Halogen 9",3156.6,"-",1622.50,6131,26.46
2364,"Priessnitz 2.0.1",3156.5,"-",390.00,806,48.39
2365,"Equinox 3.30",3156.5,"-",26982.50,61673,43.75
2366,"Tarnished 2.0-Ambition",3156.5,"-",324.00,625,51.84
2367,"Minic 3.02",3156.5,"-",486.00,980,49.59
2368,"Critter 1.6a",3156.4,"-",28239.50,63881,44.21
2369,"Equinox 3.20",3156.3,"-",6550.00,13636,48.03
2370,"NirvanaChess 2.5",3155.8,"-",8537.00,18081,47.22
2371,"Critter 1.6",3155.6,"-",26162.00,54760,47.78
2372,"Little Goliath Evolution 3.15",3155.5,"-",766.50,1655,46.31
2373,"GullChess 2.3",3154.6,"-",2723.00,4939,55.13
2374,"Ginkgo 1.2",3154.3,"-",1782.50,3234,55.12
2375,"Odonata 0.9.0",3153.5,"-",2202.00,4193,52.52
2376,"Wasp 3.78",3153.5,"-",2.50,7,35.71
2377,"Stockfish 2.11",3153.3,"-",8.00,11,72.73
2378,"Fritz 15",3152.8,"-",26708.50,61602,43.36
2379,"Berserk 4.0.0",3152.8,"-",5.00,10,50.00
2380,"Andscacs 0.871",3152.5,"-",2730.50,5304,51.48
2381,"Stockfish 3",3151.5,"-",3629.00,6016,60.32
2382,"Counter 4.1",3151.5,"-",3434.50,7415,46.32
2383,"Strelka 5.1",3151.5,"-",1448.00,2420,59.83
2384,"EveAnn 3.2",3151.3,"-",561.50,1114,50.40
2385,"Orion 1.1",3151.2,"-",2164.00,4591,47.14
2386,"Pedantic 1.0.0",3150.9,"-",1914.50,4091,46.80
2387,"Rebel 14",3150.8,"-",1928.00,4047,47.64
2388,"Orion 0.8",3150.5,"-",5772.50,13240,43.60
2389,"Igel 2.6.0",3150.4,"-",2676.50,6979,38.35
2390,"Arasan 22.2.0-7-8e54dc4",3150.3,"-",8.50,18,47.22
2391,"Arasan CCC3",3150.2,"-",9.50,20,47.50
2392,"Junior Yokoh",3150.2,"-",50.50,120,42.08
2393,"Komodo 4534",3149.5,"-",27.00,47,57.45
2394,"Wasp 4.0",3149.5,"-",1427.50,2926,48.79
2395,"Scorpio Maddex",3148.6,"-",15.50,31,50.00
2396,"rofChade cup",3148.6,"-",3.00,6,50.00
2397,"Viridithas 5.1.0",3147.6,"-",1058.00,1986,53.27
2398,"Drofa 3.3.27",3147.5,"-",28.50,180,15.83
2399,"Ginkgo 1.5",3147.4,"-",2758.00,5962,46.26
2400,"Stockfish 3.0",3147.2,"-",6645.00,11297,58.82
2401,"Rybka 4.0 Exp.61",3147.2,"-",781.50,1100,71.05
2402,"Houdini 9601",3146.1,"-",21.50,40,53.75
2403,"Princhess 0.18.0-9-g214a6dc",3146.1,"-",9.50,26,36.54
2404,"Winter 0.7.4",3145.9,"-",59.50,132,45.08
2405,"Ethereal 10.00",3145.2,"-",5292.50,12083,43.80
2406,"Lozza 6",3144.7,"-",3.00,18,16.67
2407,"Orion 0.9",3144.5,"-",5554.00,12413,44.74
2408,"Critter 1.4",3144.2,"-",14178.50,23014,61.61
2409,"Texel 1.07a6",3144.0,"-",32.50,50,65.00
2410,"SlowChessBlitz Classic 1.9",3144.0,"-",3193.50,8594,37.16
2411,"Velvet 3.1.0",3143.6,"-",3307.50,6878,48.09
2412,"Xiphos 0.3",3143.5,"-",5405.50,12672,42.66
2413,"ice4 v6",3142.8,"-",404.00,873,46.28
2414,"Ginkgo 1.75",3142.7,"-",10.50,22,47.73
2415,"Andscacs 0.91b",3142.7,"-",1933.50,9976,19.38
2416,"Priessnitz 2.0",3142.6,"-",2763.00,5692,48.54
2417,"StockNemo 5.6.0.0",3142.5,"-",55.50,193,28.76
2418,"Houdini 1.02",3142.4,"-",1694.00,2537,66.77
2419,"Critter 1.2",3141.9,"-",16151.50,24468,66.01
2420,"Toga 0.3.12",3141.8,"-",234.50,488,48.05
2421,"Prune 3.0.0",3141.7,"-",273.00,587,46.51
2422,"Wasp 4.00",3141.6,"-",3814.00,9840,38.76
2423,"Marvin 5.0.0",3141.2,"-",4174.00,11406,36.59
2424,"Wasp 4.10",3140.6,"-",12.00,30,40.00
2425,"Vajolet2 2.8",3140.3,"-",6812.50,14496,47.00
2426,"GullChess 2.2",3140.2,"-",5677.00,10182,55.76
2427,"Arasan 21.3",3140.0,"-",5112.50,12469,41.00
2428,"Toga 0.2",3140.0,"-",1506.00,3107,48.47
2429,"Texel 1.08a11",3139.9,"-",32.50,68,47.79
2430,"Wasp 3.82",3139.8,"-",13.00,26,50.00
2431,"Texel 1.08a8",3139.7,"-",16.50,28,58.93
2432,"Equinox 1.90",3139.7,"-",4365.50,8508,51.31
2433,"Mantissa 3.3.0",3139.7,"-",2920.00,6130,47.63
2434,"Equinox 2.01",3139.2,"-",2887.50,5322,54.26
2435,"Lc0 3pct",3139.1,"-",78.00,123,63.41
2436,"Stash 30.0",3139.0,"-",1803.00,3528,51.11
2437,"Ginkgo 1.3",3138.6,"-",4551.00,9328,48.79
2438,"NirvanaChess 2.4",3137.8,"-",15664.50,34472,45.44
2439,"Prophet 5.2.1",3137.4,"-",5.50,12,45.83
2440,"Counter 4.0",3136.7,"-",3986.00,10587,37.65
2441,"Lc0 Darkqueen",3136.4,"-",11.50,29,39.66
2442,"Komodo 5",3136.4,"-",3201.50,5586,57.31
2443,"Panda 1.0",3136.3,"-",362.00,720,50.28
2444,"Houdini 1.03a",3135.9,"-",5426.50,7816,69.43
2445,"Marvin 5.1",3135.4,"-",6.50,40,16.25
2446,"Anubis 3.01",3135.1,"-",455.50,919,49.56
2447,"GullChess 3.1",3134.9,"-",1869.00,3879,48.18
2448,"Cheng 4.43",3134.1,"-",1003.50,2022,49.63
2449,"ice4 v6.0",3133.8,"-",2209.00,4940,44.72
2450,"bitbit 1.3",3133.6,"-",2339.00,5202,44.96
2451,"MrBob 1.1.0",3133.2,"-",81.50,204,39.95
2452,"Velvet 3.1.1",3132.4,"-",2.00,4,50.00
2453,"Viridithas 2.6.0",3131.5,"-",152.00,275,55.27
2454,"Arasan 22.1_7982ba9",3130.6,"-",4.50,20,22.50
2455,"Calvin 4.2.0",3130.5,"-",207.00,400,51.75
2456,"Caligula 3.1",3130.4,"-",254.50,477,53.35
2457,"Stockfish 2.2.2",3130.3,"-",11234.50,18696,60.09
2458,"Protector 1.9",3129.9,"-",55.50,94,59.04
2459,"Nemorino 5.08",3129.8,"-",34.50,54,63.89
2460,"Sturddle 2.01",3129.3,"-",1389.50,2853,48.70
2461,"Igel 2.5.0",3129.3,"-",3496.00,9567,36.54
2462,"rofChade 2.0",3129.2,"-",6082.00,14029,43.35
2463,"Equinox 1.70",3129.0,"-",6493.00,10732,60.50
2464,"Arasan TCEC13.2",3128.9,"-",1.00,6,16.67
2465,"Vajolet2 2.7",3127.9,"-",5641.00,13688,41.21
2466,"Arasan 21.2",3127.5,"-",4158.00,11004,37.79
2467,"Lozza 7",3127.0,"-",458.50,942,48.67
2468,"Andscacs 0.86",3126.9,"-",6373.00,14527,43.87
2469,"Nemorino 5.0",3126.6,"-",1315.00,2585,50.87
2470,"Arasan TCEC13",3126.5,"-",16.50,36,45.83
2471,"Motor 0.2.0",3126.3,"-",682.00,1441,47.33
2472,"ChessFighter 3.5",3126.3,"-",3.50,4,87.50
2473,"Komodo 4.0",3126.2,"-",4472.00,7411,60.34
2474,"amoeba 3.4-tcec",3126.0,"-",26.00,68,38.24
2475,"Fire 3.0",3125.9,"-",1395.50,3020,46.21
2476,"Lynx 1.8.0",3125.7,"-",1890.50,3935,48.04
2477,"RubiChess 1.5",3125.4,"-",4524.50,10531,42.96
2478,"Arasan 22.3.0",3125.4,"-",7.50,24,31.25
2479,"Texel 1.08",3124.9,"-",2937.00,5687,51.64
2480,"Toga 0.3",3124.8,"-",455.50,990,46.01
2481,"Drofa 3.3.26",3124.6,"-",9.00,20,45.00
2482,"Clover 2.2",3124.5,"-",990.00,1800,55.00
2483,"Rybka 4.1",3124.1,"-",27724.50,56157,49.37
2484,"Avalanche 1.3.1",3124.0,"-",420.50,905,46.46
2485,"pawnocchio 1.2",3124.0,"-",311.00,626,49.68
2486,"Atlas 4.35",3123.7,"-",6553.50,13520,48.47
2487,"Black Marlin 3.0",3122.9,"-",1038.00,1675,61.97
2488,"EveAnn 3.1",3122.6,"-",1667.50,3248,51.34
2489,"Calvin 4.1.0",3122.5,"-",371.50,766,48.50
2490,"Vajolet2 2.8.0",3122.5,"-",5086.00,13509,37.65
2491,"Protej 0.6.6",3122.4,"-",2737.00,5530,49.49
2492,"Expositor 2WQ23",3122.0,"-",1031.00,1965,52.47
2493,"Tucano 9",3121.4,"-",49.50,111,44.59
2494,"Berserk 4.1.0",3121.0,"-",1031.50,1953,52.82
2495,"Ginkgo 1.0e",3120.8,"-",2398.50,4675,51.30
2496,"Texel 1.06a19",3120.8,"-",14.00,28,50.00
2497,"ice4 6.1",3120.7,"-",137.50,281,48.93
2498,"Texel 1.08a13",3120.2,"-",1943.00,4243,45.79
2499,"Hannibal 1.7",3120.2,"-",22823.50,51142,44.63
2500,"Rybka 4",3120.1,"-",7726.50,13500,57.23
2501,"Minic 2.43",3119.7,"-",426.00,882,48.30
2502,"Stockfish 2.1",3119.5,"-",1639.50,2695,60.83
2503,"GullChess 2.1",3118.4,"-",2226.00,3928,56.67
2504,"Invictus r391",3118.2,"-",89.00,238,37.39
2505,"SlowChessBlitz Classic 1.8",3118.1,"-",1020.50,2058,49.59
2506,"Deep iCE 4.0.853",3117.5,"-",1074.50,4458,24.10
2507,"Invictus r391b",3117.4,"-",33.00,70,47.14
2508,"Deep Rybka 4.1",3117.3,"-",6541.50,13584,48.16
2509,"Halogen 9.0",3117.0,"-",1819.00,3500,51.97
2510,"Stockfish 2.3",3116.7,"-",2599.00,4821,53.91
2511,"Invictus r382",3116.4,"-",6836.50,16701,40.93
2512,"ClassicAra 0.9.7",3116.3,"-",0.50,2,25.00
2513,"Rybka 4.0",3116.2,"-",20705.50,39572,52.32
2514,"Arasan 21.1",3116.0,"-",3545.50,7025,50.47
2515,"ice4 5",3115.8,"-",73.50,150,49.00
2516,"Vault 0.4.1",3115.2,"-",172.50,281,61.39
2517,"Cadie 1.8",3115.1,"-",1288.00,2676,48.13
2518,"Admete 1.9.0",3114.9,"-",345.50,822,42.03
2519,"Strelka 5.5",3114.8,"-",7001.00,16418,42.64
2520,"Wasp 3.59",3114.7,"-",13.00,16,81.25
2521,"Carp 2.0.0",3114.6,"-",2651.00,5467,48.49
2522,"ChessFighter 3.10.1",3114.6,"-",13.50,30,45.00
2523,"Clarity 3.0.0",3114.3,"-",797.00,1504,52.99
2524,"Minic 2.53",3113.7,"-",340.50,738,46.14
2525,"Texel 1.07",3113.4,"-",16131.50,35311,45.68
2526,"Weiss 1.3",3113.2,"-",3872.00,10601,36.52
2527,"Stash 29.0",3112.9,"-",1122.00,4405,25.47
2528,"Nemorino 5.00",3112.7,"-",7448.00,17190,43.33
2529,"Igel 2.4.0",3112.0,"-",4750.00,11854,40.07
2530,"Cheng 4",3111.7,"-",56.00,164,34.15
2531,"Schooner 2.0.33",3111.4,"-",18.00,36,50.00
2532,"Princhess 0.16.0",3111.3,"-",749.50,1440,52.05
2533,"Koivisto 4.0",3111.1,"-",4697.50,12348,38.04
2534,"Velvet 3.1.3",3111.0,"-",13.50,30,45.00
2535,"Wasp 3.69",3110.9,"-",13.00,28,46.43
2536,"Stockfish 2.1.1",3109.8,"-",7162.50,11987,59.75
2537,"Eleanor v4.1",3109.6,"-",1.00,2,50.00
2538,"Saturn 1.1",3109.6,"-",659.00,1222,53.93
2539,"Prune 2.2.0",3109.6,"-",828.00,1644,50.36
2540,"Devre 2.0",3109.4,"-",532.00,1043,51.01
2541,"Yakka 1.4",3108.9,"-",808.00,1733,46.62
2542,"Rybka 4 Exp-61",3108.6,"-",5.50,8,68.75
2543,"Wasp 3.75",3108.5,"-",7240.50,17542,41.28
2544,"Stash 30",3108.3,"-",26.50,50,53.00
2545,"Sturddle 1.04",3108.2,"-",566.50,1141,49.65
2546,"Fizbo 1.7",3107.7,"-",7034.00,14509,48.48
2547,"Pedone 1.9",3107.6,"-",6740.50,16763,40.21
2548,"NirvanaChess 2.3",3107.5,"-",8899.50,20263,43.92
2549,"Nemorino 5.28",3107.2,"-",729.50,3145,23.20
2550,"Minic 1.32",3107.1,"-",13.00,31,41.94
2551,"Wasp 3.37",3107.1,"-",15.50,28,55.36
2552,"Pirarucu 2.6.9",3107.1,"-",15.50,28,55.36
2553,"Lc0 0.22.0 wLD2",3106.7,"-",215.00,450,47.78
2554,"Seer 1.2.1",3106.5,"-",3658.00,9043,40.45
2555,"Perseus 0.9",3106.5,"-",1196.50,2246,53.27
2556,"Komodo 4",3106.3,"-",4212.50,6880,61.23
2557,"Chiron 3.0",3105.6,"-",5815.00,11855,49.05
2558,"Patricia 2.0.1",3104.8,"-",1291.00,2846,45.36
2559,"chess22k 1.14",3103.7,"-",5219.50,13129,39.76
2560,"Stockfish 2.2.1",3103.6,"-",3571.50,6224,57.38
2561,"Arcanum 2.3.1",3103.0,"-",394.00,779,50.58
2562,"Equinox 1.65",3102.6,"-",3038.00,5328,57.02
2563,"Combusken 1.3.0",3102.4,"-",2568.00,5161,49.76
2564,"Minic 1.26",3102.1,"-",22.00,34,64.71
2565,"ShashChess 41_ja_aarch64",3102.0,"-",2.00,11,18.18
2566,"Nemorino 5.40",3102.0,"-",6.00,25,24.00
2567,"Chiron 3",3102.0,"-",1296.00,3863,33.55
2568,"Stockfish 2.0",3101.9,"-",3961.00,6316,62.71
2569,"iCE 4.0",3101.7,"-",5032.00,10086,49.89
2570,"Deep Rybka 4 Exp.61",3101.6,"-",1064.50,2247,47.37
2571,"Lozza 7.0",3101.4,"-",237.50,467,50.86
2572,"Svart 4",3101.0,"-",1068.50,2002,53.37
2573,"Minic 3.03",3100.8,"-",254.50,496,51.31
2574,"Komodo 3",3100.2,"-",4414.00,7408,59.58
2575,"Booot 6.1",3099.9,"-",7914.50,18628,42.49
2576,"Wasp 4",3099.7,"-",309.00,659,46.89
2577,"Stockfish 2.01",3099.2,"-",8.50,15,56.67
2578,"amoeba 3.5",3099.1,"-",10.50,24,43.75
2579,"Andscacs 0.85",3097.9,"-",4456.00,9120,48.86
2580,"Nemorino 5.27",3097.8,"-",11.50,26,44.23
2581,"Counter 3.9",3097.6,"-",1844.00,3650,50.52
2582,"Aku 4.7.0",3097.1,"-",93.00,547,17.00
2583,"Deep iCE 4.0 v853",3097.1,"-",4505.50,9039,49.85
2584,"Rybka 3.0 Human",3096.8,"-",1833.50,2450,74.84
2585,"Arcanum 2.3",3096.1,"-",472.00,960,49.17
2586,"Deep Rybka 4",3095.9,"-",8260.00,14211,58.12
2587,"Stockfish 2.2",3095.8,"-",240.00,464,51.72
2588,"Xiphos 0.2.4",3095.7,"-",10.00,20,50.00
2589,"Alexandria 2.3",3095.7,"-",642.50,1179,54.50
2590,"Rodent IV 0.33",3095.4,"-",49.00,120,40.83
2591,"Lc0 0.23.2 Blas",3095.3,"-",916.00,2466,37.15
2592,"Jackal 1.2.0",3095.1,"-",3634.00,8366,43.44
2593,"Stockfish 1.9",3095.1,"-",2801.00,4221,66.36
2594,"EveAnn 3.0",3095.0,"-",3464.00,6854,50.54
2595,"Nemorino 4.01",3094.8,"-",10.50,20,52.50
2596,"Lynx 1.7.0",3094.3,"-",2607.50,4623,56.40
2597,"Stockfish 2.0.1",3094.3,"-",11191.50,17187,65.12
2598,"Pedone 1.8",3094.2,"-",4361.00,10737,40.62
2599,"GullChess II",3093.7,"-",9116.00,16535,55.13
2600,"StockNemo 5.0.0.1",3093.6,"-",8.50,20,42.50
2601,"Lc0 0.23.2 wLD2",3093.4,"-",204.50,404,50.62
2602,"Myrddin 0.93",3093.1,"-",2305.00,4741,48.62
2603,"pounce 2.1.3",3093.0,"-",449.50,909,49.45
2604,"Xiphos 0.2.6",3093.0,"-",579.50,1499,38.66
2605,"Protector 1.9.0",3092.7,"-",23625.00,50704,46.59
2606,"Vajolet2 2.6",3092.2,"-",3365.50,9035,37.25
2607,"Laser 1.5",3092.2,"-",6344.00,14278,44.43
2608,"Ethereal 9.64",3091.9,"-",11.00,20,55.00
2609,"Andscacs 0.84",3091.9,"-",2944.50,5888,50.01
2610,"Pedantic 0.6.2",3091.7,"-",439.50,873,50.34
2611,"chess22k 1.13",3091.3,"-",5237.00,12862,40.72
2612,"Celeris 0.0.1",3091.1,"-",449.00,886,50.68
2613,"amoeba 3.3.1",3090.9,"-",26.50,54,49.07
2614,"Isa 3.9",3090.6,"-",2784.00,5593,49.78
2615,"Komodo 5.0r1",3090.5,"-",1398.00,2193,63.75
2616,"Bagatur 5.1b",3090.3,"-",66.50,190,35.00
2617,"Winter 0.8",3090.3,"-",4523.50,11592,39.02
2618,"Orion 1.0",3090.3,"-",4584.50,9469,48.42
2619,"Wasp 3.2",3090.0,"-",10.50,16,65.63
2620,"NirvanaChess 2.2",3089.4,"-",8340.50,18707,44.58
2621,"Chess System Tal 2.03",3089.3,"-",23.50,33,71.21
2622,"Zahak 7",3089.3,"-",512.00,1193,42.92
2623,"Seredina 1.2b",3088.6,"-",50.50,88,57.39
2624,"Vajolet2 2.6.1",3088.5,"-",2856.50,6229,45.86
2625,"Drofa 3.2.31",3088.2,"-",2.50,6,41.67
2626,"Minke 1.0.0",3088.0,"-",46.00,109,42.20
2627,"Minic 2.46",3087.3,"-",311.50,615,50.65
2628,"Sturddle 2.00",3086.6,"-",17.50,46,38.04
2629,"Igel 2.3.1",3086.5,"-",4550.00,10017,45.42
2630,"Wasp 3",3086.4,"-",309.50,755,40.99
2631,"Minic 2.48",3086.4,"-",1751.00,5587,31.34
2632,"bitbit 1.2",3086.2,"-",2291.50,4612,49.69
2633,"Admete 1.8.0",3085.9,"-",1502.50,2882,52.13
2634,"Yukari 2025.02.4",3085.8,"-",85.50,174,49.14
2635,"Deep Rybka 3",3085.6,"-",763.00,1134,67.28
2636,"Combusken 1.3.1",3085.6,"-",240.00,461,52.06
2637,"Meltdown 1.11",3085.5,"-",929.00,1929,48.16
2638,"Senpai 2.0",3085.1,"-",18384.50,39395,46.67
2639,"Nemorino 4.0",3084.9,"-",949.50,1895,50.11
2640,"Maelstrom 3.1.1",3084.9,"-",68.50,224,30.58
2641,"Stash 29.2",3084.8,"-",9.00,21,42.86
2642,"Fire 5b",3084.5,"-",12.50,28,44.64
2643,"Clover 2.1.2.1",3084.3,"-",582.50,1204,48.38
2644,"Frozenight 5.1.0",3083.8,"-",1743.50,3553,49.07
2645,"SlowChessBlitz Classic 1.7",3083.5,"-",1521.50,2906,52.36
2646,"Yukari 2025.2.4",3082.6,"-",871.00,1524,57.15
2647,"Midnight 7",3082.6,"-",1719.00,3197,53.77
2648,"Critter 1.01",3082.5,"-",2767.00,4435,62.39
2649,"Chiron 3.01",3082.5,"-",2525.50,5782,43.68
2650,"Viridithas 5.0.0",3082.4,"-",13.00,120,10.83
2651,"Critter 1.0",3081.6,"-",5677.00,9617,59.03
2652,"Komodo 3.0",3081.5,"-",6253.50,10759,58.12
2653,"Protector 1.8.0",3081.1,"-",6559.00,13144,49.90
2654,"Atlas 4.25",3081.0,"-",2644.50,5063,52.23
2655,"iCE 4.0 853",3081.0,"-",132.00,300,44.00
2656,"Ethereal 9.65",3080.7,"-",2970.50,6086,48.81
2657,"Cheng 4.42",3080.7,"-",1558.00,2857,54.53
2658,"ChessFighter 3.8",3080.2,"-",9.50,21,45.24
2659,"Texel 1.06",3079.9,"-",8844.00,20350,43.46
2660,"iCE 3.0 v658",3079.1,"-",7519.00,15100,49.79
2661,"Caligula 3.0",3079.1,"-",1221.00,2242,54.46
2662,"Minic 2.17",3078.8,"-",10.00,20,50.00
2663,"chess22k 1.12",3078.5,"-",2960.50,8427,35.13
2664,"Weak 1.0.0",3078.3,"-",511.00,961,53.17
2665,"GullChess R375",3078.3,"-",1380.00,2683,51.43
2666,"Equinox 1.60",3077.6,"-",1588.50,2958,53.70
2667,"Xiphos 0.2.2",3077.2,"-",1928.50,3920,49.20
2668,"Stockfish 1.9.1",3077.1,"-",8090.50,12390,65.30
2669,"Combusken 1.2.0",3076.8,"-",2754.00,5354,51.44
2670,"ice4 4",3076.5,"-",74.50,138,53.99
2671,"Lozza 5.1",3076.5,"-",733.00,1428,51.33
2672,"Minic 2.33",3075.6,"-",1080.00,2143,50.40
2673,"Myrddin 0.92",3075.5,"-",1431.50,2987,47.92
2674,"Nemorino 5.01",3075.5,"-",6.50,16,40.63
2675,"Stockfish 100k",3075.4,"-",119.00,280,42.50
2676,"Combusken 1.3.0-TCEC19",3075.1,"-",12.50,20,62.50
2677,"Minic 2.40",3074.7,"-",651.50,1489,43.75
2678,"Peacekeeper 1.71",3074.1,"-",558.00,1078,51.76
2679,"Quanticade Cronus-3.0-144b10cf",3073.9,"-",0.50,3,16.67
2680,"Drofa 3.2.0",3073.4,"-",3094.00,6525,47.42
2681,"Patricia 2.0",3073.3,"-",658.00,1434,45.89
2682,"Lc0 0.24.0 Blas",3073.3,"-",83.00,300,27.67
2683,"Counter 3.6dev",3072.8,"-",1.00,5,20.00
2684,"Nemorino 4.00",3072.7,"-",5717.00,14034,40.74
2685,"Dog 3.11c",3072.6,"-",508.50,1000,50.85
2686,"Sturddle 1.27",3072.6,"-",61.50,125,49.20
2687,"Chiron 3.01 MPQ6600",3072.6,"-",10.50,40,26.25
2688,"Minic 1",3071.5,"-",7.50,24,31.25
2689,"Priessnitz 1.0",3070.9,"-",445.00,874,50.92
2690,"Arasan 20.5",3070.8,"-",1203.00,2502,48.08
2691,"Velvet 3.0.0",3070.8,"-",1895.50,3567,53.14
2692,"Marvin 4.0.0",3070.7,"-",3372.00,8884,37.96
2693,"Stash 28.0",3070.7,"-",374.50,761,49.21
2694,"Pedantic 0.6.0",3070.6,"-",1556.00,3199,48.64
2695,"ChessFighter 3.9",3070.6,"-",10.00,22,45.45
2696,"Lambergar 0.6.0",3070.4,"-",1037.50,2213,46.88
2697,"BlackCore 3.0",3070.4,"-",1611.50,3644,44.22
2698,"iCE 3.0",3070.4,"-",4873.50,10235,47.62
2699,"Bit-Genie 9",3069.9,"-",6572.00,14123,46.53
2700,"ClassicAra 1.0.5",3069.5,"-",25.00,82,30.49
2701,"Fat Fritz Junior",3069.5,"-",230.00,459,50.11
2702,"Xiphos 0.2",3069.5,"-",1520.50,2876,52.87
2703,"Alfil 15.7",3069.0,"-",3490.00,7562,46.15
2704,"Frozenight 5.0.0",3068.8,"-",1507.00,3053,49.36
2705,"Peacekeeper 1.7.0",3068.1,"-",749.50,1500,49.97
2706,"Altair 4.0.0",3067.7,"-",1882.00,3847,48.92
2707,"Marvin 3.6.0-a6",3067.6,"-",10.50,22,47.73
2708,"Kobra 1.2",3067.6,"-",2437.50,5020,48.56
2709,"Minic 1.25",3067.6,"-",5.00,9,55.56
2710,"Equinox 1.50",3066.6,"-",2983.50,5673,52.59
2711,"Stockfish 1.8",3066.1,"-",11284.00,17725,63.66
2712,"Bagatur 5.1a",3065.9,"-",105.50,283,37.28
2713,"Fritz 14",3065.9,"-",8428.00,18654,45.18
2714,"Rybka 3",3065.4,"-",25675.50,39324,65.29
2715,"Sapling 1.1.1",3065.4,"-",44.00,65,67.69
2716,"Aku Chess",3065.2,"-",18.00,34,52.94
2717,"Jonny 7.00",3065.1,"-",4365.50,9024,48.38
2718,"Hannibal 1.5",3064.7,"-",13003.00,29121,44.65
2719,"Wasp 3.60",3064.1,"-",3787.00,9885,38.31
2720,"Arasan 21.0",3063.6,"-",2503.50,7035,35.59
2721,"StockNemo 5.3.0.0",3063.5,"-",293.50,572,51.31
2722,"Potential 3.0.0",3063.1,"-",1209.00,2488,48.59
2723,"Avalanche 1.3.0",3063.0,"-",828.00,1736,47.70
2724,"Axiom 1.0",3062.9,"-",1.50,5,30.00
2725,"Wahoo 4.0.0",3062.7,"-",4369.00,8584,50.90
2726,"Komodo 2.01",3062.7,"-",2888.00,5126,56.34
2727,"Rybka 3.0",3062.2,"-",19455.50,29707,65.49
2728,"Wasp 2.5",3061.8,"-",39.00,99,39.39
2729,"Arasan 20.4.1",3061.7,"-",3009.50,6006,50.11
2730,"Vault 0.4.0",3061.6,"-",1355.00,2722,49.78
2731,"Minic 2.38",3061.5,"-",517.50,3028,17.09
2732,"Komodo 2.03",3061.2,"-",6154.00,10608,58.01
2733,"ChessFighter 3.6.0",3061.1,"-",7.50,14,53.57
2734,"Peacekeeper 1.70",3061.0,"-",378.50,797,47.49
2735,"Wasp 3.50",3060.8,"-",5144.50,10841,47.45
2736,"Rybka 3 Human",3059.7,"-",1122.50,1745,64.33
2737,"Protector 1.7",3058.8,"-",7.50,12,62.50
2738,"Andscacs 0.83",3058.6,"-",1804.50,3791,47.60
2739,"Arasan 20.4",3058.1,"-",1687.00,4974,33.92
2740,"Bagatur 3.4d",3057.8,"-",5.50,20,27.50
2741,"Stockfish 1.7.1",3057.5,"-",16543.50,26308,62.88
2742,"Minic 2.00",3057.1,"-",752.00,4332,17.36
2743,"Chiron 2.0",3056.5,"-",6728.00,14700,45.77
2744,"Simbelmyne 1.9.0",3055.7,"-",949.50,2090,45.43
2745,"Texel 1.05",3055.6,"-",12442.00,27267,45.63
2746,"Koivisto 4.9",3055.2,"-",1.00,2,50.00
2747,"Minic 2.37",3055.1,"-",853.50,1900,44.92
2748,"Bagatur 3.0",3054.1,"-",295.00,615,47.97
2749,"Counter 3.5dev",3053.9,"-",20.50,38,53.95
2750,"Minic 2.45",3053.9,"-",5.00,6,83.33
2751,"Critter 0.90",3053.7,"-",13845.50,24010,57.67
2752,"Tunguska 2.0",3053.4,"-",699.00,1359,51.43
2753,"Pedone 1.7",3053.4,"-",5337.50,12583,42.42
2754,"Aku 2025.7.9",3053.4,"-",526.50,1153,45.66
2755,"Protector 1.8b1",3053.3,"-",6.00,13,46.15
2756,"Gogobello 2",3053.0,"-",23.50,49,47.96
2757,"Grail 1.0.4",3052.8,"-",757.50,1486,50.98
2758,"Lozza 5",3052.0,"-",423.50,814,52.03
2759,"NirvanaChess 2.1c",3051.8,"-",5117.50,10346,49.46
2760,"RubiChess 1.4",3050.5,"-",3705.50,9439,39.26
2761,"Lc0 0.20.1",3050.4,"-",1640.00,3056,53.66
2762,"Lozza 5.0",3049.7,"-",354.50,690,51.38
2763,"Booot 6.0.2",3049.7,"-",968.50,1888,51.30
2764,"Topple 0",3049.4,"-",45.50,96,47.40
2765,"Marvin 3.5.0-a8",3049.4,"-",16.50,30,55.00
2766,"CuckooChess 1.13",3049.1,"-",978.50,1860,52.61
2767,"Naum 4.5",3049.0,"-",8.50,16,53.13
2768,"Minic 2.07",3048.1,"-",2144.00,4411,48.61
2769,"Minic 1.54",3048.1,"-",1050.50,1899,55.32
2770,"Wasp 4.01",3047.4,"-",4.00,18,22.22
2771,"Marvin 3.4.0-a4",3047.2,"-",4.50,10,45.00
2772,"Igel 2.3.0",3047.0,"-",223.50,435,51.38
2773,"Yakka 1.3",3047.0,"-",719.00,1613,44.58
2774,"iCE 4.0.853",3046.9,"-",51.00,104,49.04
2775,"Cheng 4.41",3046.9,"-",5913.00,15126,39.09
2776,"Avalanche 1.2.0",3046.6,"-",2215.00,4317,51.31
2777,"Igel 2.1.2_next.2_TCEC_TTFIX",3046.5,"-",4.00,12,33.33
2778,"Illumina 2.0",3045.5,"-",944.50,1903,49.63
2779,"Protej 0.6.5",3045.1,"-",1774.50,3316,53.51
2780,"Vault 0.41",3044.8,"-",3.00,10,30.00
2781,"Protector 1.7.0",3044.4,"-",6140.50,14815,41.45
2782,"Chiron 2",3044.0,"-",5257.50,13284,39.58
2783,"Minic 2.0",3043.9,"-",1165.50,2478,47.03
2784,"Monolith 2.0",3043.7,"-",905.00,1803,50.19
2785,"SmarThink 1.98",3043.5,"-",9091.50,18424,49.35
2786,"Princhess 0.15.1",3043.2,"-",1579.50,3038,51.99
2787,"Pirarucu 3.3.5",3042.9,"-",5042.00,12381,40.72
2788,"Raphael 2.3",3042.8,"-",331.00,620,53.39
2789,"Arasan 20.2",3042.8,"-",2349.50,6050,38.83
2790,"Naum 4.6",3042.6,"-",31218.50,69525,44.90
2791,"Alexandria 2.3.1",3041.3,"-",458.50,1032,44.43
2792,"SmarThink 1.96",3040.7,"-",3808.50,7693,49.51
2793,"Booot 6.0.1",3040.1,"-",1782.00,3483,51.16
2794,"akimbo 0.5.0",3039.9,"-",924.00,1966,47.00
2795,"Pirarucu 3.2.4",3039.6,"-",2323.00,4534,51.24
2796,"FabChess v1.16",3039.2,"-",336.50,2976,11.31
2797,"Alexandria 2.2",3039.1,"-",29.00,98,29.59
2798,"Inanis 1.6.0",3039.0,"-",3860.50,8422,45.84
2799,"Arasan 20.3",3038.9,"-",4009.50,9003,44.54
2800,"Monolith 2.01",3038.9,"-",4861.00,12524,38.81
2801,"amoeba 3.4",3038.5,"-",6488.50,14268,45.48
2802,"Counter 3.8",3038.4,"-",1421.50,5512,25.79
2803,"Protector 1.6.0",3038.3,"-",7871.50,18793,41.89
2804,"DefenChess 1.1f",3038.0,"-",3563.50,7068,50.42
2805,"Chess-3 4.0",3037.9,"-",240.50,539,44.62
2806,"DefenChess 1.1",3037.3,"-",1182.50,1983,59.63
2807,"Monolith 2",3037.0,"-",3097.00,5643,54.88
2808,"GullChess II b2",3037.0,"-",667.00,1399,47.68
2809,"Bagatur 3.6b",3036.4,"-",374.00,776,48.20
2810,"amoeba 3.3",3036.2,"-",3514.50,9524,36.90
2811,"Fritz for Fun 14",3036.1,"-",1538.00,3493,44.03
2812,"Wasp 3.5",3036.0,"-",811.00,3637,22.30
2813,"tomitankChess 7.0",3035.9,"-",600.50,1187,50.59
2814,"ChessFighter 3.5.1",3035.3,"-",11.50,20,57.50
2815,"Bagatur 2.3",3034.9,"-",1246.50,2782,44.81
2816,"Ethereal 8.67",3034.7,"-",6.00,10,60.00
2817,"Invictus r340",3034.4,"-",1731.00,6202,27.91
2818,"Marvin 3.6.0",3034.2,"-",3670.50,10723,34.23
2819,"GullChess A206",3034.1,"-",7.00,15,46.67
2820,"SmarThink 1.97",3033.7,"-",4384.50,8725,50.25
2821,"ice4 v5.0",3033.5,"-",2778.00,5504,50.47
2822,"Fire 2.1",3033.3,"-",21.50,120,17.92
2823,"FabChess 1.16",3033.2,"-",4431.50,9165,48.35
2824,"Patricia 1.0",3032.9,"-",1565.50,2713,57.70
2825,"Andscacs 0.82",3032.8,"-",2473.50,5038,49.10
2826,"FabChess 1.16.0",3032.7,"-",2082.50,4499,46.29
2827,"Rudim 3.0.4",3032.5,"-",926.00,1447,63.99
2828,"Ethereal 9.30",3032.5,"-",2192.00,4344,50.46
2829,"Meltdown 1.10",3032.4,"-",816.50,1627,50.18
2830,"4ku 4.0",3032.2,"-",3101.00,6214,49.90
2831,"Hannibal 1.4a",3032.0,"-",2594.00,6075,42.70
2832,"Igel 1.8.0",3031.7,"-",4.00,8,50.00
2833,"Ginkgo 2.03",3031.5,"-",16.50,60,27.50
2834,"Stash 27.0",3031.5,"-",741.50,1429,51.89
2835,"Obsidian 2.0",3031.5,"-",247.50,514,48.15
2836,"Vajolet2 2.5",3031.0,"-",4995.00,12782,39.08
2837,"Cadie 1.7",3030.7,"-",1394.00,2835,49.17
2838,"Bagatur 2.2a",3030.7,"-",1293.50,2705,47.82
2839,"Jonny 7",3030.6,"-",4.50,10,45.00
2840,"Marvin 5.2.0-a8",3029.9,"-",10.00,28,35.71
2841,"Aku 2025.6.12",3029.4,"-",29.00,80,36.25
2842,"Minic 1.51",3029.1,"-",800.50,3657,21.89
2843,"Nemorino 3.0",3028.7,"-",1953.50,3965,49.27
2844,"4ku 5.1",3028.4,"-",4686.50,9521,49.22
2845,"Combusken 1.1.0",3027.7,"-",2284.00,4278,53.39
2846,"Nemorino 3.04a",3027.6,"-",28.50,80,35.63
2847,"BlackCore 2.0",3027.6,"-",493.00,927,53.18
2848,"Laser 1.4",3027.5,"-",5552.50,13399,41.44
2849,"Critter 0.9",3027.5,"-",5.50,12,45.83
2850,"Hannibal 1.4b",3027.4,"-",4741.00,11995,39.52
2851,"SlowChessBlitz Classic 1.6",3027.1,"-",2339.50,6502,35.98
2852,"Deuterium v19.2.37.73",3026.7,"-",954.00,2012,47.42
2853,"Shredder 12.0",3026.7,"-",12.00,26,46.15
2854,"Integral v2",3026.7,"-",326.00,659,49.47
2855,"Rodent III 0.281",3025.6,"-",307.50,608,50.58
2856,"Mantissa 3.0.0",3025.6,"-",2002.00,3673,54.51
2857,"Bobcat 8",3025.1,"-",62.50,170,36.76
2858,"Rodent IV 0.30",3025.0,"-",2122.50,6651,31.91
2859,"Nemorino 3.00",3024.9,"-",2632.50,7657,34.38
2860,"Wasp 3.00",3024.8,"-",1877.00,4089,45.90
2861,"Rodent IV 0.22",3024.7,"-",885.50,1795,49.33
2862,"Pirarucu 3.0.7",3024.7,"-",2248.00,4642,48.43
2863,"Peacekeeper 1.60",3024.6,"-",2012.50,3685,54.61
2864,"Topple 0.8.1",3024.2,"-",3709.00,7638,48.56
2865,"Deuterium v2019.2.37.73",3024.0,"-",1665.00,5075,32.81
2866,"Weiss 1.2",3023.7,"-",3639.00,8970,40.57
2867,"Minic 2.11",3023.0,"-",811.00,1500,54.07
2868,"amoeba 3.2",3021.9,"-",3450.50,9192,37.54
2869,"Rudim 3.0.3",3021.7,"-",6.50,22,29.55
2870,"Xiphos 0.1",3021.7,"-",3256.50,7286,44.70
2871,"Berserk 3.3.0",3021.6,"-",1100.50,2199,50.05
2872,"Rodent III 0.276",3021.2,"-",930.00,1902,48.90
2873,"Altair 3.0.0",3021.1,"-",2027.00,3613,56.10
2874,"Equinox 2b",3020.9,"-",11.50,22,52.27
2875,"DefenChess 1.1e",3020.6,"-",3659.00,8282,44.18
2876,"Polaris 1.8.1",3020.5,"-",4404.00,9006,48.90
2877,"Simbelmyne 1.8.0",3019.9,"-",415.50,812,51.17
2878,"Wasp 2.01 MP",3019.8,"-",188.00,526,35.74
2879,"Cheese 3.2",3019.5,"-",73.00,170,42.94
2880,"Komodo 4119",3019.0,"-",7.00,10,70.00
2881,"Dirty Catpaw",3019.0,"-",2173.00,4631,46.92
2882,"Rodent IV 0.21",3018.8,"-",639.00,1293,49.42
2883,"Hannibal 1.4",3018.4,"-",2151.50,5220,41.22
2884,"Andscacs 0.81",3018.2,"-",3528.50,7436,47.45
2885,"Bagatur 5.0",3018.1,"-",61.00,121,50.41
2886,"Topple 0.8.0",3017.8,"-",4049.00,10966,36.92
2887,"Rodent III 0.238",3017.5,"-",1003.00,2044,49.07
2888,"chess22k 1.11",3017.4,"-",2416.00,7008,34.47
2889,"Deuterium 2019.2.37.73",3017.2,"-",3425.50,7006,48.89
2890,"Bagatur 2.2e",3016.7,"-",185.50,404,45.92
2891,"Stockfish 0.3pct",3016.5,"-",29.50,56,52.68
2892,"Wasp 3.0",3016.4,"-",2580.00,7320,35.25
2893,"Cheers 1.0.0",3016.4,"-",1697.50,3286,51.66
2894,"tomitankChess 6.0",3016.4,"-",658.00,1338,49.18
2895,"Hakkapeliitta TCEC v2",3016.0,"-",10536.00,23007,45.79
2896,"Pedone 1.6",3015.9,"-",5653.50,14408,39.24
2897,"Chessnix 1.2",3015.2,"-",960.50,1852,51.86
2898,"Lc0 1k",3015.1,"-",18.00,30,60.00
2899,"Dual 0.4.0",3014.9,"-",2.00,7,28.57
2900,"GullChess R600",3014.5,"-",8.00,24,33.33
2901,"Maelstrom 3.0.0",3014.3,"-",53.50,217,24.65
2902,"Calvin 4.0.2",3013.6,"-",781.00,1424,54.85
2903,"Bagatur 3.1",3013.6,"-",129.50,400,32.38
2904,"Equinox 1.40",3013.4,"-",1774.50,3855,46.03
2905,"Raphael 2.3.0.0",3013.2,"-",10.50,24,43.75
2906,"Pirarucu 3.07",3013.1,"-",456.00,2982,15.29
2907,"Smallbrain 4.0",3013.1,"-",959.00,1736,55.24
2908,"Pirarucu 3.24",3012.5,"-",435.00,2978,14.61
2909,"ChessFighter 3.3",3011.9,"-",11.50,22,52.27
2910,"Bagatur 3.2",3011.9,"-",325.50,889,36.61
2911,"Stockfish 1.6s",3011.9,"-",2313.00,3496,66.16
2912,"FoxChess 1.2",3010.9,"-",571.00,1196,47.74
2913,"Truncator 1.0",3010.8,"-",493.00,943,52.28
2914,"Winter 0.7",3010.8,"-",5546.00,12785,43.38
2915,"Tucano 9.00",3010.0,"-",3978.50,10364,38.39
2916,"The Baron 3.40a",3010.0,"-",3.50,8,43.75
2917,"Rodent IV",3009.8,"-",2228.50,4490,49.63
2918,"Midnight 6",3009.7,"-",1696.00,3169,53.52
2919,"Bagatur 2.2",3009.4,"-",1577.50,5568,28.33
2920,"Chiron 1.5",3009.0,"-",6228.50,13772,45.23
2921,"Texel 1.05a9",3008.8,"-",5.50,13,42.31
2922,"amoeba 3.1",3008.1,"-",4913.00,12137,40.48
2923,"Equinox 1.35",3007.0,"-",3962.00,7517,52.71
2924,"Counter 3.7",3006.8,"-",2971.00,8472,35.07
2925,"Minic 2.35",3006.2,"-",59.00,86,68.60
2926,"Komodo 4.0c2",3006.0,"-",869.50,1392,62.46
2927,"Sturddle 0.99",3005.7,"-",1095.50,2065,53.05
2928,"Viridithas 4.0.0",3005.6,"-",770.00,1534,50.20
2929,"Loop 2010-x",3004.8,"-",7342.00,16807,43.68
2930,"Texel 1.04",3004.8,"-",4892.50,10514,46.53
2931,"Bagatur 3.4",3004.7,"-",21.50,75,28.67
2932,"CasanChess 1.0",3004.5,"-",2.00,6,33.33
2933,"Fizbo 1.6",3004.4,"-",3950.00,8272,47.75
2934,"SmarThink 1.95",3004.3,"-",2177.50,4452,48.91
2935,"Bagatur 2.2c",3004.3,"-",207.50,453,45.81
2936,"Bagatur 3.7a",3003.9,"-",682.50,1519,44.93
2937,"Celeris 1.0",3003.5,"-",12.50,26,48.08
2938,"Marvin 4.0.0-a13",3003.4,"-",9.00,18,50.00
2939,"Texel 1.04a16",3003.1,"-",6.50,15,43.33
2940,"Cheng 4.40",3002.4,"-",3216.50,6715,47.90
2941,"Bagatur 3.7b",3002.4,"-",332.00,686,48.40
2942,"Stockfish 1.6",3002.2,"-",7292.50,12148,60.03
2943,"Critter 0.8",3002.1,"-",10.00,20,50.00
2944,"Frozenight 4.0.0",3001.9,"-",1418.50,2511,56.49
2945,"Monty 1.0.0",3001.4,"-",3194.50,6795,47.01
2946,"Stockfish 1.6.3",3001.3,"-",7086.50,11359,62.39
2947,"ice4 v5",3001.0,"-",768.50,1729,44.45
2948,"Naum 4.2",3000.9,"-",35357.00,75495,46.83
2949,"Rodent III 0.273",3000.6,"-",1011.50,2134,47.40
2950,"Rodent III 0.275",3000.2,"-",2460.50,9192,26.77
2951,"Ares 5.45",3000.0,"-",298.50,611,48.85
2952,"Rodent III 0.287",2999.3,"-",319.00,734,43.46
2953,"NirvanaChess 2.0",2999.2,"-",2440.00,4531,53.85
2954,"RubiChess 1.3",2998.8,"-",3530.50,9321,37.88
2955,"Fat Fritz 1",2998.8,"-",405.50,2986,13.58
2956,"Arasan TCEC12",2998.6,"-",7.00,20,35.00
2957,"ice4 32b9698",2998.5,"-",7.00,12,58.33
2958,"Drofa 3.1.0",2998.2,"-",1638.50,2985,54.89
2959,"Hiarcs 14",2998.1,"-",20915.50,46696,44.79
2960,"Senpai 1.0",2998.0,"-",16053.50,38273,41.94
2961,"Nemorino 4.13",2997.7,"-",8.00,20,40.00
2962,"Arasan 20.1",2997.7,"-",3401.00,7699,44.17
2963,"Ethereal 9.00",2997.6,"-",2997.00,5842,51.30
2964,"Pirarucu 2.9.5",2997.0,"-",2004.00,4058,49.38
2965,"Bagatur 3.7",2997.0,"-",32.00,64,50.00
2966,"Combusken 1.1.1",2996.3,"-",159.00,328,48.48
2967,"Protector 1.5.0",2996.1,"-",9381.00,20242,46.34
2968,"Bagatur 3.7d",2995.9,"-",986.50,2264,43.57
2969,"Pedone 1.5",2995.6,"-",4766.50,10255,46.48
2970,"FabChess 1.14.2",2995.1,"-",11.00,22,50.00
2971,"Nemorino 2.0",2994.5,"-",863.50,1695,50.94
2972,"Vajolet2 2.4",2994.4,"-",4229.50,10875,38.89
2973,"Halogen 8.1",2993.8,"-",2434.00,4668,52.14
2974,"Bagatur 3.3",2993.4,"-",615.50,1258,48.93
2975,"Wasp 3.62",2993.2,"-",4.00,10,40.00
2976,"Scorpio Antfish1.0",2992.6,"-",1.00,3,33.33
2977,"Hannibal 1.5x5",2992.4,"-",6.50,12,54.17
2978,"Alexandria 2.3.2",2991.8,"-",15.00,20,75.00
2979,"Koivisto 3.0",2991.3,"-",1898.00,3849,49.31
2980,"Minic 1.35",2991.1,"-",1117.00,2194,50.91
2981,"FabChess 1.15",2991.0,"-",2446.00,4831,50.63
2982,"Nemorino 5.13",2990.7,"-",0.50,5,10.00
2983,"EveAnn 2.1",2990.3,"-",1277.50,2543,50.24
2984,"Topple 0.7.5",2989.9,"-",3952.00,10098,39.14
2985,"Equinox 2.04",2989.7,"-",11.50,25,46.00
2986,"Bread 1.6.0",2989.6,"-",918.50,1872,49.07
2987,"SlowChessBlitz Classic 1.4",2989.1,"-",570.00,818,69.68
2988,"RubiChess 1.3.1",2988.9,"-",19.50,38,51.32
2989,"Igel 2.2.2",2988.7,"-",395.50,787,50.25
2990,"NirvanaChess 2.0a",2988.6,"-",2761.50,6246,44.21
2991,"ice4 3.1",2988.5,"-",8.50,26,32.69
2992,"Deuterium v2019.1.36.50",2988.4,"-",1316.50,4981,26.43
2993,"Bagatur 2.0",2988.4,"-",2699.50,7574,35.64
2994,"Bagatur 4.1",2987.7,"-",31.00,66,46.97
2995,"Inanis 1.5.0",2987.7,"-",854.00,1792,47.66
2996,"Pingu 4.0.0",2987.6,"-",1198.00,2494,48.04
2997,"Bagatur 4.1a",2987.3,"-",223.50,460,48.59
2998,"Dirty Duna",2987.0,"-",2472.50,5307,46.59
2999,"Marvin 3.5.0",2987.0,"-",3165.00,8781,36.04
3000,"Bagatur 3.7c",2986.7,"-",57.50,129,44.57
3001,"Dog 3.4",2986.6,"-",269.00,539,49.91
3002,"Critter 0.80",2986.3,"-",8128.00,14768,55.04
3003,"Nalwald 16",2985.9,"-",1499.50,2961,50.64
3004,"Berserk 3.2.1",2985.8,"-",232.50,441,52.72
3005,"Deuterium 2019.1.36.50",2985.6,"-",1167.50,2300,50.76
3006,"FabChess 1.15.0",2985.3,"-",861.50,1800,47.86
3007,"Fizbo 1.5",2984.5,"-",3147.00,6419,49.03
3008,"Francesca 0.32",2984.3,"-",82.00,128,64.06
3009,"Arasan 19.2",2984.0,"-",1709.00,3310,51.63
3010,"Counter 3.7dev2",2983.8,"-",7.00,18,38.89
3011,"Stash 29.16",2983.3,"-",3.50,6,58.33
3012,"PeSTO 2.210",2983.2,"-",8230.50,19799,41.57
3013,"Rodent IV 022",2983.2,"-",2885.50,8336,34.61
3014,"Meltdown 1.9",2983.0,"-",31.00,143,21.68
3015,"Chiron 1.1",2982.9,"-",1723.50,3777,45.63
3016,"Alfil 15.8",2982.7,"-",1661.00,3270,50.80
3017,"Ethereal 8.77",2982.5,"-",7.00,20,35.00
3018,"Chess-3 3.0",2982.5,"-",275.50,521,52.88
3019,"Arasan 20.0",2981.9,"-",3943.00,8027,49.12
3020,"Fire v_NNb-n07-20-2019",2981.9,"-",4.00,22,18.18
3021,"StockNemo 5.2.0.0",2981.7,"-",22.00,62,35.48
3022,"Obsidian 1.0",2981.1,"-",291.00,655,44.43
3023,"amoeba 3.0",2980.7,"-",5679.50,13859,40.98
3024,"Bagatur 1.9a",2980.3,"-",199.00,386,51.55
3025,"Counter 3.7dev",2980.2,"-",0.50,4,12.50
3026,"Chess dot cpp 4.1.0",2980.2,"-",140.50,318,44.18
3027,"Elixir 2.0",2979.6,"-",683.50,1395,49.00
3028,"Puffin 5.0",2979.1,"-",1749.00,3426,51.05
3029,"Hannibal 1.3",2979.1,"-",6274.50,13749,45.64
3030,"Chessatron 1.3.14c",2979.0,"-",95.00,160,59.38
3031,"Deuterium v19.1.36.50",2978.9,"-",666.00,1382,48.19
3032,"Pirarucu 2.7.4",2978.8,"-",2332.00,4750,49.09
3033,"Clarity 7",2978.5,"-",3.50,20,17.50
3034,"Naum 4.1",2978.3,"-",8585.50,14915,57.56
3035,"Willow 2.9",2978.2,"-",754.50,1542,48.93
3036,"Eidolon 1.0.0",2978.2,"-",877.50,1646,53.31
3037,"Lambergar 0.5.2",2978.1,"-",1267.00,2686,47.17
3038,"SlowChessBlitz Classic 1.5",2977.8,"-",2468.50,4809,51.33
3039,"Vengeance 3.0.0",2977.6,"-",4034.00,8119,49.69
3040,"Minic 1.48",2977.5,"-",404.00,903,44.74
3041,"Rusty Rival 1.0.43",2977.3,"-",30.50,76,40.13
3042,"Zahak 7.0",2977.2,"-",1060.00,4987,21.26
3043,"Kobra 1.1",2977.1,"-",33.00,58,56.90
3044,"Bagatur 3.6",2977.0,"-",38.00,96,39.58
3045,"Chiron 1.1a",2976.6,"-",5857.50,12488,46.91
3046,"Pedone 1.4.1",2976.3,"-",1665.50,3465,48.07
3047,"chess22k 1.9",2976.2,"-",1729.50,3661,47.24
3048,"Wasp 2.6",2976.0,"-",2886.00,8118,35.55
3049,"Myrddin 0.91",2975.3,"-",1230.50,2295,53.62
3050,"Fritz 13",2975.2,"-",10677.00,24099,44.30
3051,"Deuterium v18.1.35.514",2975.1,"-",597.50,1299,46.00
3052,"FabChess v1.15",2975.0,"-",348.00,2981,11.67
3053,"Nemorino 2.00",2975.0,"-",3343.50,7619,43.88
3054,"Arasan 18",2973.1,"-",4.00,10,40.00
3055,"Bagatur 3.4a",2972.9,"-",27.00,82,32.93
3056,"Hakkapeliitta 3.0",2972.8,"-",8157.00,17683,46.13
3057,"Jonny 6",2972.6,"-",27.00,57,47.37
3058,"Igel 2.2.0",2972.6,"-",361.50,2985,12.11
3059,"Topple 0.7.4",2972.5,"-",2281.50,4088,55.81
3060,"Rybka 2.0 1-8",2971.8,"-",455.50,568,80.19
3061,"Wasp 2.60",2971.8,"-",2626.50,6902,38.05
3062,"Counter 3.8dev",2971.1,"-",7.00,21,33.33
3063,"Isa 3.8",2971.1,"-",371.00,761,48.75
3064,"Prune 2.1.1",2970.5,"-",10.00,40,25.00
3065,"Counter 3.6",2970.1,"-",1733.50,6061,28.60
3066,"Andscacs 0.80",2969.9,"-",2495.50,5226,47.75
3067,"Ceibo 1.0",2969.2,"-",2484.50,5260,47.23
3068,"Naum 4",2969.1,"-",11063.50,19207,57.60
3069,"SmarThink 1.90",2968.9,"-",1811.50,3926,46.14
3070,"Crab 4.6.3",2968.9,"-",41.50,107,38.79
3071,"Ceibo 1.10",2968.8,"-",2.00,8,25.00
3072,"Vajolet2 2.3",2968.7,"-",4125.00,9535,43.26
3073,"Gogobello 2.2",2968.3,"-",6706.50,16130,41.58
3074,"Chiron 1.0",2968.3,"-",5013.00,10371,48.34
3075,"SmarThink 1.80",2968.2,"-",3777.50,8280,45.62
3076,"Vajolet2 2.2",2968.1,"-",4459.50,9548,46.71
3077,"chess22k 1.10",2967.1,"-",1257.00,2668,47.11
3078,"Asymptote 0.6.1",2966.8,"-",3.50,8,43.75
3079,"Nemorino 3.04",2966.6,"-",5.50,20,27.50
3080,"Deuterium v2018.1.35.514",2966.5,"-",396.00,795,49.81
3081,"Sentinel 2.0",2966.2,"-",1807.00,3373,53.57
3082,"ChessFighter 3.8.1",2965.9,"-",6.00,22,27.27
3083,"Raphael 2.2",2965.9,"-",252.50,470,53.72
3084,"Revolver 2.0",2965.5,"-",793.50,1517,52.31
3085,"PZChessBot 2.0",2965.0,"-",482.50,1020,47.30
3086,"Pedone 1.4",2964.0,"-",3387.50,7358,46.04
3087,"Rengar 2.1.1",2964.0,"-",1983.00,4086,48.53
3088,"Invictus r323",2963.3,"-",235.50,418,56.34
3089,"Protector 1.8b2",2962.0,"-",9.50,28,33.93
3090,"Jonny 6.00",2962.0,"-",4962.50,11606,42.76
3091,"Komodo 1.3",2961.9,"-",7117.50,14149,50.30
3092,"EveAnn 2.2",2960.3,"-",1007.50,1954,51.56
3093,"Pluto 1.0.1",2960.2,"-",639.50,1351,47.34
3094,"GreKo 2021.08",2960.2,"-",578.50,1147,50.44
3095,"Minic 1.44",2959.2,"-",898.50,1727,52.03
3096,"Cadie 1.5",2959.2,"-",2610.50,5176,50.43
3097,"Marvin 3.4.0",2958.3,"-",4143.00,8478,48.87
3098,"Rybka 2.0",2958.2,"-",329.00,420,78.33
3099,"Naum 4.0",2958.0,"-",9779.50,16835,58.09
3100,"chess22k 1.8",2957.6,"-",898.50,1751,51.31
3101,"Turbulence 4 0.0.5",2957.6,"-",34.00,97,35.05
3102,"Rodent 1.1",2957.1,"-",2840.50,6678,42.54
3103,"OliThink 5.10.3",2957.0,"-",15.50,36,43.06
3104,"ice4 v4",2957.0,"-",625.00,1219,51.27
3105,"Quirky 1.0",2957.0,"-",406.50,876,46.40
3106,"Rybka 2.3.2a",2956.7,"-",33417.50,56330,59.32
3107,"Devre 1.0",2956.7,"-",400.00,758,52.77
3108,"Bobcat 8.0",2956.6,"-",11782.00,26810,43.95
3109,"Turbulence 0.0.5",2956.2,"-",1006.00,1954,51.48
3110,"Combusken 1.0.0",2955.7,"-",1785.00,3691,48.36
3111,"Dog 3.1c",2955.1,"-",531.50,1087,48.90
3112,"Francesca 0.31a",2955.0,"-",36.00,80,45.00
3113,"Critter 0.70",2954.8,"-",7844.00,14612,53.68
3114,"Crafty 25.3",2953.5,"-",3510.00,7289,48.15
3115,"Andscacs 0.72",2953.5,"-",2508.50,4844,51.79
3116,"Junior 12.0",2953.3,"-",13.50,24,56.25
3117,"Wasp 2.01",2953.3,"-",1297.00,3057,42.43
3118,"Lozza 4.0",2953.2,"-",202.00,441,45.80
3119,"Zahak 7.1",2952.8,"-",1087.00,1954,55.63
3120,"Chess-3 v4.0",2952.6,"-",6.00,18,33.33
3121,"Oxide x86_64-window",2952.6,"-",6.00,18,33.33
3122,"Asymptote 0",2952.4,"-",29.50,86,34.30
3123,"Pedantic 0.5.0",2952.4,"-",1773.00,3579,49.54
3124,"Shredder 12",2952.1,"-",48264.00,104397,46.23
3125,"Sjeng c't 2010",2952.1,"-",2380.00,5014,47.47
3126,"Rybka 2.1d3",2952.0,"-",489.50,847,57.79
3127,"SlowChessBlitz Classic 1.4a",2952.0,"-",1148.50,2200,52.20
3128,"Monty 0.1.0",2950.5,"-",48.50,158,30.70
3129,"OliThink 5.11.4",2950.3,"-",3.50,21,16.67
3130,"Wasp 2.00",2950.2,"-",4249.50,9751,43.58
3131,"Bobcat v8.0",2950.0,"-",441.00,2978,14.81
3132,"Francesca MAD 0.30",2949.8,"-",1112.50,2384,46.67
3133,"OliThink 5.11.9",2949.7,"-",2261.50,4956,45.63
3134,"JackyChess 25.12",2948.9,"-",33.00,125,26.40
3135,"Vengeance 3.1.0",2948.3,"-",98.00,363,27.00
3136,"Jackal 1.1.0",2948.2,"-",309.50,755,40.99
3137,"Texel 1.03",2947.6,"-",4129.00,8884,46.48
3138,"Francesca MAD 0.32",2947.3,"-",2897.50,6256,46.32
3139,"Weiss 1.1",2947.3,"-",1191.50,4863,24.50
3140,"Prune HCE 4.0.0",2947.3,"-",1.50,56,2.68
3141,"Ares 5.2.4",2947.2,"-",289.00,612,47.22
3142,"StockNemo 5.4.0.0",2947.2,"-",15.00,73,20.55
3143,"tomitankChess 5.3",2947.1,"-",296.00,568,52.11
3144,"Rodent III",2946.5,"-",63.50,145,43.79
3145,"Igel 2.1.0",2946.3,"-",2000.50,4077,49.07
3146,"Ethereal 8.81",2946.3,"-",532.00,1182,45.01
3147,"Crafty 25.2",2946.1,"-",5010.50,10355,48.39
3148,"Black Marlin 2.0",2946.0,"-",1385.50,2763,50.14
3149,"amoeba 2.8",2945.5,"-",3579.50,8016,44.65
3150,"LimboBot 0.1",2945.5,"-",36.50,61,59.84
3151,"Princhess 0.14.1",2945.4,"-",1083.50,2307,46.97
3152,"Alexandria 2.1.0",2945.3,"-",11.50,42,27.38
3153,"Polaris 1.7.0",2945.1,"-",772.00,1490,51.81
3154,"Sjeng ct 2010",2944.8,"-",14057.50,32300,43.52
3155,"Winter 0.6",2944.7,"-",3351.00,6554,51.13
3156,"Francesca MAD 0.31",2944.7,"-",456.50,957,47.70
3157,"Laser 1.3",2944.6,"-",3994.50,8940,44.68
3158,"Cheese 3.3.0",2944.6,"-",1016.50,2227,45.64
3159,"Cheese 3.2.0",2944.5,"-",1267.00,2474,51.21
3160,"Protector 1.5b2",2944.5,"-",3.00,7,42.86
3161,"Cheng 4.36c",2944.0,"-",5.00,10,50.00
3162,"Francesca MAD 0.30a",2944.0,"-",876.00,1844,47.51
3163,"Lynx 1.6.0",2943.8,"-",621.00,1326,46.83
3164,"ice4 9e94b82",2943.6,"-",27.50,34,80.88
3165,"Prune 2.1.2",2943.5,"-",210.00,442,47.51
3166,"Hakkapeliitta TCEC",2943.5,"-",58.50,136,43.01
3167,"Komodo 1.3b1",2943.4,"-",8.00,14,57.14
3168,"Inanis 1.4.0",2943.2,"-",1559.50,3265,47.76
3169,"Dirty Cucumber",2943.2,"-",2169.50,4492,48.30
3170,"Bagatur 2.1",2943.0,"-",233.50,502,46.51
3171,"Igel 2.0.0",2942.6,"-",1410.50,2756,51.18
3172,"Rodent III 0.210",2942.4,"-",606.50,1343,45.16
3173,"Cheng 4.39",2941.6,"-",12825.50,30207,42.46
3174,"Hannibal 1.2",2941.5,"-",4161.00,9118,45.64
3175,"Crafty 25.2.1",2940.7,"-",9.50,44,21.59
3176,"ice4 v4.0",2940.6,"-",666.00,1900,35.05
3177,"Fizbo 1.4",2940.6,"-",1844.50,3767,48.96
3178,"Bagatur 3.7e",2940.6,"-",93.00,228,40.79
3179,"Jackal 1.0.0",2940.5,"-",786.50,1608,48.91
3180,"Francesca MAD 0.31a",2940.3,"-",1266.50,3184,39.78
3181,"Komodo 1.1",2940.2,"-",494.50,962,51.40
3182,"Spike 1.4",2940.0,"-",21111.00,49226,42.89
3183,"Crafty 25.6",2939.4,"-",3160.50,7083,44.62
3184,"Asymptote 0.8",2939.3,"-",7998.00,16537,48.36
3185,"Chessatron 1.0",2938.8,"-",384.00,794,48.36
3186,"Gaviota 0.86b3",2938.7,"-",4.00,7,57.14
3187,"Rybka 2.3",2938.7,"-",1961.50,2816,69.66
3188,"Viridithas 3.0.0",2938.0,"-",699.00,1498,46.66
3189,"Minic 0.76",2937.9,"-",18.50,38,48.68
3190,"Astra 3.4",2937.6,"-",62.00,110,56.36
3191,"Cheese 3.3.2",2937.5,"-",639.50,1433,44.63
3192,"Bagatur 3.2a_v2",2937.5,"-",1.00,4,25.00
3193,"Princhess 0.20.0-4-gdd6cc36",2937.5,"-",1.00,4,25.00
3194,"GullChess 1.2",2937.1,"-",7952.50,17492,45.46
3195,"Dirty CUCUMBER",2937.1,"-",3025.00,6227,48.58
3196,"Spike 1.4.1",2936.9,"-",1058.00,2184,48.44
3197,"Nemorino 1.0.1",2936.6,"-",777.00,1537,50.55
3198,"Bit-Genie 9.22",2936.5,"-",1.50,2,75.00
3199,"RubiChess 1.2.1",2936.1,"-",448.50,847,52.95
3200,"tomitankChess 5.1",2936.1,"-",1862.50,3822,48.73
3201,"Spike 1.4 Leiden",2936.0,"-",11338.50,25070,45.23
3202,"GullChess 1.0",2935.7,"-",872.00,1890,46.14
3203,"Francesca MAD 0.29",2935.7,"-",1935.50,3709,52.18
3204,"Hiarcs 13.2",2935.6,"-",10306.50,23192,44.44
3205,"Rodent III 0.232",2935.6,"-",696.50,1593,43.72
3206,"Texel 1.05a7",2935.2,"-",5.50,11,50.00
3207,"Grail 1.0.2",2935.1,"-",349.50,702,49.79
3208,"Koivisto 4",2934.6,"-",3.00,6,50.00
3209,"FabChess 1.14",2934.2,"-",2032.50,4033,50.40
3210,"Arasan 19.1",2934.0,"-",3175.50,6464,49.13
3211,"Tcheran 6.0",2933.9,"-",792.50,1530,51.80
3212,"Astra 3.1",2933.8,"-",16.00,44,36.36
3213,"Deuterium 2018.1.35.514",2933.4,"-",1535.00,3102,49.48
3214,"FabChess 1",2933.3,"-",19.00,50,38.00
3215,"Counter 3.5",2933.1,"-",2922.50,8605,33.96
3216,"Junior 13",2932.9,"-",6326.00,13799,45.84
3217,"Komodo 1.2",2932.6,"-",6528.00,12552,52.01
3218,"Pirarucu 2.6.1",2932.6,"-",938.00,2087,44.94
3219,"Wasp 3.54",2932.5,"-",0.50,8,6.25
3220,"Bread 1.5.0",2932.4,"-",451.50,880,51.31
3221,"Vajolet2 2.2.15",2932.0,"-",641.50,1288,49.81
3222,"Cheese 3.1.1",2931.7,"-",2303.00,4850,47.48
3223,"Rybka 2.2",2931.5,"-",11111.50,16676,66.63
3224,"Lozza 5.18",2931.5,"-",58.00,101,57.43
3225,"Grail 1.0.1",2930.9,"-",14.50,69,21.01
3226,"Renegade 0.12.0",2930.9,"-",1720.00,3684,46.69
3227,"KnightX 4.6b",2930.3,"-",233.50,448,52.12
3228,"The Baron 3.44.1",2929.4,"-",170.50,300,56.83
3229,"Glaurung 2.2 JA",2929.3,"-",79.50,100,79.50
3230,"Rybka 2.3 LK",2929.1,"-",962.50,1291,74.55
3231,"Astra 3.0",2928.8,"-",8.50,27,31.48
3232,"Isa 3.7",2928.2,"-",497.00,965,51.50
3233,"Lambergar 0.5.1",2927.8,"-",24.00,112,21.43
3234,"Cheese 3.2.1",2927.8,"-",615.00,1281,48.01
3235,"Vajolet2 2.3.2",2927.4,"-",25.00,100,25.00
3236,"Bread 1.5.5",2927.3,"-",393.00,773,50.84
3237,"GullChess 1.0a",2927.1,"-",3153.00,6116,51.55
3238,"4ku 5.0",2927.0,"-",30.00,126,23.81
3239,"Revolver 1.0 2.0",2926.9,"-",2.50,13,19.23
3240,"Fruit Reloaded 15th ann",2926.9,"-",728.00,1558,46.73
3241,"Lc0 0.9",2926.8,"-",515.50,1190,43.32
3242,"amoeba 2.7",2926.3,"-",3324.00,7305,45.50
3243,"iCE 2.0 v2240",2925.3,"-",4330.00,9381,46.16
3244,"Shredder 12 SE",2923.4,"-",563.50,1217,46.30
3245,"Simbelmyne 1.7.0",2922.9,"-",664.50,1306,50.88
3246,"Reckless 0.4.0",2922.9,"-",887.50,1759,50.45
3247,"Francesca 0.29",2922.5,"-",24.50,42,58.33
3248,"Spark 1.0",2922.5,"-",26998.50,63137,42.76
3249,"SmarThink 1.70",2922.2,"-",3484.00,7196,48.42
3250,"Bagatur 1.9",2922.0,"-",1060.50,2183,48.58
3251,"GullChess 1.1",2922.0,"-",4862.50,10488,46.36
3252,"Toga 4.01",2921.7,"-",88.50,182,48.63
3253,"iCE 2.0",2920.6,"-",1697.00,3333,50.92
3254,"Stash 25.0",2920.4,"-",402.00,782,51.41
3255,"Nemorino 1.01",2920.0,"-",1147.50,2283,50.26
3256,"DayDreamer 2.0.0",2919.9,"-",1252.00,2399,52.19
3257,"Cheese 3.1.0",2919.8,"-",3046.50,5931,51.37
3258,"Pluto 1.0.0",2919.7,"-",733.50,1419,51.69
3259,"Minic 1.14",2919.6,"-",498.00,944,52.75
3260,"Gogobello 2.1",2919.5,"-",4035.00,10232,39.44
3261,"Onno 1.2.7",2919.2,"-",7.50,14,53.57
3262,"Caligula 2.0",2919.2,"-",669.50,1434,46.69
3263,"Atlas 3.90",2918.8,"-",159.00,297,53.54
3264,"Winter 0.5",2918.8,"-",2065.50,3827,53.97
3265,"Leorik 2.5",2918.7,"-",2148.00,4336,49.54
3266,"Jet 1.1",2918.3,"-",386.50,855,45.20
3267,"Heimdall 0.3",2918.1,"-",48.50,152,31.91
3268,"Smallbrain 3.0",2918.1,"-",382.50,857,44.63
3269,"Velvet 2.0.0",2918.1,"-",1618.00,3431,47.16
3270,"Junior 12.5.0.3",2917.9,"-",315.50,599,52.67
3271,"Rodent II 0.9.64",2917.8,"-",2722.50,5549,49.06
3272,"Counter 3.6dev2",2917.5,"-",7.00,18,38.89
3273,"Texel 1.06a45",2917.2,"-",5.00,12,41.67
3274,"Vajolet2 2.0",2916.7,"-",4256.00,9963,42.72
3275,"Fruit reloaded 15A",2916.6,"-",992.50,1896,52.35
3276,"Rodent III 0.172",2916.5,"-",2767.50,6015,46.01
3277,"Hiarcs 13.1",2916.5,"-",10562.00,22886,46.15
3278,"Junior Yokohama",2916.1,"-",7289.00,16036,45.45
3279,"Junior 13.3",2916.1,"-",9976.50,24108,41.38
3280,"Astra 3.2",2915.9,"-",213.00,444,47.97
3281,"Topple 0.7.3",2915.3,"-",955.00,2103,45.41
3282,"GullChess 0.12a",2914.8,"-",1588.50,3442,46.15
3283,"Svart 3.1",2914.6,"-",481.50,925,52.05
3284,"Fizbo 1.31",2914.6,"-",1166.00,2402,48.54
3285,"Booot 5.2.0",2914.5,"-",7191.00,16051,44.80
3286,"EXchess 7.97b",2914.5,"-",6459.50,13522,47.77
3287,"BBC 1.4",2914.3,"-",104.00,207,50.24
3288,"GullChess 012a",2914.3,"-",739.00,1431,51.64
3289,"The Baron 3.45",2913.8,"-",5265.00,11315,46.53
3290,"Protej 0.6.4",2913.6,"-",1778.00,3492,50.92
3291,"Publius 0.063",2913.6,"-",12.00,67,17.91
3292,"Rybka 2.3.1",2913.5,"-",2513.50,3709,67.77
3293,"Atlas 3.91",2913.5,"-",6002.50,12570,47.75
3294,"Topple 0.7.2",2913.4,"-",1632.50,3063,53.30
3295,"Stash 23.0",2913.2,"-",224.50,456,49.23
3296,"StockNemo 5.1.0.0",2913.1,"-",753.50,1379,54.64
3297,"Rybka 2.2n2",2912.9,"-",5299.50,9356,56.64
3298,"Stockfish 1.5.1",2912.8,"-",8458.50,15020,56.31
3299,"Hannibal 1.5x12",2912.5,"-",4.00,13,30.77
3300,"DiscoCheck 5.2",2912.1,"-",4775.00,11102,43.01
3301,"Arasan 18.2",2911.6,"-",1703.00,3319,51.31
3302,"Nalwald 15",2911.5,"-",879.00,1753,50.14
3303,"Vajolet2 2.1",2911.5,"-",2769.50,6304,43.93
3304,"Drofa 3.0.0",2911.4,"-",681.50,1405,48.51
3305,"FabChess 1.14.0",2911.4,"-",960.00,1998,48.05
3306,"Arasan 19.0.1",2911.2,"-",1672.50,3629,46.09
3307,"Potential 2.0.0",2910.9,"-",1085.50,2484,43.70
3308,"Wasp 1.25",2910.7,"-",3852.50,8574,44.93
3309,"Nemorino 1.02",2910.6,"-",534.50,1074,49.77
3310,"Topple 0.7.1",2910.4,"-",945.00,1723,54.85
3311,"DiscoCheck 5.2.1",2910.3,"-",5079.50,10462,48.55
3312,"Scorpio 2.8",2910.3,"-",3039.50,6477,46.93
3313,"Toga 4.0",2910.0,"-",6191.00,15524,39.88
3314,"Bobcat 7.6",2909.6,"-",4113.50,9161,44.90
3315,"Arcanum 2.2",2909.6,"-",747.50,1566,47.73
3316,"Crafty 25.1",2909.5,"-",2312.00,4636,49.87
3317,"Francesca MAD 0.28",2908.8,"-",840.50,1652,50.88
3318,"Fritz 12",2908.7,"-",13104.50,28513,45.96
3319,"Berserk 3.2.0",2908.2,"-",455.50,841,54.16
3320,"KnightX 4.92",2908.1,"-",150.00,356,42.13
3321,"Spaghet BologNNese 1.1.3",2907.4,"-",21.00,353,5.95
3322,"Cheng 4 v0.38",2907.4,"-",1230.50,2199,55.96
3323,"Tucano 8.00",2906.9,"-",3578.00,7474,47.87
3324,"Junior 12.5",2906.8,"-",6453.00,14828,43.52
3325,"KnightX 4.9",2906.7,"-",37.50,113,33.19
3326,"Fritz 11.1",2906.4,"-",2311.50,3875,59.65
3327,"Aku 2025.30.5",2905.9,"-",4.00,5,80.00
3328,"Spark 0.5",2905.8,"-",3120.50,6621,47.13
3329,"tomitankChess 5.0",2905.6,"-",794.50,1675,47.43
3330,"FoxChess release v1.1",2905.6,"-",9.50,48,19.79
3331,"Invictus r305",2905.5,"-",4867.50,12662,38.44
3332,"Quazar 0.4",2905.2,"-",22073.50,46767,47.20
3333,"Arasan 19.0",2904.4,"-",603.50,1200,50.29
3334,"Rybka 2.1",2903.8,"-",5216.50,7870,66.28
3335,"Fizbo 1.3",2903.7,"-",1611.00,2950,54.61
3336,"Raphael 2.2.0.0",2903.6,"-",7.00,34,20.59
3337,"Frozenight 3.0.1",2903.6,"-",50.50,70,72.14
3338,"Invictus r324",2903.5,"-",386.00,847,45.57
3339,"chess22k 1.7",2903.2,"-",848.00,1681,50.45
3340,"Fruit reloaded 15th",2903.1,"-",1301.50,2800,46.48
3341,"EXchess v7.97b",2902.9,"-",1219.00,2389,51.03
3342,"Tornado 8",2902.9,"-",90.50,207,43.72
3343,"amoeba 2.6",2902.8,"-",2047.50,4397,46.57
3344,"Protector 1.4.0",2902.3,"-",9031.00,20452,44.16
3345,"Deuterium v14.3.34.130",2902.2,"-",2941.00,5686,51.72
3346,"Komodo 1.0",2901.7,"-",6466.00,13473,47.99
3347,"Bagatur 3.4b",2901.2,"-",21.50,44,48.86
3348,"Arasan 18.3",2900.9,"-",3286.00,7941,41.38
3349,"Counter 3.4",2900.8,"-",3491.00,6844,51.01
3350,"FabChess 1.13",2900.3,"-",1399.50,2640,53.01
3351,"Puffin 4.0",2899.7,"-",1691.50,3742,45.20
3352,"Cadie 1.4",2899.3,"-",292.50,604,48.43
3353,"Spark 0.4MP",2898.9,"-",887.00,1960,45.26
3354,"Rybka 1.2f",2898.2,"-",7502.00,12089,62.06
3355,"Grail 1.0.0",2897.7,"-",12.50,76,16.45
3356,"Aku 2025.22.5",2897.5,"-",26.50,49,54.08
3357,"Nemorino 1.0",2897.4,"-",404.50,844,47.93
3358,"KnightX 4.91",2897.2,"-",778.00,1723,45.15
3359,"Tucano 12",2896.6,"-",39.50,309,12.78
3360,"Koivisto 2.0",2895.3,"-",1755.50,3632,48.33
3361,"Wasp TCEC S11",2895.2,"-",7.00,28,25.00
3362,"Rybka 1.2",2895.0,"-",2733.00,4242,64.43
3363,"Protector 1.6b14",2894.3,"-",4.50,15,30.00
3364,"Thinker 5.4Ci",2894.3,"-",67.00,102,65.69
3365,"Lozza 4",2894.3,"-",488.50,919,53.16
3366,"Andscacs 0.71",2894.2,"-",2374.50,4390,54.09
3367,"ice4 s24-swiss",2894.0,"-",7.50,24,31.25
3368,"Scorpio 2.7.9",2893.7,"-",1126.50,2266,49.71
3369,"Deuterium 14.3.34.130",2893.3,"-",2846.00,5750,49.50
3370,"Lozza 3.0",2892.7,"-",502.00,923,54.39
3371,"Dirty v30Apr2017",2892.6,"-",818.00,1799,45.47
3372,"Prune 2.1.0",2892.5,"-",447.00,957,46.71
3373,"Hannibal 1.1",2891.0,"-",6525.00,13508,48.30
3374,"OliThink 5.10.5",2890.9,"-",1655.00,3247,50.97
3375,"Protector 1.3.6",2890.9,"-",2068.00,4206,49.17
3376,"Tucano 7.06 TCEC",2890.1,"-",657.50,1399,47.00
3377,"Qapla 0.3.2",2889.9,"-",1348.50,2691,50.11
3378,"DayDreamer 2.0.0-pre2",2889.7,"-",2662.00,5443,48.91
3379,"Gaviota 1",2889.7,"-",8.00,22,36.36
3380,"Thinker 5.4C",2889.0,"-",1834.50,4365,42.03
3381,"Tucano 7.07",2888.9,"-",1319.00,2654,49.70
3382,"Fritz 11",2888.8,"-",21938.50,42114,52.09
3383,"Toga 1.4.6 JD",2888.7,"-",56.50,100,56.50
3384,"SmarThink 1.60",2888.4,"-",2267.00,4270,53.09
3385,"The Baron 3.44",2888.4,"-",7177.50,15357,46.74
3386,"Minic 1.39",2887.9,"-",205.50,406,50.62
3387,"Frozenight 3.0.0",2887.5,"-",2106.00,4063,51.83
3388,"4ku 3.1",2887.5,"-",667.00,1451,45.97
3389,"Crafty 25.0",2885.5,"-",4281.50,8927,47.96
3390,"Dirty Apr2017",2885.3,"-",1023.00,2319,44.11
3391,"Qapla 0.3.1",2884.8,"-",11.50,30,38.33
3392,"Weiss 1.0",2884.7,"-",1351.50,2676,50.50
3393,"Avalanche 1.1.0",2884.5,"-",1183.00,2276,51.98
3394,"pounce 2.0.1",2884.5,"-",252.00,599,42.07
3395,"Integral v1",2884.3,"-",28.50,44,64.77
3396,"Scorpio 2.79",2884.1,"-",631.00,1208,52.24
3397,"Thinker 5.4d",2884.1,"-",6223.00,13082,47.57
3398,"Cadie 1.3",2883.9,"-",292.00,574,50.87
3399,"Naum 3",2883.1,"-",3751.00,6765,55.45
3400,"Zurichess Neuchatel",2883.1,"-",6880.50,14544,47.31
3401,"Senpai 1",2883.0,"-",8.00,24,33.33
3402,"FabChess 1.13.0",2882.8,"-",1865.50,3570,52.25
3403,"KnightX 4.8",2882.4,"-",660.00,1667,39.59
3404,"Ceibo 0.9",2882.2,"-",2958.00,5608,52.75
3405,"Byte-Knight 4.0.0",2881.9,"-",753.50,1419,53.10
3406,"Gaviota 1.0",2881.7,"-",16329.00,33528,48.70
3407,"Weiawaga 5.0",2881.6,"-",2164.00,4441,48.73
3408,"amoeba 2.5",2881.1,"-",1600.50,3180,50.33
3409,"Inanis 1.2.1",2881.0,"-",123.00,319,38.56
3410,"GullChess 0.11a",2880.5,"-",319.50,687,46.51
3411,"Rybka 2.1c",2880.0,"-",2386.50,3642,65.53
3412,"Tucano 7.00",2879.8,"-",3260.00,6455,50.50
3413,"Wasp 1.01",2879.4,"-",2234.00,4792,46.62
3414,"Asymptote 0.7",2879.0,"-",3488.00,7368,47.34
3415,"Vajolet2 1.44",2878.8,"-",210.50,412,51.09
3416,"KnightX 4.5",2878.6,"-",414.00,1257,32.94
3417,"EXchess 7.88b",2878.5,"-",1767.50,3681,48.02
3418,"Rybka 1.1",2878.5,"-",8741.00,13859,63.07
3419,"Bagatur 3.4e",2878.2,"-",25.50,88,28.98
3420,"Murka 3",2877.8,"-",5489.00,10987,49.96
3421,"KnightX 4.3",2877.7,"-",403.50,834,48.38
3422,"Ares 3.0.3",2877.5,"-",184.00,392,46.94
3423,"Ethereal 8.61",2877.5,"-",1072.50,2174,49.33
3424,"Stockfish 1.4",2877.1,"-",10251.00,19250,53.25
3425,"Ethereal 8.62",2877.0,"-",501.00,1097,45.67
3426,"Pedantic 0.4.1",2876.9,"-",825.50,1718,48.05
3427,"Wasp 1.02",2876.2,"-",347.50,691,50.29
3428,"Spark 1",2875.9,"-",13.00,33,39.39
3429,"Counter 3.3",2875.8,"-",2520.50,4950,50.92
3430,"Zurichess Nidwalden",2875.5,"-",74.50,141,52.84
3431,"Euwe 2.1.0",2875.1,"-",1433.50,2922,49.06
3432,"KnightX 4.7",2875.1,"-",679.50,1498,45.36
3433,"Vajolet2 1.45",2874.9,"-",2507.00,4940,50.75
3434,"Crafty 25",2874.7,"-",6.00,38,15.79
3435,"Junior 12",2874.7,"-",6546.50,15569,42.05
3436,"Minic 0.98",2874.3,"-",522.50,913,57.23
3437,"Asymptote 0.6.3",2874.3,"-",529.50,1020,51.91
3438,"Thinker 5.4Ai",2873.9,"-",985.50,1912,51.54
3439,"Svart 3",2873.7,"-",633.00,1056,59.94
3440,"Toga 3.0",2873.4,"-",6466.00,13786,46.90
3441,"Dog 3.0",2873.4,"-",479.00,908,52.75
3442,"Rybka 1.01 13-13d",2873.1,"-",1047.50,1461,71.70
3443,"Spark 0.4",2873.0,"-",6996.50,14641,47.79
3444,"Atlas 3.80",2872.9,"-",5448.00,11009,49.49
3445,"Bit-Genie 8",2872.7,"-",395.50,818,48.35
3446,"Tucano 7.06",2872.6,"-",1289.50,2736,47.13
3447,"Thinker 5.4c",2872.0,"-",7127.50,14875,47.92
3448,"Thinker 5.4D",2872.0,"-",6887.00,17101,40.27
3449,"Arasan 18.1",2871.4,"-",2569.50,5088,50.50
3450,"OliThink 5.10.1",2871.4,"-",1135.00,2323,48.86
3451,"Thinker 5.4Di",2871.0,"-",3650.00,7620,47.90
3452,"Gogobello 2.0",2870.8,"-",3126.50,6256,49.98
3453,"Koivisto 1.0",2870.8,"-",440.00,796,55.28
3454,"The Baron 3.43",2870.5,"-",2233.00,4834,46.19
3455,"Stockfish 0.1pct",2870.4,"-",2.50,8,31.25
3456,"Dirty Nov2015",2870.4,"-",752.50,1448,51.97
3457,"Murka 3.0",2870.4,"-",4302.00,9081,47.37
3458,"Francesca MAD 0.27",2870.1,"-",1253.50,2407,52.08
3459,"Pirarucu 2.3.8",2869.9,"-",735.50,1392,52.84
3460,"OliThink 5.9.7",2869.7,"-",461.50,951,48.53
3461,"Vajolet2 1.43",2869.6,"-",1172.00,2253,52.02
3462,"Naum 3.1",2869.4,"-",16668.00,35113,47.47
3463,"Weiawaga 5.0.0",2869.3,"-",2393.00,5181,46.19
3464,"Dirty 30Apr2017",2868.8,"-",1033.50,2127,48.59
3465,"EXchess 7.92b",2868.8,"-",291.00,588,49.49
3466,"JackyChess 25.09",2868.7,"-",19.50,60,32.50
3467,"Naum 3.0",2868.6,"-",10554.00,19588,53.88
3468,"Fruit 2.3.5m p15",2868.6,"-",1069.50,2156,49.61
3469,"Spark 1.1",2868.4,"-",4.50,11,40.91
3470,"Fruit 3.2",2867.9,"-",20.00,100,20.00
3471,"Dirty 30APR2017",2867.6,"-",64.50,146,44.18
3472,"Cheese 3.0.1",2867.4,"-",138.50,336,41.22
3473,"MinkoChess 1.3",2867.3,"-",9304.50,19139,48.62
3474,"Laser 1.2",2867.3,"-",3011.50,6017,50.05
3475,"Rodent II 0.9.33",2867.2,"-",2245.50,4646,48.33
3476,"Spark 0.3MP",2866.8,"-",899.50,1907,47.17
3477,"DisasterArea 1.65",2866.3,"-",7883.00,16660,47.32
3478,"Tucano 8",2865.6,"-",33.00,98,33.67
3479,"EXchess 7.92",2865.6,"-",892.50,2063,43.26
3480,"Rudim 3.0.2",2865.5,"-",1.00,12,8.33
3481,"Lambergar 0.5.0",2865.5,"-",732.50,1465,50.00
3482,"FoxChess 1.1",2865.3,"-",235.50,461,51.08
3483,"4ku 3.0",2864.6,"-",1576.50,3390,46.50
3484,"Protej 0.6.2",2864.5,"-",329.50,666,49.47
3485,"Meltdown 1.8",2864.4,"-",892.00,1718,51.92
3486,"Lc0 0.19.1",2864.0,"-",213.00,430,49.53
3487,"Tucano 7.05",2863.8,"-",1056.50,2441,43.28
3488,"Yakka 1.2",2863.7,"-",1008.50,1931,52.23
3489,"Rybka 1.01 9",2863.3,"-",221.00,290,76.21
3490,"Wahoo 3.0.0",2862.4,"-",1335.50,2815,47.44
3491,"EXchess v7.88b",2862.3,"-",567.50,1196,47.45
3492,"Igel 1.8.1",2862.3,"-",12.50,30,41.67
3493,"EXchess v7.92b",2861.4,"-",627.50,1395,44.98
3494,"Dirty 3Nov2015",2861.3,"-",1331.50,2734,48.70
3495,"Protector 1.4",2861.1,"-",9.50,16,59.38
3496,"EXchess 7.71b",2860.8,"-",2098.50,4135,50.75
3497,"Marvin 3.3.2",2860.8,"-",3337.50,6555,50.92
3498,"Protector 1.3.3",2860.0,"-",768.50,1515,50.73
3499,"Colossus 2025b",2859.9,"-",1685.00,3799,44.35
3500,"Nemo 1.0.1",2859.7,"-",8163.00,16246,50.25
3501,"Pedone 1.2",2859.6,"-",2240.50,4550,49.24
3502,"Halogen 8",2859.4,"-",1138.50,2315,49.18
3503,"Critter 0.60",2859.4,"-",5902.50,12017,49.12
3504,"Willow 2.8",2859.2,"-",1337.50,2733,48.94
3505,"Arasan 18.0",2859.2,"-",2855.50,5757,49.60
3506,"Strelka 2.0 B",2858.7,"-",572.00,1006,56.86
3507,"Shredder WM Edition Bonn",2858.7,"-",6198.50,13609,45.55
3508,"Heimdall 0.4",2858.6,"-",197.50,423,46.69
3509,"Protector 1.3.5",2857.8,"-",1881.50,3740,50.31
3510,"DiscoCheck 5.1",2857.7,"-",404.00,894,45.19
3511,"Stockfish 30k",2857.5,"-",37.00,80,46.25
3512,"Dirty v03Nov2015",2857.5,"-",1407.00,2898,48.55
3513,"Pedone 1.3",2857.3,"-",2405.00,4956,48.53
3514,"DefenChess 1.0",2857.1,"-",1195.00,2397,49.85
3515,"Weak 1.0",2857.1,"-",23.00,80,28.75
3516,"Fruit reloaded 3.2.1",2856.3,"-",2845.00,6338,44.89
3517,"Clovis II",2856.1,"-",590.50,1138,51.89
3518,"Zappa Mexico II",2856.1,"-",35551.50,81724,43.50
3519,"Deuterium 14.2.33.276",2855.8,"-",886.50,1801,49.22
3520,"Zappa Mexico II WD",2855.6,"-",530.00,1063,49.86
3521,"KnightX 4.6",2855.1,"-",418.50,831,50.36
3522,"Counter 3.2",2855.0,"-",2617.00,5262,49.73
3523,"Deuterium v14.2.33.276",2855.0,"-",1750.00,3408,51.35
3524,"Tornado 5.0",2854.8,"-",1091.00,2095,52.08
3525,"Equinox 1.26",2854.3,"-",1616.00,3651,44.26
3526,"Vajolet2 1.28",2854.3,"-",2631.50,4997,52.66
3527,"OliThink 5.9.9",2854.0,"-",728.50,1782,40.88
3528,"Protector 1.3.4",2853.4,"-",2187.00,5014,43.62
3529,"EXchess v7.71b",2852.8,"-",683.00,1347,50.71
3530,"Fruit 2.3.4n",2852.2,"-",161.00,311,51.77
3531,"Monolith 1",2852.0,"-",8.50,16,53.13
3532,"Fruit Reloaded 3.2.1",2851.8,"-",2308.50,5128,45.02
3533,"Asymptote 0.6",2851.8,"-",1152.00,2110,54.60
3534,"Peacekeeper 1.4",2851.6,"-",5.00,16,31.25
3535,"Nalwald 14.0",2851.1,"-",302.00,626,48.24
3536,"OliThink 5.11.0",2851.0,"-",703.00,1514,46.43
3537,"Cheers 0.3.0",2850.8,"-",1250.00,2596,48.15
3538,"Aconcagua 5.2.0",2850.1,"-",610.00,1114,54.76
3539,"Altair 2.0.0",2850.0,"-",1700.00,3234,52.57
3540,"Onno 1.27",2850.0,"-",16.50,43,38.37
3541,"Onno 0.12.0",2849.9,"-",2396.50,4460,53.73
3542,"Igel 1.9.0",2849.8,"-",2093.50,4195,49.90
3543,"Minic 1.24",2849.6,"-",2.50,9,27.78
3544,"Minic 1.09",2849.4,"-",232.00,446,52.02
3545,"Dumb 2.1",2849.3,"-",2211.00,4417,50.06
3546,"Thinker 5.3Bi",2848.6,"-",732.50,1435,51.05
3547,"Thinker 5.4A",2848.5,"-",4063.50,8902,45.65
3548,"Clovis III",2848.5,"-",3890.00,7756,50.15
3549,"Bobcat 7.1",2848.1,"-",2811.00,5578,50.39
3550,"Fizbo 1.2",2848.0,"-",2225.00,4392,50.66
3551,"Shredder 11",2847.9,"-",25815.50,51812,49.83
3552,"Marvin 3.2.0",2847.8,"-",3875.00,6896,56.19
3553,"Fruit reloaded 2.1",2847.7,"-",4328.00,8735,49.55
3554,"Inanis 1.3.0",2847.4,"-",458.50,1115,41.12
3555,"Hiarcs 12",2847.4,"-",14235.00,30089,47.31
3556,"Hiarcs 12.1",2847.3,"-",11277.00,25671,43.93
3557,"SmarThink 1.50",2847.0,"-",2861.50,5521,51.83
3558,"Admete 1.7.0",2846.9,"-",853.50,1738,49.11
3559,"Polaris 1.6.0",2846.9,"-",25.00,120,20.83
3560,"Arasan 17.5",2846.8,"-",2533.50,5273,48.05
3561,"Spark 0.3",2846.8,"-",7231.50,14872,48.62
3562,"Kobra 1.0a",2846.7,"-",460.00,951,48.37
3563,"Seer 1.1",2846.6,"-",264.00,701,37.66
3564,"Polaris 1.6.1",2846.5,"-",1601.00,3137,51.04
3565,"EXchess 7.51b",2846.5,"-",1535.00,2989,51.35
3566,"Dumb 2.3",2846.4,"-",1327.50,2692,49.31
3567,"Black Marlin 1.0",2845.8,"-",909.00,1799,50.53
3568,"Texel 1.02",2845.1,"-",3305.00,6682,49.46
3569,"Rybka 1.01 13x",2845.0,"-",544.50,839,64.90
3570,"Lozza 3",2845.0,"-",664.00,1231,53.94
3571,"KnightX 4.4",2844.5,"-",792.50,1739,45.57
3572,"OliThink 5.9.3",2844.5,"-",167.50,350,47.86
3573,"OliThink 5.9.6",2844.2,"-",221.50,523,42.35
3574,"Francesca MAD 0.26",2844.2,"-",1202.00,2750,43.71
3575,"Scorpio 2.78",2843.9,"-",1467.00,3081,47.61
3576,"Booot 5.1.0",2843.8,"-",5371.00,11922,45.05
3577,"Protector 1.3.2",2843.7,"-",821.50,1797,45.72
3578,"Scorpio 2.7.8",2843.5,"-",462.50,923,50.11
3579,"NirvanaChess 1.7",2843.5,"-",2119.00,4254,49.81
3580,"Cheese 3.0.0",2843.4,"-",2740.00,5168,53.02
3581,"Delocto 0.7",2843.4,"-",145.00,285,50.88
3582,"Onno 1.2.70",2843.1,"-",17791.50,41973,42.39
3583,"Sjeng WC 2008",2843.0,"-",3642.00,7958,45.77
3584,"OliThink 5.11.1",2842.9,"-",193.50,474,40.82
3585,"tomitankChess 4.2",2842.6,"-",1071.00,2299,46.59
3586,"Andscacs 0.70",2842.4,"-",2006.50,3678,54.55
3587,"Sjeng WC2008",2842.4,"-",9679.50,22217,43.57
3588,"Cheese 2.2",2842.2,"-",3529.50,7792,45.30
3589,"Junior 11.1a",2842.2,"-",3444.50,7778,44.29
3590,"Arasan 17.4",2842.0,"-",2167.50,4054,53.47
3591,"StockNemo 5.0.0.0",2841.9,"-",243.50,493,49.39
3592,"Bagatur 1.8a",2841.4,"-",221.50,456,48.57
3593,"Junior 11.2",2841.2,"-",3450.00,7876,43.80
3594,"Hannibal 1.0a",2841.0,"-",3161.50,6379,49.56
3595,"amoeba 2.4",2840.7,"-",1521.00,3118,48.78
3596,"Equinox 0.97e",2840.6,"-",1722.00,3376,51.01
3597,"Rengar 2.0.0",2840.6,"-",930.50,1918,48.51
3598,"Princhess 0.12.2",2840.3,"-",43.00,134,32.09
3599,"Rodent 1.7",2840.1,"-",2907.50,6043,48.11
3600,"The Baron 3.35a",2839.1,"-",3.50,7,50.00
3601,"akimbo 0.4.1",2839.0,"-",979.00,2218,44.14
3602,"Onno 1.0.4",2839.0,"-",556.00,1098,50.64
3603,"Zurichess Luzern",2838.8,"-",2318.00,4485,51.68
3604,"Protej 0.6.3",2838.5,"-",1159.50,2296,50.50
3605,"Zappa Mexico",2838.4,"-",13395.50,26374,50.79
3606,"Thinker 5.3b",2838.3,"-",2150.00,4416,48.69
3607,"Princhess 0.13.0",2838.2,"-",723.00,1613,44.82
3608,"Inanis 1.2.0",2837.5,"-",3842.50,7602,50.55
3609,"Yukari 2024.12.1",2837.4,"-",937.50,1885,49.73
3610,"Lynx 1.5.0",2837.4,"-",668.00,1255,53.23
3611,"Toga 1.4.1SE6",2837.3,"-",262.00,533,49.16
3612,"Deep Rybka 2.3.2a",2837.2,"-",15.00,53,28.30
3613,"Hannibal 05_24_10v2",2837.2,"-",150.00,349,42.98
3614,"Tornado 8.0",2837.2,"-",6936.00,14601,47.50
3615,"Aurora 1.26.0",2836.6,"-",1964.50,4207,46.70
3616,"Asymptote 0.6.2",2836.4,"-",989.50,1978,50.03
3617,"Equinox 0.95",2836.3,"-",1055.00,1946,54.21
3618,"Stockfish 1.2def",2836.3,"-",1003.00,2039,49.19
3619,"Oxide 1.1.0",2836.3,"-",17.50,125,14.00
3620,"Bagatur 3.2-fix",2836.0,"-",6.50,30,21.67
3621,"Hiarcs Paderborn 2007",2835.9,"-",4646.00,9361,49.63
3622,"NirvanaChess 1.8",2835.8,"-",1803.50,3598,50.13
3623,"Spark 0.3a",2835.7,"-",1822.50,3962,46.00
3624,"OliThink 5.10.2",2835.7,"-",10.00,20,50.00
3625,"Colossus 2025a",2835.3,"-",1327.00,2681,49.50
3626,"Hannibal 1.0",2834.9,"-",2314.50,5092,45.45
3627,"Fruit 2.4",2834.6,"-",10279.00,24797,41.45
3628,"Sjeng 3.0",2834.2,"-",15829.50,36503,43.36
3629,"Fruit 2.3.5m",2834.1,"-",2006.50,4543,44.17
3630,"Lynx 1.5.1",2834.0,"-",997.00,2239,44.53
3631,"Zahak 6.0",2833.6,"-",545.00,1096,49.73
3632,"Thinker 5.4a",2833.5,"-",2912.00,6079,47.90
3633,"Motor 0.1.0",2833.3,"-",332.00,646,51.39
3634,"Zahak 6.2",2833.2,"-",498.50,3840,12.98
3635,"Stockfish 1.3.1",2832.8,"-",2074.00,3979,52.12
3636,"NirvanaChess 1.6",2832.7,"-",1956.00,3967,49.31
3637,"Komodo 4165",2832.7,"-",3.50,7,50.00
3638,"chess22k 1.6",2831.8,"-",629.00,1331,47.26
3639,"Toga 1.4.3 JDb19a",2831.7,"-",545.50,1100,49.59
3640,"OliThink 5.9.2",2831.5,"-",1112.00,2289,48.58
3641,"Eubos 4.5",2831.4,"-",231.50,458,50.55
3642,"Hiarcs 12 MP ShPV",2831.3,"-",542.00,1153,47.01
3643,"SmarThink 1.40",2831.3,"-",2821.00,5610,50.29
3644,"Chessnix 1.0",2831.1,"-",738.00,1374,53.71
3645,"The Baron 3.41",2830.7,"-",2385.00,5072,47.02
3646,"Cheng 4 v0.36c",2830.5,"-",1305.00,2198,59.37
3647,"DisasterArea 1.54",2830.4,"-",5278.50,10455,50.49
3648,"ice4 v3.1",2830.4,"-",1644.50,3127,52.59
3649,"Igel 1.8.3",2830.1,"-",1449.50,2916,49.71
3650,"Elixir 1.0",2829.8,"-",456.50,930,49.09
3651,"Alfil 15.4",2829.0,"-",1175.50,2055,57.20
3652,"Weiss 0.10",2828.6,"-",1398.50,2862,48.86
3653,"Bagatur 1.8",2828.5,"-",713.00,1420,50.21
3654,"Toga 1.4.1SE",2827.9,"-",6051.50,12445,48.63
3655,"Deuterium v14.1.32.119",2827.7,"-",1222.50,2107,58.02
3656,"Stockfish 1.1a",2827.6,"-",8.50,14,60.71
3657,"Hiarcs 12 Sharpen PV On",2827.6,"-",1123.00,2263,49.62
3658,"Stockfish 1.3",2827.0,"-",1277.00,2566,49.77
3659,"Fritz 10.1",2826.7,"-",4435.50,9487,46.75
3660,"Scorpio 2.77",2826.6,"-",2466.00,5166,47.74
3661,"EXchess v7.51b",2826.5,"-",568.00,1148,49.48
3662,"Rebel 14.1.02-TAL",2826.3,"-",219.00,520,42.12
3663,"Strelka 2.0B",2826.1,"-",680.50,1399,48.64
3664,"Ethereal 8.37",2826.1,"-",1375.00,2738,50.22
3665,"Crafty 23.8",2826.0,"-",2629.50,5393,48.76
3666,"tomitankChess 4.0",2826.0,"-",1330.00,2962,44.90
3667,"Pingu 3.0.0",2825.9,"-",596.50,1270,46.97
3668,"Hiarcs 12 SP",2825.9,"-",1723.50,3263,52.82
3669,"Shredder 11 SE",2824.4,"-",1511.00,3117,48.48
3670,"MinkoChess 1.2",2824.3,"-",2052.50,4216,48.68
3671,"Onno 1.0",2823.5,"-",1634.50,3220,50.76
3672,"Onno 1.1.1",2823.5,"-",4130.00,8674,47.61
3673,"Topple 0.5.0",2823.5,"-",1683.50,3253,51.75
3674,"Protector 1.3.1b",2823.2,"-",198.00,418,47.37
3675,"Deuterium 14.1.32.119",2822.7,"-",786.50,1567,50.19
3676,"NirvanaChess 1.5",2822.2,"-",1356.50,2636,51.46
3677,"Shredder Classic 4 ct",2822.1,"-",1336.50,2540,52.62
3678,"Scorpio 2.76",2822.0,"-",1253.50,2539,49.37
3679,"Equinox 0.96y",2821.9,"-",1606.00,3749,42.84
3680,"Monolith 1.0",2821.8,"-",4121.50,8452,48.76
3681,"Onno 0.11.0",2821.5,"-",1289.00,2623,49.14
3682,"DiscoCheck 5.0.1",2821.3,"-",1460.50,2718,53.73
3683,"Francesca MAD 0.25",2821.3,"-",1336.00,2746,48.65
3684,"Toga 2.02",2820.9,"-",759.00,1398,54.29
3685,"Tornado 4.88",2820.8,"-",5284.00,10955,48.23
3686,"Marvin TCEC s15",2820.5,"-",312.00,696,44.83
3687,"Hiarcs 11.2",2820.5,"-",8673.50,17026,50.94
3688,"Toga 1.4.2JD",2820.2,"-",4320.50,9778,44.19
3689,"Toga 3.1.2SE",2820.1,"-",751.50,1473,51.02
3690,"Tornado 7.0",2819.8,"-",2766.00,5935,46.60
3691,"MadChess 3.3",2819.2,"-",1325.50,2791,47.49
3692,"Igel 1.7.0",2819.1,"-",220.50,430,51.28
3693,"Thinker 5.3B",2818.1,"-",919.00,1798,51.11
3694,"Lux 5.0",2818.1,"-",904.00,1845,49.00
3695,"Rodent II",2818.0,"-",2165.00,4781,45.28
3696,"Toga 1.4.2 JD",2818.0,"-",1842.50,4100,44.94
3697,"Rodent II 0.8.7",2817.9,"-",635.50,1346,47.21
3698,"Hannibal 05_20_10",2817.4,"-",211.00,505,41.78
3699,"Hiarcs 12.1 SP",2817.4,"-",710.00,1473,48.20
3700,"Dirty v10Apr2015",2817.3,"-",993.00,1998,49.70
3701,"Stash 24.0",2816.9,"-",2.50,12,20.83
3702,"Topple 0.7.0",2816.8,"-",2144.50,4588,46.74
3703,"Arasan 16",2816.8,"-",227.00,767,29.60
3704,"Junior 2010",2816.7,"-",4785.00,11833,40.44
3705,"Winter 0.4a",2816.5,"-",2499.50,4262,58.65
3706,"Topple 0.6.1",2816.1,"-",1888.00,3690,51.17
3707,"Rybka 1.0",2815.7,"-",16598.50,27014,61.44
3708,"Belette 3.0.0",2815.6,"-",1438.50,2933,49.05
3709,"Rodent 1.6",2815.2,"-",1627.00,3275,49.68
3710,"Toga 1.4",2814.6,"-",9899.50,21963,45.07
3711,"Booot 5.0",2814.2,"-",1583.50,3026,52.33
3712,"OctoChess r5506",2814.0,"-",2985.00,6181,48.29
3713,"Arasan 17.3",2813.5,"-",1839.00,3597,51.13
3714,"Fruit 2",2813.0,"-",3581.50,7863,45.55
3715,"Cheng 4.36c+",2812.8,"-",7.00,25,28.00
3716,"Nemo 1.0.1n",2812.8,"-",2732.50,5683,48.08
3717,"Leorik 2.4",2812.7,"-",2770.00,6113,45.31
3718,"Scorpio 2.7.7",2812.5,"-",681.00,1439,47.32
3719,"Sjeng 2008",2812.3,"-",3.00,8,37.50
3720,"Marvin 5.0.0-a9",2812.0,"-",3.50,18,19.44
3721,"KnightX 4.11",2811.8,"-",328.00,764,42.93
3722,"RuyDos 1.1.10",2811.0,"-",2991.50,6693,44.70
3723,"EXchess 7.15b",2810.7,"-",6.00,22,27.27
3724,"Onno 1.0.0",2810.5,"-",4900.50,10448,46.90
3725,"Thinker 5.3Bp",2809.2,"-",131.50,280,46.96
3726,"Critter 0.52b",2809.1,"-",2177.00,4259,51.12
3727,"Zevra 2.6",2809.1,"-",1245.50,2488,50.06
3728,"EXchess 7.31b",2809.0,"-",1016.50,2117,48.02
3729,"Scorpio 2.7.6",2808.8,"-",1505.50,3009,50.03
3730,"Dirty 10Apr2015",2808.2,"-",733.50,1521,48.22
3731,"Naraku 1.4",2808.0,"-",12463.00,24845,50.16
3732,"Arasan 17.1",2807.7,"-",749.50,1495,50.13
3733,"Odonata 0.8.0",2807.7,"-",1549.50,3213,48.23
3734,"Dog 2.6",2807.6,"-",5.00,16,31.25
3735,"Rhetoric 1.4.3",2807.2,"-",7627.00,15621,48.83
3736,"Eleanor 1.0",2807.0,"-",705.00,1726,40.85
3737,"Crafty 23.6",2806.9,"-",781.00,1504,51.93
3738,"Hiarcs 11.1",2806.2,"-",8001.00,15799,50.64
3739,"Glaurung 2.2",2806.1,"-",16465.00,36070,45.65
3740,"KnightX 4.2",2805.8,"-",987.00,2168,45.53
3741,"Tornado 6.0",2805.8,"-",2373.00,5199,45.64
3742,"Rodent 1.5",2805.5,"-",2526.50,5035,50.18
3743,"Scorpio 2.75",2805.5,"-",1335.50,2619,50.99
3744,"K2 1.0",2805.3,"-",23.00,101,22.77
3745,"RuyDos 1.1.9",2805.2,"-",3059.00,5510,55.52
3746,"Pedone 1.1",2805.2,"-",2325.00,4854,47.90
3747,"Cheese 2.1",2805.0,"-",3315.50,7358,45.06
3748,"The Baron 3.42",2805.0,"-",1836.00,3869,47.45
3749,"Aurora 1.27.0",2804.8,"-",558.00,1117,49.96
3750,"OctoChess r7533",2804.5,"-",79.00,144,54.86
3751,"Crafty 23.7",2804.4,"-",489.50,990,49.44
3752,"Gaviota 0.86",2804.2,"-",5283.50,10194,51.83
3753,"Arasan 17.2",2804.0,"-",1650.00,3437,48.01
3754,"Marvin 3.1.0",2803.3,"-",1611.00,3101,51.95
3755,"ProDeo 3.1",2803.0,"-",322.00,650,49.54
3756,"RuyDos 1.1.11",2803.0,"-",2870.50,6288,45.65
3757,"Booot 5.0.0",2802.7,"-",1969.00,4255,46.27
3758,"Equinox 0.91",2802.5,"-",949.50,2014,47.14
3759,"Crafty 25.2 CCRL",2802.1,"-",29.50,131,22.52
3760,"Minic 0.92",2802.1,"-",211.50,444,47.64
3761,"Fizbo 1.1",2801.7,"-",1607.00,3196,50.28
3762,"Shredder Classic 4 c't",2801.5,"-",174.00,373,46.65
3763,"Gaviota 0.87a8",2801.3,"-",2.50,6,41.67
3764,"EXchess v7.31b",2800.8,"-",729.00,1428,51.05
3765,"Naum 2.2",2800.8,"-",11054.50,21888,50.50
3766,"4ku 1.0",2800.5,"-",23.00,38,60.53
3767,"Crafty 24.0",2799.9,"-",2163.00,4441,48.71
3768,"Scorpio 2.7.5",2799.5,"-",780.00,1439,54.20
3769,"Stash 21.2",2799.4,"-",232.50,456,50.99
3770,"Crafty 24.1",2799.0,"-",1389.50,3052,45.53
3771,"Devel 3.8.4",2798.5,"-",2005.50,4108,48.82
3772,"Hiarcs Paderborn 2007 SP",2798.3,"-",537.50,1101,48.82
3773,"Gaviota 1.01",2798.3,"-",44.00,178,24.72
3774,"OliThink 5.11.3",2798.0,"-",14.50,33,43.94
3775,"Hiarcs 11",2797.4,"-",4849.00,8802,55.09
3776,"Colossus 2021b",2797.1,"-",1233.00,2488,49.56
3777,"Nalwald 1.11",2796.9,"-",504.50,1053,47.91
3778,"Peacekeeper 1.50",2796.9,"-",698.00,1453,48.04
3779,"Dirty Apr2015",2796.7,"-",666.00,1401,47.54
3780,"Frolic 2.5",2796.7,"-",28.00,61,45.90
3781,"Simbelmyne 1.6.0",2796.5,"-",426.00,863,49.36
3782,"Dirty v08Apr2013",2796.1,"-",569.00,1097,51.87
3783,"Odonata 0.7.0",2795.9,"-",1838.00,3842,47.84
3784,"rofChade 1.0",2795.9,"-",3897.00,7404,52.63
3785,"Yakka 1.1",2795.5,"-",969.50,2154,45.01
3786,"FabChess 1.12",2795.4,"-",425.00,885,48.02
3787,"Fritz 10",2795.0,"-",11061.50,21799,50.74
3788,"EXchess 7.26b",2794.9,"-",703.00,1388,50.65
3789,"Bright 0.4a",2794.7,"-",11379.00,26621,42.74
3790,"Gaviota 0.99b",2794.4,"-",3.50,10,35.00
3791,"Stockfish 1.2",2794.2,"-",367.50,742,49.53
3792,"RuyDos 1.1.6",2794.2,"-",1984.00,4112,48.25
3793,"Rodent 1.4",2794.0,"-",1837.00,3579,51.33
3794,"Cheese 2.0",2794.0,"-",4248.00,7841,54.18
3795,"Gaviota 0.8602",2793.6,"-",2.50,14,17.86
3796,"ice4 v3",2793.6,"-",373.00,837,44.56
3797,"Chronos 1.99",2793.4,"-",5.00,10,50.00
3798,"List 11.64",2793.3,"-",454.50,1014,44.82
3799,"Delocto 0.61n",2793.1,"-",2428.00,4468,54.34
3800,"OliThink 5.4.10",2792.9,"-",0.50,10,5.00
3801,"Chess-3 2.0",2792.8,"-",329.00,760,43.29
3802,"Fruit 2.3",2791.8,"-",2096.50,3731,56.19
3803,"CasanChess 0.9",2791.7,"-",900.50,1727,52.14
3804,"Loop MP 12.32",2791.7,"-",1636.00,3531,46.33
3805,"Atlas 3.70em",2791.6,"-",1859.00,3798,48.95
3806,"Devel 4.0.2.3",2791.4,"-",3609.50,7690,46.94
3807,"Puffin 3.0",2791.4,"-",1632.50,3238,50.42
3808,"DiscoCheck 4.3",2791.3,"-",1513.00,3113,48.60
3809,"Loop 12.32",2790.9,"-",516.50,864,59.78
3810,"Loop 13.6",2790.9,"-",11918.00,25744,46.29
3811,"List MP 11.64",2790.0,"-",522.50,1163,44.93
3812,"Rybka WinFinder 2.2",2789.7,"-",408.50,847,48.23
3813,"Critter 0.52",2789.3,"-",675.00,1124,60.05
3814,"GreKo 2021.12",2789.3,"-",3678.00,7273,50.57
3815,"tomitankChess 3.0",2789.2,"-",2348.50,4543,51.69
3816,"Mess 0.3.0",2789.1,"-",3791.00,7463,50.80
3817,"Juggernaut 2.00",2788.7,"-",595.50,1180,50.47
3818,"Texel 1.01",2788.5,"-",4337.50,8910,48.68
3819,"Crafty 23.5",2788.4,"-",2903.00,5330,54.47
3820,"Dirty Apr2013",2787.9,"-",620.50,1218,50.94
3821,"Counter 3.1",2787.8,"-",1301.00,2548,51.06
3822,"Bright 0.5c",2787.6,"-",9382.50,20779,45.15
3823,"Minic 0.82",2787.2,"-",444.50,802,55.42
3824,"RubiChess 1.1",2786.7,"-",3213.50,5603,57.35
3825,"Fruit 2.3.3f",2786.5,"-",1239.50,2616,47.38
3826,"Princhess 0.12.0",2786.3,"-",1711.00,3175,53.89
3827,"Arasan 17.0",2786.2,"-",1619.00,3456,46.85
3828,"FabChess 1.12.6",2785.8,"-",807.00,1700,47.47
3829,"Fruit 2.3.1",2785.5,"-",1837.50,3602,51.01
3830,"Javelin 3.0.0",2785.2,"-",982.50,2146,45.78
3831,"Tornado 5",2784.7,"-",14.00,64,21.88
3832,"Thinker 5.2M",2783.7,"-",1152.50,2100,54.88
3833,"OctoChess r5190",2783.2,"-",5682.50,11588,49.04
3834,"Bobcat 6.4b",2783.1,"-",2341.00,4899,47.79
3835,"ProDeo 3.0",2782.9,"-",208.00,438,47.49
3836,"Colossus 2022a",2782.8,"-",3483.50,7387,47.16
3837,"Bread 1.4.0",2782.8,"-",797.50,1610,49.53
3838,"RuyDos 1.1.0",2782.1,"-",1524.00,3116,48.91
3839,"EXchess 7.18b",2781.5,"-",940.00,1935,48.58
3840,"Equinox 0.63",2781.3,"-",419.00,807,51.92
3841,"Loop M1-T",2781.0,"-",5621.50,13043,43.10
3842,"The Baron 3.36",2780.9,"-",7.00,22,31.82
3843,"Gnuchess 6.2.9",2780.8,"-",46.00,91,50.55
3844,"Igel 1.8.2",2780.7,"-",601.50,1273,47.25
3845,"Delphil 3",2780.4,"-",3.00,6,50.00
3846,"MinkoChess 1.0",2780.3,"-",871.00,1668,52.22
3847,"Loop 13.5",2780.3,"-",1379.50,2699,51.11
3848,"Glaurung 2.1",2780.3,"-",10178.50,22821,44.60
3849,"BugChess2 v.1.9",2779.8,"-",1296.50,2458,52.75
3850,"Loop 10.32f",2779.6,"-",4845.00,9395,51.57
3851,"Bright 0.3d",2779.6,"-",6154.50,14214,43.30
3852,"Toga 1.3.4",2779.5,"-",211.00,418,50.48
3853,"Fruit 2.3.3j",2779.1,"-",445.50,956,46.60
3854,"Loop M1-P",2778.8,"-",1978.50,4718,41.94
3855,"DiscoCheck 4.2",2778.7,"-",1070.50,1997,53.61
3856,"Zurichess Jura",2778.2,"-",1781.50,3660,48.67
3857,"The Baron 3.29",2778.1,"-",3968.00,8290,47.86
3858,"amoeba 2.3",2777.9,"-",1568.50,3503,44.78
3859,"Toga 1.3.4 egbb",2777.8,"-",1206.00,2443,49.37
3860,"MadChess 3.2.1",2777.8,"-",786.50,1540,51.07
3861,"Dumb 2.0",2777.7,"-",1651.50,3525,46.85
3862,"Colossus 2024a",2777.6,"-",900.00,1713,52.54
3863,"Bagatur 3.2a_v4",2777.3,"-",4.00,22,18.18
3864,"Bright 0.3b",2777.3,"-",1051.50,2540,41.40
3865,"Colossus 2024b",2777.0,"-",1032.00,2194,47.04
3866,"Loop M1",2777.0,"-",3363.00,10180,33.04
3867,"Qapla 0.2.057",2777.0,"-",821.50,1617,50.80
3868,"Aramis 1.4.0",2776.9,"-",1463.50,2817,51.95
3869,"Fatalii 0.10.1",2776.9,"-",99.50,299,33.28
3870,"Pedantic 0.3.0",2776.7,"-",43.50,106,41.04
3871,"Fruit 2.3 Lac",2776.4,"-",373.00,795,46.92
3872,"Shredder 10",2776.1,"-",13686.00,28435,48.13
3873,"Nawito 22.07",2776.0,"-",2394.00,4762,50.27
3874,"GreKo 2021.05",2775.9,"-",570.50,1196,47.70
3875,"Pawny 1.2",2775.8,"-",9093.50,17937,50.70
3876,"Laser 1.1",2775.7,"-",2685.50,5030,53.39
3877,"GullChess 3683",2775.4,"-",2.50,12,20.83
3878,"Loop 2007",2775.2,"-",1307.50,2992,43.70
3879,"Nemo 1.01b",2774.7,"-",3.50,7,50.00
3880,"EXchess 7.18",2774.6,"-",502.00,898,55.90
3881,"Equinox 0.70s",2774.2,"-",525.50,1038,50.63
3882,"Apotheosis 4.0.1",2774.1,"-",3592.50,7271,49.41
3883,"Velvet 1.2.0",2774.0,"-",1164.00,2102,55.38
3884,"Frenzee 3.5.19",2773.5,"-",7673.50,15595,49.20
3885,"Dirty 20Apr2013",2773.0,"-",1464.50,3100,47.24
3886,"Thinker 5.2",2772.7,"-",1418.00,3053,46.45
3887,"Ktulu 9",2772.5,"-",3970.50,8536,46.51
3888,"Igel 1.6.0",2772.5,"-",427.50,812,52.65
3889,"KnightX 4.0",2772.3,"-",1096.50,2294,47.80
3890,"The Baron 3.40b",2772.0,"-",23.00,81,28.40
3891,"FabChess 1.12.8",2772.0,"-",236.50,486,48.66
3892,"Thinker 5.2d",2771.9,"-",284.50,537,52.98
3893,"BugChess2 1.9",2771.9,"-",5686.00,11758,48.36
3894,"DisasterArea 1.63",2771.8,"-",20.00,62,32.26
3895,"Clovis I",2771.6,"-",42.50,85,50.00
3896,"Arasan 16.3",2771.4,"-",1518.00,3045,49.85
3897,"Protector 1.36.387",2771.1,"-",4.50,14,32.14
3898,"Onno 1.2.2",2771.1,"-",20.00,34,58.82
3899,"Crafty 23.4",2770.7,"-",4248.50,8885,47.82
3900,"List 10.64f",2770.3,"-",1467.00,2913,50.36
3901,"MinkoChess 0.9",2769.8,"-",1303.50,2460,52.99
3902,"Trinket 3.5.0",2769.5,"-",1421.00,2811,50.55
3903,"Rhetoric 1.4.1",2769.4,"-",2741.00,5749,47.68
3904,"KnightX 4.6a",2769.0,"-",22.50,139,16.19
3905,"Equinox 0.86b",2768.7,"-",1071.00,2223,48.18
3906,"GreKo 2021.06",2768.7,"-",1507.00,3383,44.55
3907,"Inanis 1.1.0",2768.5,"-",1331.50,2933,45.40
3908,"Rodent 1.3",2768.1,"-",1727.00,3306,52.24
3909,"Hiarcs 10 HypMod",2767.8,"-",455.50,756,60.25
3910,"EXchess 7.11b",2767.4,"-",1025.50,2101,48.81
3911,"Jonny 4.00",2767.4,"-",12677.50,26042,48.68
3912,"Francesca MAD 0.23",2767.3,"-",861.50,1723,50.00
3913,"MadChess 3.2",2767.2,"-",1305.00,2706,48.23
3914,"Orion 0.7",2767.1,"-",1717.00,2989,57.44
3915,"EXchess v7.11b",2767.0,"-",626.50,1249,50.16
3916,"Inanis 1.1.1",2767.0,"-",47.50,127,37.40
3917,"Thinker 5.1e",2766.9,"-",201.00,331,60.73
3918,"NirvanaChess 1.4",2766.5,"-",1892.50,3625,52.21
3919,"Toga 1.3.1",2765.9,"-",4760.00,9970,47.74
3920,"Yakka 1.0",2765.9,"-",301.00,684,44.01
3921,"Hiarcs X54",2765.3,"-",3237.50,6203,52.19
3922,"Jonny 4.0",2764.5,"-",12.00,22,54.55
3923,"Maxima 2.0.0 r395",2764.4,"-",1697.50,3399,49.94
3924,"Ktulu 9.0",2764.2,"-",2448.50,5123,47.79
3925,"Spike 1.3x6",2764.1,"-",1568.50,5358,29.27
3926,"Crafty 23.3",2764.1,"-",2206.50,4555,48.44
3927,"Scorpio 2.7",2764.0,"-",1540.50,3081,50.00
3928,"Odonata 0.6.2",2764.0,"-",2888.00,5765,50.10
3929,"Fruit 2.3 agg",2764.0,"-",439.00,912,48.14
3930,"The Baron 3.34b",2764.0,"-",2.50,6,41.67
3931,"Pedone 1.0",2763.3,"-",2145.50,3845,55.80
3932,"Thinker 5.2e",2763.1,"-",154.50,353,43.77
3933,"Midnight 5",2763.1,"-",710.50,1471,48.30
3934,"Francesca MAD 0.24",2762.5,"-",709.50,1380,51.41
3935,"OctoChess 5374",2762.4,"-",7.00,23,30.43
3936,"EXchess v7.26b",2762.2,"-",443.00,998,44.39
3937,"K2 0.99",2762.1,"-",5446.50,10380,52.47
3938,"KnightX 4.1",2761.9,"-",491.00,1268,38.72
3939,"RuyDos 1.0.27",2761.7,"-",769.00,1627,47.26
3940,"Winter 0.3",2761.0,"-",1091.50,2156,50.63
3941,"Lynx 1.4.0",2760.4,"-",503.00,1149,43.78
3942,"OliThink 5.11.2",2760.1,"-",8.50,30,28.33
3943,"Devel 3.2.9",2760.0,"-",776.50,1718,45.20
3944,"Thinker 5.1c",2759.8,"-",604.50,1148,52.66
3945,"Fridolin 4.00",2759.6,"-",4125.00,8425,48.96
3946,"Hakkapeliitta 2.0",2759.5,"-",2051.50,4119,49.81
3947,"Tornado 4.80",2759.4,"-",872.50,1750,49.86
3948,"DiscoCheck 4.1",2758.6,"-",795.00,1578,50.38
3949,"Cheese 3.0",2758.4,"-",8.00,80,10.00
3950,"MinkoChess 1.1",2758.2,"-",807.50,1583,51.01
3951,"Naum 2.1",2757.1,"-",8703.50,17392,50.04
3952,"Nawito 2207",2757.0,"-",1730.00,3499,49.44
3953,"Hiarcs 11 Hypermodern",2756.8,"-",319.00,689,46.30
3954,"Equinox 0.83",2756.3,"-",1944.00,4183,46.47
3955,"BugChess2 v1.9",2756.3,"-",2417.00,4794,50.42
3956,"Thinker 5.2I",2756.2,"-",488.50,1000,48.85
3957,"Hiarcs X54 Hypermodern",2755.9,"-",542.00,1089,49.77
3958,"Andscacs 0.64",2755.5,"-",369.50,784,47.13
3959,"Dual v0.3.1",2755.5,"-",1.00,10,10.00
3960,"FoxChess 1.0",2755.4,"-",400.00,824,48.54
3961,"RuyDos 1.0.22",2754.5,"-",872.00,1956,44.58
3962,"Glaurung 2.01",2754.5,"-",1404.00,3095,45.36
3963,"Colossus 2021a",2754.1,"-",2388.00,4824,49.50
3964,"GreKo 2020.03",2753.9,"-",1768.50,4078,43.37
3965,"MadChess 3.2.2",2753.8,"-",71.00,185,38.38
3966,"Vengeance 2.0.0",2753.4,"-",826.50,1624,50.89
3967,"Fatalii 0.10.0",2753.2,"-",840.00,1788,46.98
3968,"Maxima 2.0.0",2753.2,"-",8.50,70,12.14
3969,"DiscoCheck 4.0.1",2753.0,"-",564.50,998,56.56
3970,"Devel 3.0.0a",2752.8,"-",962.50,2222,43.32
3971,"Toga 1.2.1a",2752.8,"-",8088.50,15853,51.02
3972,"Hiarcs X50 Hypermodern",2752.6,"-",358.50,742,48.32
3973,"Counter 3.0",2752.5,"-",1835.50,3169,57.92
3974,"SmarThink 1.20",2752.4,"-",3380.00,7356,45.95
3975,"Shredder 9.12",2752.4,"-",991.50,2029,48.87
3976,"OctoChess 5178",2752.3,"-",2.50,6,41.67
3977,"Dirty 05Sep2012",2752.2,"-",1538.00,3077,49.98
3978,"Scorpio 2.8.5",2752.0,"-",855.00,1667,51.29
3979,"NirvanaChess 1.3",2751.8,"-",1906.50,3686,51.72
3980,"Topple 0.3.6",2751.5,"-",317.50,600,52.92
3981,"Toga 1.3x4 egbb",2751.2,"-",166.00,392,42.35
3982,"DiscoCheck 3.7.1",2751.1,"-",942.50,1623,58.07
3983,"Hiarcs X50",2751.1,"-",2989.00,5994,49.87
3984,"Toga 1.2",2750.6,"-",1717.00,3219,53.34
3985,"Shredder 9",2750.6,"-",2154.00,3977,54.16
3986,"Admete 1.6.0",2750.0,"-",973.00,1889,51.51
3987,"Lux 4.2",2749.3,"-",2578.50,5402,47.73
3988,"Toga 1.3x4",2749.3,"-",720.50,1663,43.33
3989,"Boychesser 1.0",2749.0,"-",1721.00,3358,51.25
3990,"GreKo 2021.10",2748.7,"-",208.50,412,50.61
3991,"OctoChess r5132",2748.6,"-",1912.50,3721,51.40
3992,"Lishex 1.1.0",2748.5,"-",32.50,110,29.55
3993,"Ethereal 8.28",2748.4,"-",1530.50,3218,47.56
3994,"JackyChess 25.04",2748.2,"-",16.50,27,61.11
3995,"Bison 9.11",2748.0,"-",16629.00,35152,47.31
3996,"Fritz 9",2748.0,"-",8277.50,15598,53.07
3997,"Stockfish 1.01",2747.9,"-",191.00,393,48.60
3998,"Dirty v05Sep2012",2747.7,"-",528.50,1100,48.05
3999,"Juggernaut 1.57",2747.5,"-",266.00,446,59.64
4000,"Viridithas 2.7.0",2746.8,"-",224.50,467,48.07
4001,"Arcanum 2.1",2746.7,"-",560.50,1046,53.59
4002,"CT800 1.45",2746.2,"-",1670.50,3520,47.46
4003,"Hamsters 0.71",2745.7,"-",3.50,7,50.00
4004,"Meltdown 1.7",2745.6,"-",498.50,896,55.64
4005,"Igel 1.5.1",2745.1,"-",1207.50,2230,54.15
4006,"Strelka 1.8",2744.4,"-",1393.50,2914,47.82
4007,"Junior 10",2744.0,"-",6057.00,13204,45.87
4008,"Glaurung 2.0.1",2743.9,"-",5664.00,13504,41.94
4009,"chess22k 1.5",2743.3,"-",727.00,1511,48.11
4010,"Chronos 1.9.9",2743.1,"-",10829.50,22069,49.07
4011,"ProDeo 2.2",2743.1,"-",869.00,2142,40.57
4012,"Avalanche 1.0.0",2742.7,"-",1596.00,3203,49.83
4013,"amoeba 2.0",2742.6,"-",1807.00,4025,44.89
4014,"Jonny 3.08",2742.4,"-",1737.00,3914,44.38
4015,"Equinox 0.80",2742.3,"-",1562.50,3304,47.29
4016,"Pedantic 0.3.1",2742.2,"-",926.00,1976,46.86
4017,"Midnight 5.0",2741.6,"-",35.00,98,35.71
4018,"Arasan 16.0",2741.2,"-",1707.00,3480,49.05
4019,"Arasan 16.2",2741.1,"-",2066.50,4230,48.85
4020,"Scorpio 2.82",2741.0,"-",8.00,24,33.33
4021,"Arasan 16.1",2741.0,"-",698.00,1452,48.07
4022,"Shield 2.1",2740.6,"-",7025.50,14125,49.74
4023,"DiscoCheck 3.62",2740.3,"-",476.50,886,53.78
4024,"Strelka 1.0b",2740.2,"-",866.50,1587,54.60
4025,"Prune 2.0.1",2739.9,"-",5.00,26,19.23
4026,"Pedantic 0.3",2739.8,"-",505.50,954,52.99
4027,"Turbulence 0.0.4",2739.3,"-",1072.50,2043,52.50
4028,"Tucano 6.00",2739.1,"-",3503.50,7292,48.05
4029,"Quanticade Aurora-0.8",2739.0,"-",2.00,4,50.00
4030,"Quanticade Aurora-0.8-f8f5654f",2739.0,"-",2.00,4,50.00
4031,"amoeba 2.1",2737.9,"-",1704.00,4313,39.51
4032,"Fruit 2.2.1",2737.4,"-",13500.50,25411,53.13
4033,"CT800 1.46",2737.1,"-",2046.00,4246,48.19
4034,"Toga 1.1a",2736.8,"-",3207.50,5488,58.45
4035,"Bright 0.3a",2736.6,"-",3970.00,9150,43.39
4036,"4ku 2.0",2736.1,"-",844.50,1687,50.06
4037,"KnightX 3.8",2735.8,"-",1925.00,4224,45.57
4038,"Glaurung 2-E/4-5",2735.2,"-",435.00,995,43.72
4039,"PZChessBot 1.0",2734.9,"-",444.50,955,46.54
4040,"Deuterium v13.1.31.113",2734.7,"-",470.50,916,51.36
4041,"Spike 1.2 Turin",2734.4,"-",26925.00,60990,44.15
4042,"Gogobello 1.4",2734.4,"-",3778.00,7520,50.24
4043,"iCE 1.0 v1619",2734.0,"-",1339.00,2647,50.59
4044,"Glaurung 2.2 CCRL",2733.9,"-",33.50,155,21.61
4045,"Junior 10.1",2733.7,"-",7081.50,17766,39.86
4046,"Spike 1.2",2733.6,"-",133.50,310,43.06
4047,"Minic 0.47",2733.4,"-",417.00,721,57.84
4048,"Scorpio 2.6",2733.4,"-",3136.00,6378,49.17
4049,"Prune 4.0.0",2733.4,"-",4.00,95,4.21
4050,"Eubos 4.4",2733.0,"-",505.00,1019,49.56
4051,"akimbo 0.4.0",2732.9,"-",686.50,1385,49.57
4052,"Andscacs 0.63",2732.9,"-",224.50,443,50.68
4053,"SmarThink 1.10",2732.9,"-",2818.00,6141,45.89
4054,"Fruit 2.2 Uri",2732.6,"-",278.00,434,64.06
4055,"Illumina 1.0",2732.1,"-",724.00,1585,45.68
4056,"Hiarcs 10",2731.7,"-",4652.50,9233,50.39
4057,"OctoChess r4984",2731.6,"-",1358.00,2620,51.83
4058,"Thinker 5.1",2731.5,"-",766.50,1425,53.79
4059,"amoeba 1.4",2731.1,"-",1413.50,3163,44.69
4060,"RuyDos 1.0.15",2730.7,"-",555.50,1195,46.49
4061,"Laser 1.0",2730.7,"-",2446.00,4648,52.62
4062,"KnightX 3.9",2730.3,"-",525.50,1402,37.48
4063,"Tornado 4.87",2730.2,"-",499.00,1069,46.68
4064,"BugChess2 1.83",2730.2,"-",4.00,10,40.00
4065,"Fruit 3.1.3",2730.2,"-",4.50,13,34.62
4066,"DiscoCheck 4.00",2729.4,"-",375.50,798,47.06
4067,"Vice 1.2",2729.1,"-",3.00,40,7.50
4068,"Glaurung 2 epsilon/4",2729.0,"-",1408.00,2668,52.77
4069,"Deuterium 13.1.31.113",2728.6,"-",915.50,1978,46.28
4070,"GreKo 2020.01",2728.6,"-",1907.00,4125,46.23
4071,"Scorpio 2.9",2728.5,"-",571.50,1126,50.75
4072,"Cipollino 3.25",2728.5,"-",3666.50,7555,48.53
4073,"OliThink 5.11.8",2728.4,"-",13.00,65,20.00
4074,"Devel 2.0000",2728.0,"-",5233.50,10223,51.19
4075,"Prophet 5.2",2727.9,"-",555.50,1235,44.98
4076,"Rodent 1.2",2727.3,"-",1490.50,2976,50.08
4077,"Karballo 1.8",2727.2,"-",818.50,1610,50.84
4078,"Leorik 2.3",2727.1,"-",1605.50,3381,47.49
4079,"Dual 0.3.2",2726.5,"-",458.50,942,48.67
4080,"Eggnog 3.0",2726.4,"-",26.50,48,55.21
4081,"Arasan 15.2",2726.1,"-",360.00,749,48.06
4082,"EXchess 7.03b",2725.8,"-",581.00,1297,44.80
4083,"Shield 2.0",2725.8,"-",2317.50,3582,64.70
4084,"Cheese 1.9",2725.6,"-",3549.00,7309,48.56
4085,"Simbelmyne 1.5.1",2725.5,"-",436.00,897,48.61
4086,"Thinker 5.1d",2725.4,"-",190.00,417,45.56
4087,"Bit-Genie 7",2724.5,"-",414.00,800,51.75
4088,"GreKo 2018.07",2724.2,"-",1080.50,2140,50.49
4089,"Francesca MAD 0.22",2723.6,"-",1407.00,2862,49.16
4090,"Stash 21.0",2723.3,"-",713.00,1364,52.27
4091,"Arasan 15.6",2723.2,"-",173.00,373,46.38
4092,"DiscoCheck 4.0.3",2722.8,"-",435.50,879,49.54
4093,"GreKo 2018.08",2722.4,"-",1636.50,3539,46.24
4094,"Topple 0.4.0",2722.1,"-",1517.50,2628,57.74
4095,"Dumb 1.11",2721.6,"-",510.00,1009,50.55
4096,"KnightX 3.7b",2721.5,"-",977.50,2171,45.03
4097,"Critter 0.42",2721.3,"-",2253.00,4133,54.51
4098,"SmarThink 1.10 Moscow",2721.2,"-",1018.50,2092,48.69
4099,"Arasan 15.3",2721.1,"-",1042.50,2003,52.05
4100,"Rhetoric 1.4",2721.0,"-",2086.50,4302,48.50
4101,"BugChess2 v1.7",2719.9,"-",1627.00,3785,42.99
4102,"Sjeng 2.7",2719.9,"-",5702.50,13514,42.20
4103,"Jonny 3.08 Pamplona",2719.8,"-",2392.50,4952,48.31
4104,"Cheng 4 v0.35",2719.8,"-",599.00,1196,50.08
4105,"Revolver 1.0",2719.2,"-",837.50,1782,47.00
4106,"Viridithas 2.4.3",2719.0,"-",3.00,20,15.00
4107,"Annie 1.2",2718.8,"-",974.00,1870,52.09
4108,"Bobcat 3.25",2718.6,"-",6011.50,12585,47.77
4109,"Crafty 23.2",2718.5,"-",1454.00,2753,52.82
4110,"iCE 1.0",2717.6,"-",2035.50,4088,49.79
4111,"Clovis 2.0",2717.3,"-",1451.50,2691,53.94
4112,"Zurichess Graubuenden",2717.2,"-",1364.00,2620,52.06
4113,"Dumb 1.9",2716.9,"-",2872.00,6116,46.96
4114,"KnightX 3.4",2716.7,"-",1015.50,1996,50.88
4115,"Shredder 9.1",2716.7,"-",7142.00,13382,53.37
4116,"GreKo 2018.12",2716.6,"-",765.00,1466,52.18
4117,"Tornado 4.4",2716.6,"-",2004.00,4391,45.64
4118,"Shredder 9 Eccentric",2716.5,"-",551.50,851,64.81
4119,"Mess 0.2.0",2716.2,"-",316.00,665,47.52
4120,"Donna 4.1",2716.1,"-",3276.50,6329,51.77
4121,"Fruit 1.0 Gambit 4bx",2716.0,"-",518.50,1047,49.52
4122,"ECE 19.6.6.1",2715.9,"-",1061.00,2162,49.07
4123,"ProDeo 2.0",2715.9,"-",1309.50,2845,46.03
4124,"DiscoCheck 3.61",2715.8,"-",304.50,582,52.32
4125,"Tornado 4.40",2715.8,"-",907.50,1790,50.70
4126,"Atlas 3.60",2715.3,"-",1864.00,3817,48.83
4127,"Avalanche 0.3a",2714.8,"-",7.50,60,12.50
4128,"Ceibo 0.8",2714.7,"-",1788.00,3376,52.96
4129,"Francesca 0.30a",2714.4,"-",5.50,35,15.71
4130,"Hiarcs 10 Hypermodern",2714.3,"-",1318.00,2855,46.16
4131,"ProDeo 2.8",2714.3,"-",814.50,1691,48.17
4132,"Toga 1.0",2713.9,"-",2042.00,3306,61.77
4133,"Marvin 3.0.0",2713.9,"-",2736.00,4920,55.61
4134,"KnightX 3.2",2713.8,"-",308.50,642,48.05
4135,"Topple 0.3.5",2713.5,"-",1040.50,2222,46.83
4136,"KnightX 3.6a",2713.4,"-",1061.00,2151,49.33
4137,"Gaviota 0.85.1",2713.3,"-",4272.00,8582,49.78
4138,"ProDeo 1.85",2713.2,"-",309.00,627,49.28
4139,"Cwtch 1",2713.0,"-",628.00,1307,48.05
4140,"Minic 0.65",2712.6,"-",488.50,974,50.15
4141,"Saturn 1.0",2712.4,"-",376.50,788,47.78
4142,"Ktulu 8.0",2712.1,"-",1822.50,3786,48.14
4143,"NirvanaChess 1.2",2711.1,"-",797.50,1405,56.76
4144,"GreKo 2018",2710.7,"-",1154.00,2543,45.38
4145,"Crafty 23.1",2710.6,"-",2724.00,5627,48.41
4146,"Arasan 15.1",2710.4,"-",1280.00,2493,51.34
4147,"Shredder 7.04",2709.8,"-",4331.00,8394,51.60
4148,"Renegade 0.11.0",2709.7,"-",1441.50,3080,46.80
4149,"Tcheran 5.0",2709.3,"-",1332.50,2713,49.12
4150,"Thinker 5.0b",2708.8,"-",25.00,40,62.50
4151,"KnightX 3.3",2708.7,"-",1364.00,2879,47.38
4152,"EXchess v7.02b",2708.7,"-",287.50,547,52.56
4153,"Zahak 5.0",2708.4,"-",1067.00,2193,48.65
4154,"ProDeo 1.87",2708.4,"-",500.00,1085,46.08
4155,"Jonny 4",2708.4,"-",202.50,726,27.89
4156,"Caligula 1.1",2708.1,"-",1068.50,2226,48.00
4157,"Viridithas 2.5.0",2707.8,"-",14.00,80,17.50
4158,"Arasan 15.5",2707.6,"-",572.50,1096,52.24
4159,"Raphael 2.1.0",2707.5,"-",229.00,514,44.55
4160,"RedQueen 1.1.92",2707.5,"-",1109.50,2292,48.41
4161,"BugChess2 v.1.7",2707.1,"-",515.00,987,52.18
4162,"MadChess 3.1",2706.2,"-",1983.00,4130,48.01
4163,"ECE 19.6.6.3",2706.1,"-",1111.50,2424,45.85
4164,"Ktulu 8",2705.3,"-",6193.50,14325,43.24
4165,"KnightX 3.5",2705.1,"-",794.00,1699,46.73
4166,"Fritz for Fun 4",2705.0,"-",480.50,996,48.24
4167,"Igel 1.5",2704.6,"-",305.00,559,54.56
4168,"Fritz 8",2704.1,"-",3786.50,7657,49.45
4169,"Peacekeeper 1.40",2704.1,"-",850.50,1618,52.56
4170,"Chess Tiger 2007.1",2704.1,"-",9531.50,20032,47.58
4171,"Arasan 15.0",2703.8,"-",1022.00,2045,49.98
4172,"CeeChess 2.1",2703.4,"-",1.50,16,9.38
4173,"Peacekeeper 1.2",2703.1,"-",6.50,60,10.83
4174,"ProDeo 1.81",2702.9,"-",911.50,1625,56.09
4175,"Gnuchess 6.2.5",2702.7,"-",89.00,123,72.36
4176,"Lozza 2.5",2702.6,"-",1443.50,2984,48.37
4177,"Shredder 8",2702.5,"-",2350.00,4869,48.26
4178,"BugChess2 1.7",2702.4,"-",1216.00,2686,45.27
4179,"Devel 1.8090",2702.3,"-",1390.00,2818,49.33
4180,"DanaSah 8.30",2702.1,"-",1062.00,1764,60.20
4181,"Cheers 0.3.1",2702.0,"-",44.50,74,60.14
4182,"Inanis 1.0.1",2701.1,"-",1265.50,2591,48.84
4183,"Glaurung 2-E/2",2701.0,"-",232.00,482,48.13
4184,"Lishex 1.1.1",2700.3,"-",3131.00,6679,46.88
4185,"Amira 1.82",2699.7,"-",774.50,1545,50.13
4186,"Tucano 5.00",2699.3,"-",3212.00,6339,50.67
4187,"Tcheran 5.1",2698.6,"-",535.50,1050,51.00
4188,"Counter 2.9",2698.4,"-",1944.00,3991,48.71
4189,"Crafty 23.01",2698.2,"-",189.50,386,49.09
4190,"ECE 20.1",2698.1,"-",1656.50,3394,48.81
4191,"EXchess v6.71b",2697.9,"-",370.50,748,49.53
4192,"amoeba 1.3",2697.3,"-",1869.50,3689,50.68
4193,"Nimzo 8.0",2697.2,"-",16.50,20,82.50
4194,"Tornado 4.87a",2697.0,"-",191.00,373,51.21
4195,"Bread 1.3.0",2696.9,"-",709.00,1482,47.84
4196,"Petrel 2.2",2696.8,"-",469.50,928,50.59
4197,"Ethereal 8.19",2696.4,"-",1492.00,2843,52.48
4198,"OctoChess r4690",2696.0,"-",447.00,880,50.80
4199,"Polaris 1.5.0",2695.4,"-",1114.00,2664,41.82
4200,"Bright 0.2c",2695.3,"-",5397.50,12317,43.82
4201,"Fritz X3D",2695.3,"-",277.00,592,46.79
4202,"OctoChess r4741",2694.9,"-",687.00,1417,48.48
4203,"Scorpio 2.5",2694.7,"-",1714.50,3361,51.01
4204,"DanaSah 8.3",2694.7,"-",1119.00,2319,48.25
4205,"Chronos 1.9.8",2694.1,"-",212.50,416,51.08
4206,"Rhetoric 1.2",2693.9,"-",1721.50,3575,48.15
4207,"Bobcat 2.75",2693.8,"-",4537.00,8948,50.70
4208,"KnightX 3.1",2693.7,"-",799.00,1543,51.78
4209,"chess22k 1.4",2693.1,"-",994.50,1795,55.40
4210,"Supernova 2.4",2693.0,"-",3700.50,7407,49.96
4211,"Delfi 5.4",2693.0,"-",9999.50,20287,49.29
4212,"Protej 0.6.1",2692.9,"-",1047.00,2056,50.92
4213,"RedQueen 1.1.4",2692.5,"-",2745.00,5730,47.91
4214,"ProDeo 1.86",2691.7,"-",164.50,342,48.10
4215,"Fritz 7",2691.5,"-",2736.00,5777,47.36
4216,"Lambergar 0.4.1",2691.1,"-",847.50,1718,49.33
4217,"Naum 2.0",2691.1,"-",12821.00,25457,50.36
4218,"Blunder 8.5.5",2690.9,"-",3603.00,7874,45.76
4219,"Fritz 8 Bilbao",2690.9,"-",2983.50,5466,54.58
4220,"Prune 1.0.1",2690.8,"-",453.50,946,47.94
4221,"Glaurung 2-E/2-5",2690.4,"-",420.00,863,48.67
4222,"Dirty 23Mar2012",2690.4,"-",1225.00,2507,48.86
4223,"Dumb 1.8",2690.3,"-",1544.50,3183,48.52
4224,"Bread 1.2.0",2690.3,"-",1201.00,2276,52.77
4225,"JackyChess 23.12",2689.8,"-",18.00,42,42.86
4226,"Frozenight 2.1.0",2689.8,"-",1086.00,2182,49.77
4227,"Raphael 2.1.0.0",2689.2,"-",6.00,32,18.75
4228,"Bagatur 1.7a",2689.2,"-",1151.00,2228,51.66
4229,"Francesca MAD 0.21",2688.9,"-",1337.00,2630,50.84
4230,"Chess Tiger 2007",2688.5,"-",3276.50,6898,47.50
4231,"Vengeance 1.2.2",2688.1,"-",226.50,468,48.40
4232,"Booot 5.1",2687.9,"-",5.50,16,34.38
4233,"Tornado 4.3",2687.8,"-",1065.00,1944,54.78
4234,"Cheese 1.8",2687.6,"-",2567.00,5558,46.19
4235,"MinkoChess 0.8",2687.4,"-",188.00,375,50.13
4236,"Rodent 1.0",2686.2,"-",3030.00,5835,51.93
4237,"Chess Tiger 14.0",2686.1,"-",1301.50,2514,51.77
4238,"Leorik 2.2",2686.0,"-",1752.50,3876,45.21
4239,"Bright 0.2b",2685.7,"-",165.00,341,48.39
4240,"Caligula 1.0b",2685.3,"-",2033.50,4504,45.15
4241,"Pirarucu 2.2.2",2684.5,"-",1068.50,2090,51.12
4242,"Nawito 2103",2684.4,"-",1041.50,2076,50.17
4243,"Lynx 1.3.0",2684.3,"-",897.50,1728,51.94
4244,"Turbulence 4 0.0.4",2684.2,"-",46.00,132,34.85
4245,"Deuterium 12.01.30.1070",2684.0,"-",866.00,1678,51.61
4246,"K2 0.95",2684.0,"-",2354.00,4429,53.15
4247,"Frenzee Feb08",2683.6,"-",5705.50,11549,49.40
4248,"Glaurung 1.2",2682.9,"-",92.00,182,50.55
4249,"Reyna 1.0",2682.9,"-",963.50,1982,48.61
4250,"Marvin 2.2.0",2682.9,"-",2000.00,3549,56.35
4251,"Fridolin 3.10",2682.3,"-",4122.00,8429,48.90
4252,"Mantissa 2.1.1",2682.0,"-",406.00,812,50.00
4253,"Quanticade Aurora",2681.2,"-",4.50,24,18.75
4254,"Spike 1.1",2681.1,"-",5159.50,10578,48.78
4255,"RedQueen 1.1.98",2680.9,"-",5047.50,11304,44.65
4256,"Booot 4.15.1",2680.9,"-",1942.00,3825,50.77
4257,"Aurora 1.25.4",2680.7,"-",276.00,572,48.25
4258,"Fridolin 3.00",2680.4,"-",3778.00,6829,55.32
4259,"Fritz in Bahrain",2679.9,"-",359.00,823,43.62
4260,"Tornado 4.82",2679.2,"-",117.50,266,44.17
4261,"Drosophila 1.6",2679.1,"-",5357.00,11648,45.99
4262,"Dumb 1.10",2678.9,"-",46.00,160,28.75
4263,"Glaurung 2 epsilon/5",2678.8,"-",493.00,1293,38.13
4264,"Junior 8",2678.0,"-",2381.50,4702,50.65
4265,"Velvet 1.1.0",2677.8,"-",717.50,1399,51.29
4266,"Pawny 1.1",2677.7,"-",2819.00,5723,49.26
4267,"Dirty 25Aug2011",2677.1,"-",1449.50,2759,52.54
4268,"Bison 9.8",2676.6,"-",2993.00,6017,49.74
4269,"Booot 4.15.0",2676.5,"-",4300.00,9157,46.96
4270,"RedQueen 1.1.3",2675.9,"-",2653.00,5479,48.42
4271,"Prophet 5.1",2675.8,"-",772.00,1641,47.04
4272,"DayDreamer 1.75",2675.7,"-",5900.50,12188,48.41
4273,"Nakshatra 0.1",2675.5,"-",6.50,26,25.00
4274,"Asymptote 0.5",2675.4,"-",1150.50,2312,49.76
4275,"Igel 1.4.2",2674.7,"-",218.50,454,48.13
4276,"Topple 0.3.4",2674.2,"-",734.50,1349,54.45
4277,"Puffin 2.0.0",2674.0,"-",293.50,587,50.00
4278,"Prophet 5.0",2673.9,"-",421.50,1011,41.69
4279,"EXchess 7.01b",2673.2,"-",728.00,1375,52.95
4280,"Djinn 1.021",2673.0,"-",5282.50,11238,47.01
4281,"Fruit 2.1",2672.8,"-",9250.50,18131,51.02
4282,"ECE X3.5",2671.8,"-",2890.00,5904,48.95
4283,"EXchess 6.50b",2671.8,"-",1708.00,3082,55.42
4284,"Lozza 2.4",2671.8,"-",942.00,1898,49.63
4285,"Blunder 8.0.0",2671.4,"-",1608.00,3742,42.97
4286,"GarboChess 3",2671.4,"-",47.00,58,81.03
4287,"CasanChess 0.8",2671.4,"-",90.50,213,42.49
4288,"Counter 2.7",2671.3,"-",1240.50,2029,61.14
4289,"Atlas 3.50",2671.0,"-",1989.00,4175,47.64
4290,"DayDreamer 1.7",2670.6,"-",625.00,1351,46.26
4291,"RuyDos 1.0.2",2669.8,"-",1169.50,2412,48.49
4292,"Willow 2.7",2669.5,"-",798.00,1679,47.53
4293,"Naraku 1.31",2669.5,"-",3585.00,7022,51.05
4294,"Deep Gandalf 7.0",2669.4,"-",7373.50,15866,46.47
4295,"Counter 2.8",2669.1,"-",1321.00,2590,51.00
4296,"Minic 0.42",2668.9,"-",6.00,22,27.27
4297,"Aconcagua 5.1.0",2668.4,"-",704.00,1360,51.76
4298,"Gaviota 0.84",2668.0,"-",2870.00,5705,50.31
4299,"Komodo 2286",2667.9,"-",23.50,71,33.10
4300,"Deuterium v12.01.30.1070",2667.4,"-",1405.00,3036,46.28
4301,"Glaurung Lodz 2007",2667.0,"-",31.00,93,33.33
4302,"Cheese 1.7",2666.6,"-",2872.00,5302,54.17
4303,"Zevra 2.5",2666.5,"-",3206.50,6821,47.01
4304,"Keele 1.0",2666.1,"-",1579.50,3363,46.97
4305,"Junior 9",2665.9,"-",5659.00,11667,48.50
4306,"Shredder 9 Columbus'egg 9g",2665.4,"-",46.50,110,42.27
4307,"Supernova 2.3",2664.9,"-",992.00,1897,52.29
4308,"RedQueen 1.1.97",2664.6,"-",2319.00,5114,45.35
4309,"Scorpio 2.02b",2663.6,"-",165.50,339,48.82
4310,"ProDeo 1.82",2663.1,"-",82.50,180,45.83
4311,"Tucano 4.00",2663.1,"-",1680.50,3522,47.71
4312,"Deuterium v11.02.29.107",2662.7,"-",1097.50,2060,53.28
4313,"Polaris 1.4.0",2662.6,"-",19.50,53,36.79
4314,"BugChess2 1.6.4",2662.3,"-",1299.50,2686,48.38
4315,"Weiss 0.9",2661.9,"-",1466.00,2743,53.45
4316,"Tcheran 4.1",2661.2,"-",66.50,166,40.06
4317,"Glaurung 1.2.1",2661.1,"-",6217.50,13624,45.64
4318,"Andscacs 0.62w",2661.1,"-",197.50,412,47.94
4319,"Crafty 23.0",2660.5,"-",1691.50,4252,39.78
4320,"Rengar 1.3.0",2660.0,"-",1637.50,3459,47.34
4321,"RedQueen 1.0.0",2659.8,"-",2769.50,5136,53.92
4322,"Cheng 3 v1.07",2659.4,"-",1160.00,2496,46.47
4323,"Djinn 1.010",2658.7,"-",1623.50,3305,49.12
4324,"Eubos 4.3",2658.1,"-",797.50,1616,49.35
4325,"Igel 1.4.1",2658.0,"-",435.50,884,49.26
4326,"Sjeng 2.5",2657.3,"-",2193.00,4790,45.78
4327,"Ktulu 7.5",2657.3,"-",3503.00,7232,48.44
4328,"Alaric 707",2657.0,"-",13623.00,29399,46.34
4329,"Vengeance 1.1.0",2657.0,"-",282.50,592,47.72
4330,"Lozza 2.3",2656.8,"-",292.00,599,48.75
4331,"Hedgehog 2.6",2656.7,"-",352.00,669,52.62
4332,"Shredder 7",2656.6,"-",948.00,1831,51.77
4333,"Chronos 1.9.7 Optimized",2656.6,"-",559.50,997,56.12
4334,"ice4 dfe0e38",2656.5,"-",6.00,14,42.86
4335,"Arasan 14.2",2656.2,"-",1139.00,2212,51.49
4336,"BugChess2 v.1.6.4",2656.2,"-",418.50,844,49.59
4337,"ECE X3",2655.9,"-",2450.50,5270,46.50
4338,"Hiarcs 8 Bareev",2655.1,"-",667.50,1387,48.13
4339,"Chess-3 1.47",2655.1,"-",254.00,481,52.81
4340,"SmarThink 1.00",2654.8,"-",4632.00,10243,45.22
4341,"Phalanx XXV",2654.5,"-",4919.00,10285,47.83
4342,"Peacekeeper 1.3",2654.5,"-",32.00,92,34.78
4343,"Deuterium 11.02.29.107",2653.5,"-",219.00,458,47.82
4344,"Bright 0.2a",2653.1,"-",676.00,1457,46.40
4345,"Lozza 2.2",2653.1,"-",808.00,1681,48.07
4346,"Loop List 600",2653.1,"-",2995.00,6201,48.30
4347,"DiscoCheck 3.5.1",2652.9,"-",802.00,1369,58.58
4348,"Laser 0.2.1",2652.2,"-",287.00,555,51.71
4349,"Pawny 1.0",2651.2,"-",2588.50,5200,49.78
4350,"ClassicAra 0.9.3",2651.1,"-",469.50,1064,44.13
4351,"Nebula 2.0",2649.7,"-",7537.00,15616,48.26
4352,"Cheng3 1.07",2649.4,"-",1351.00,2778,48.63
4353,"Bagatur 1.7",2649.2,"-",499.00,942,52.97
4354,"Arasan 14.0",2649.0,"-",525.00,1045,50.24
4355,"Spike 1.0a",2649.0,"-",372.50,824,45.21
4356,"Rodin 8.0",2648.9,"-",5443.50,11112,48.99
4357,"Cyrano 0.6b17",2648.7,"-",7782.00,15938,48.83
4358,"Chess Tiger 15.0",2648.7,"-",3961.50,8101,48.90
4359,"GreKo 2018.02",2648.7,"-",1121.00,2317,48.38
4360,"OctoChess r4638",2648.0,"-",525.50,1037,50.68
4361,"Scorpio 1.82",2647.9,"-",539.00,1027,52.48
4362,"Scorpio 1.81",2647.4,"-",1082.50,2335,46.36
4363,"ProDeo 1.83c",2647.1,"-",187.50,368,50.95
4364,"Frenzee Dec07",2646.8,"-",922.00,1839,50.14
4365,"Blunder 7.6.0",2646.5,"-",1472.50,3005,49.00
4366,"Scorpio 2.0",2646.3,"-",3903.50,8659,45.08
4367,"Scorpio 1.91",2646.1,"-",3068.00,6695,45.83
4368,"Djinn 1.006",2646.0,"-",434.50,828,52.48
4369,"ProDeo 2.92",2646.0,"-",44.50,134,33.21
4370,"Gogobello 1.3",2645.9,"-",1910.00,3337,57.24
4371,"WyldChess 1.51",2645.5,"-",2776.00,5908,46.99
4372,"Hiarcs 9",2645.4,"-",3481.00,7059,49.31
4373,"Bright 0.1d",2644.9,"-",368.00,712,51.69
4374,"JackyChess 23.06",2644.6,"-",29.00,55,52.73
4375,"Scorpio 2.4",2644.5,"-",283.00,569,49.74
4376,"Chess Tiger 2007 Gambit",2644.3,"-",399.50,849,47.06
4377,"Ethereal 8.02",2643.9,"-",260.00,508,51.18
4378,"Shredder 6 Pad",2643.6,"-",242.00,444,54.50
4379,"Scorpio 2.02",2643.5,"-",237.00,459,51.63
4380,"GreKo 2017",2643.5,"-",928.00,1905,48.71
4381,"BugChess2 1.6.3",2643.4,"-",896.50,1791,50.06
4382,"tomitankChess 2.0",2643.0,"-",1140.00,2110,54.03
4383,"Reckless 0.3.0",2643.0,"-",1307.50,2861,45.70
4384,"DanaSah 7.00",2642.7,"-",639.50,1198,53.38
4385,"DiscoCheck 3.51",2642.7,"-",298.50,603,49.50
4386,"Potential 1.0.0",2642.6,"-",515.50,1153,44.71
4387,"Scorpio 1.9",2641.9,"-",1055.00,2723,38.74
4388,"DiscoCheck 3.6",2641.5,"-",554.00,1100,50.36
4389,"Glaurung CCT8",2641.3,"-",1138.50,2370,48.04
4390,"Booot 4.14.0",2641.0,"-",2232.50,4316,51.73
4391,"Igel 1.4",2641.0,"-",382.50,896,42.69
4392,"Crafty 23.00",2640.9,"-",2218.00,4738,46.81
4393,"Polaris 1.4.1",2640.7,"-",394.00,792,49.75
4394,"Rodent 0.18",2640.6,"-",463.50,898,51.61
4395,"Dog 2.5",2640.5,"-",36.00,111,32.43
4396,"Halogen 7",2640.0,"-",447.50,825,54.24
4397,"Rebel 4",2640.0,"-",153.50,286,53.67
4398,"GreKo 2018.01",2639.8,"-",1306.50,2380,54.89
4399,"Alfil 13.1",2639.7,"-",2416.50,5143,46.99
4400,"Colossus 2008b",2639.6,"-",8756.00,18538,47.23
4401,"Lozza 2.1",2639.2,"-",663.00,1320,50.23
4402,"Twisted Logic 0.087x5",2638.8,"-",1.50,2,75.00
4403,"Shredder 6",2638.3,"-",146.00,280,52.14
4404,"EXchess 6.71b",2638.2,"-",683.50,1448,47.20
4405,"Movei 0.08.438 P10",2638.2,"-",769.50,1398,55.04
4406,"amoeba 1.2",2637.8,"-",1419.00,3067,46.27
4407,"Spike 1.0a Mainz",2637.8,"-",3310.50,6608,50.10
4408,"Dirty 24Apr2011",2637.6,"-",957.00,1892,50.58
4409,"Donna 4.0",2637.6,"-",3815.50,7531,50.66
4410,"Sjakk 2.2",2637.5,"-",3878.00,7996,48.50
4411,"Eubos 4.2",2637.3,"-",771.00,1563,49.33
4412,"Scorpio 2.03",2637.2,"-",184.50,361,51.11
4413,"BugChess2 v.1.6.3",2637.2,"-",503.50,980,51.38
4414,"Chess Tiger 2004",2637.2,"-",1080.00,2261,47.77
4415,"Cheng3 v1.07",2637.1,"-",515.50,1072,48.09
4416,"Orion 0.6",2637.1,"-",2763.00,5328,51.86
4417,"RedQueen 1.197",2636.3,"-",2.00,10,20.00
4418,"Maxima 2.0.0DC",2635.7,"-",770.50,1498,51.44
4419,"Ethereal 8.16",2635.7,"-",817.50,1551,52.71
4420,"Toga 0.93",2635.0,"-",1344.50,2770,48.54
4421,"GreKo 2018.05",2634.9,"-",1883.50,3676,51.24
4422,"E.T. Chess 13.01.08",2634.6,"-",5539.00,11611,47.70
4423,"amoeba 1.0",2634.5,"-",930.00,1775,52.39
4424,"Alfil 13",2634.5,"-",1113.00,2067,53.85
4425,"Puffin 2.0",2634.1,"-",10.00,75,13.33
4426,"DiscoCheck 3.5",2634.1,"-",608.00,1198,50.75
4427,"Delfi 5.3B",2633.9,"-",144.50,310,46.61
4428,"Scorpio 1.84",2633.9,"-",466.50,1415,32.97
4429,"Chess Tiger 14",2633.6,"-",334.50,599,55.84
4430,"Deuterium 11.01.28.159",2633.5,"-",1436.00,2830,50.74
4431,"Rice 4.1.5",2633.3,"-",231.00,465,49.68
4432,"Vengeance 1.0.0",2633.3,"-",452.50,955,47.38
4433,"Nalwald 1.9",2633.2,"-",662.50,1131,58.58
4434,"ClassicAra 0.9.5.post0",2633.0,"-",535.50,1007,53.18
4435,"WildCat 8.0",2632.5,"-",5173.00,11154,46.38
4436,"Tornado 4.0",2632.5,"-",1026.50,1879,54.63
4437,"Philou 3.7.1",2632.5,"-",4270.50,8734,48.90
4438,"DanaSah 7.9",2632.2,"-",480.50,1048,45.85
4439,"Junior 9.0.0.3 512MB",2632.0,"-",110.00,234,47.01
4440,"RubiChess 1.0",2632.0,"-",1534.00,3228,47.52
4441,"Meltdown 0.1",2632.0,"-",10.00,34,29.41
4442,"Fatalii 0.9.0",2631.9,"-",1092.00,2430,44.94
4443,"Glaurung 1.1",2631.9,"-",1946.00,4123,47.20
4444,"Rotor 0.7a",2631.6,"-",1690.00,3481,48.55
4445,"Ktulu 7.1",2631.4,"-",1612.00,3355,48.05
4446,"KnightX 2.8",2631.3,"-",471.50,924,51.03
4447,"DanaSah 7.3",2631.1,"-",1546.00,3158,48.96
4448,"Crafty 22.9",2630.8,"-",519.50,1092,47.57
4449,"FabChess 1.11",2630.8,"-",190.00,379,50.13
4450,"Euwe 2.0.0",2630.5,"-",1211.00,2236,54.16
4451,"Sloppy 0.23",2630.5,"-",1066.50,2089,51.05
4452,"Igel 1.2",2628.9,"-",482.00,1032,46.71
4453,"Juggernaut 1.38",2628.8,"-",230.50,483,47.72
4454,"Ktulu 7.0-7.0a",2628.4,"-",1404.00,2684,52.31
4455,"Nawito 22.05",2628.3,"-",924.50,1943,47.58
4456,"Alfil 8.1.1 Optimized",2627.3,"-",3205.50,6538,49.03
4457,"Cheng 3 v1.06",2627.3,"-",692.00,1399,49.46
4458,"Cheers 0.2",2627.1,"-",467.50,924,50.60
4459,"Igel 1.1",2627.0,"-",226.50,470,48.19
4460,"Winter 0.2",2626.8,"-",2096.00,3920,53.47
4461,"RedQueen 1.1.1",2626.8,"-",2319.00,4861,47.71
4462,"Sjakk v2.2",2626.8,"-",756.50,1597,47.37
4463,"Weiss 0.8",2626.7,"-",743.00,1464,50.75
4464,"Nawito 2205",2626.6,"-",1089.00,2597,41.93
4465,"Topple 0.3.3",2626.4,"-",495.50,955,51.88
4466,"Chess Tiger 15",2626.3,"-",1167.50,2617,44.61
4467,"Ethereal 8.00",2626.3,"-",1120.50,2002,55.97
4468,"Gandalf 6",2626.3,"-",3302.50,6896,47.89
4469,"Gandalf 6.0",2626.0,"-",2904.00,6136,47.33
4470,"Rodent 0.13",2625.8,"-",239.00,452,52.88
4471,"Chronos 1.9.7",2625.4,"-",1602.50,3361,47.68
4472,"ProDeo 1.7",2625.4,"-",880.50,1993,44.18
4473,"Myrddin 0.90",2624.5,"-",1253.00,2570,48.75
4474,"OctoChess 4741",2624.2,"-",2.50,6,41.67
4475,"GreKo 2018.06",2624.0,"-",395.00,863,45.77
4476,"WildCat 8",2624.0,"-",5680.00,12015,47.27
4477,"Deuterium 10.01.27.213",2623.9,"-",2120.00,4005,52.93
4478,"Alfil 12",2623.8,"-",471.50,940,50.16
4479,"Ktulu 7.0a",2623.5,"-",805.00,1488,54.10
4480,"Bread 1.1.0",2623.5,"-",1164.50,2091,55.69
4481,"Scorpio 2.1",2623.4,"-",2391.50,6195,38.60
4482,"Tucano 3.00",2623.4,"-",1221.50,2391,51.09
4483,"Deuterium v11.01.28.159",2623.0,"-",1492.50,2846,52.44
4484,"Cheers 0.2.2",2623.0,"-",565.50,1234,45.83
4485,"Zarkov 6.55",2622.9,"-",3085.50,5997,51.45
4486,"Rodent 0.16",2622.6,"-",1442.50,2999,48.10
4487,"BugChess2 v1.6.3",2622.6,"-",1434.50,3097,46.32
4488,"4k.c 5.0",2622.6,"-",4.00,23,17.39
4489,"Scorpio 1.8",2622.2,"-",2360.50,5334,44.25
4490,"Drofa 2.2.0",2622.0,"-",1413.50,2692,52.51
4491,"Movei 0.08.438",2621.9,"-",768.50,1523,50.46
4492,"Francesca MAD 0.20",2621.8,"-",836.00,1755,47.64
4493,"Rotor 0.7",2621.6,"-",1476.00,2989,49.38
4494,"Glass 2.0",2621.5,"-",6931.00,14337,48.34
4495,"Bison 9.6",2621.3,"-",304.50,592,51.44
4496,"smol cs 1.61",2621.3,"-",673.00,1426,47.19
4497,"Toad 3.0.0",2621.3,"-",661.50,1423,46.49
4498,"Counter 2.6",2620.9,"-",768.50,1411,54.46
4499,"Bagatur 1.7b",2620.6,"-",6.50,40,16.25
4500,"Movei 00.8.438",2620.6,"-",8603.00,18074,47.60
4501,"Ruffian 2.0.2",2620.5,"-",718.50,1393,51.58
4502,"Stockfish 10k",2620.4,"-",17.50,49,35.71
4503,"Lambergar 0.4.0",2620.4,"-",9.00,10,90.00
4504,"Aconcagua 5.0.0",2620.2,"-",351.50,662,53.10
4505,"Alfil 12 MT",2620.1,"-",1281.00,2514,50.95
4506,"NoraGrace 2.0",2619.9,"-",5187.50,9938,52.20
4507,"Alaric 704",2619.8,"-",3759.00,7733,48.61
4508,"Juggernaut 1.35",2619.3,"-",241.00,447,53.91
4509,"Betsabe II 2023",2619.2,"-",1305.50,2624,49.75
4510,"DanaSah 7.30",2619.0,"-",1930.00,3925,49.17
4511,"Minic 0.40",2618.1,"-",693.50,1239,55.97
4512,"Aurora 1.22.0",2618.1,"-",844.50,1571,53.76
4513,"Petrel 2.1",2617.9,"-",718.00,1443,49.76
4514,"Glaurung 1.0.2",2617.8,"-",2160.50,4347,49.70
4515,"SlowChessBlitz Blitz WV2.1",2617.5,"-",13629.50,30037,45.38
4516,"Djinn 0.992",2617.3,"-",1485.00,2841,52.27
4517,"Coiled 0.5",2617.3,"-",545.00,1034,52.71
4518,"Clovis 1.8",2617.1,"-",774.50,1552,49.90
4519,"Arasan 14.1",2616.8,"-",613.00,1241,49.40
4520,"Rotor 0.8",2616.5,"-",4857.50,10031,48.42
4521,"Rodin 7.0",2616.3,"-",2987.50,5998,49.81
4522,"Ruffian 2.1.0",2616.1,"-",7838.00,16177,48.45
4523,"Peacekeeper 1.30",2616.0,"-",735.00,1470,50.00
4524,"MadChess 3.0",2615.9,"-",1553.00,3233,48.04
4525,"Delfi 5.1",2615.9,"-",3275.00,6696,48.91
4526,"Djinn 1.008",2615.4,"-",353.50,796,44.41
4527,"CuckooChess 1.12",2615.3,"-",2446.50,4750,51.51
4528,"RedQueen 1.14",2615.2,"-",2.00,7,28.57
4529,"Rudim 3.0.0",2614.7,"-",202.50,388,52.19
4530,"Monolith 0.4",2614.7,"-",3439.00,6266,54.88
4531,"Shredder Classic 1.3",2614.7,"-",32.50,76,42.76
4532,"ProDeo 1.71",2613.8,"-",568.00,1317,43.13
4533,"ProDeo 1.74",2613.4,"-",748.50,1565,47.83
4534,"Philou 3.7",2613.4,"-",837.00,1621,51.63
4535,"Nebula 2",2613.3,"-",3.50,14,25.00
4536,"Frozenight 2.0.0",2613.2,"-",305.00,593,51.43
4537,"GreKo 2016",2612.7,"-",1874.50,3828,48.97
4538,"CeeChess 2.2",2612.5,"-",883.00,1760,50.17
4539,"WyldChess 1.4",2612.4,"-",1627.00,3094,52.59
4540,"KnightX 2.7",2612.1,"-",631.00,1266,49.84
4541,"Rodent 0.12",2611.9,"-",890.00,1564,56.91
4542,"Scorpio 2.05b",2611.6,"-",150.00,318,47.17
4543,"tomitankChess 2.1",2611.4,"-",448.50,982,45.67
4544,"Scorpio 2.05",2611.4,"-",278.50,600,46.42
4545,"Sloppy 0.2.2",2611.3,"-",5320.00,11177,47.60
4546,"Sjeng 1.6 defk150",2611.2,"-",59.00,169,34.91
4547,"WildCat 7.0",2610.8,"-",2099.50,4115,51.02
4548,"Ruffian 2.0.0",2609.5,"-",730.50,1488,49.09
4549,"Emerald 0.4.1",2609.2,"-",10.00,18,55.56
4550,"Laser 0.2",2608.8,"-",2034.00,3498,58.15
4551,"WildCat 7",2608.8,"-",2612.50,5517,47.35
4552,"GreKo 2015-ML",2608.7,"-",380.50,751,50.67
4553,"Cheng3 v1.06",2608.6,"-",451.50,937,48.19
4554,"Ruffian Leiden 2003",2608.4,"-",3071.50,5917,51.91
4555,"Blocky 2.0.0",2608.1,"-",1376.00,2782,49.46
4556,"Javelin 2.0.0",2608.0,"-",481.50,1074,44.83
4557,"Floyd 0.9",2608.0,"-",4636.00,9181,50.50
4558,"Nawito 1906",2607.9,"-",990.00,1983,49.92
4559,"GreKo 12.6",2607.6,"-",568.00,1098,51.73
4560,"GreKo 12.8",2607.5,"-",804.50,1584,50.79
4561,"Sjeng 1.5a",2607.5,"-",97.50,246,39.63
4562,"Jellyfish 1.1",2607.4,"-",5603.50,11064,50.65
4563,"K2 0.91",2607.3,"-",2600.00,5155,50.44
4564,"Rodent 0.14",2607.2,"-",167.00,359,46.52
4565,"Pharaon 3.4",2607.0,"-",76.50,162,47.22
4566,"Pedone 0.5",2606.9,"-",1313.50,2654,49.49
4567,"Nawito 2012",2606.8,"-",467.00,978,47.75
4568,"Caligula 0.9g",2606.6,"-",2370.50,4511,52.55
4569,"Ethereal 8.13",2606.4,"-",219.50,458,47.93
4570,"Arasan 13.3",2606.2,"-",890.00,1697,52.45
4571,"DanaSah 7.0",2606.0,"-",1355.50,2464,55.01
4572,"Arasan 14.3",2606.0,"-",546.50,1225,44.61
4573,"Delfi 5.2",2605.7,"-",2407.00,5294,45.47
4574,"ProDeo 1.6",2605.5,"-",1251.50,2615,47.86
4575,"Ruffian Leiden",2605.3,"-",1543.50,3405,45.33
4576,"Rodent 0.11",2605.3,"-",213.00,362,58.84
4577,"ProDeo 1.2",2605.2,"-",2042.00,4508,45.30
4578,"Delocto 0.6",2604.8,"-",2440.50,4975,49.06
4579,"Rebel 12.01",2604.6,"-",54.50,91,59.89
4580,"DanaSah 6.80",2604.4,"-",202.50,400,50.63
4581,"Lux 4.1",2604.3,"-",675.00,1397,48.32
4582,"Coiled 0.6",2604.0,"-",3470.00,6894,50.33
4583,"Naum 1.91",2603.6,"-",4580.00,9283,49.34
4584,"Shredder 5",2603.6,"-",1225.50,2355,52.04
4585,"Gaviota 0.83",2603.6,"-",3482.50,6480,53.74
4586,"List 5.12",2603.2,"-",7399.50,15256,48.50
4587,"Arasan 13.4",2603.0,"-",1840.00,3473,52.98
4588,"Ethereal 8.12",2602.8,"-",487.00,996,48.90
4589,"Crafty 22.8",2602.7,"-",160.50,313,51.28
4590,"Pharaon 3.5.1",2602.6,"-",8369.50,18109,46.22
4591,"Sloppy 0.22",2602.6,"-",2846.50,5578,51.03
4592,"Djinn 0.987",2602.5,"-",1710.00,3349,51.06
4593,"Alfil 8.1.1",2602.4,"-",852.50,1636,52.11
4594,"Glass 1.9",2602.1,"-",2242.00,4429,50.62
4595,"Dual 0.3.0",2601.9,"-",428.50,955,44.87
4596,"Ethereal 8.05",2601.7,"-",217.00,430,50.47
4597,"Amira 1.79",2601.7,"-",288.00,686,41.98
4598,"Spaghet Pesto 1.0",2601.4,"-",37.00,216,17.13
4599,"Tornado 3.50d",2601.1,"-",536.00,1136,47.18
4600,"Arasan 14.0.1",2600.8,"-",515.00,1098,46.90
4601,"GreKo 2015",2600.7,"-",2144.00,4214,50.88
4602,"KnightX 2.91",2600.1,"-",644.00,1371,46.97
4603,"Hiarcs 8",2600.1,"-",453.00,961,47.14
4604,"akimbo 0.3.0",2600.1,"-",358.00,843,42.47
4605,"Fruit 2.0",2599.3,"-",3511.50,7243,48.48
4606,"GarboChess 2.10",2599.2,"-",2329.00,4784,48.68
4607,"Betsabe II 2020",2599.1,"-",1254.00,2547,49.23
4608,"Amyan 1.72",2599.1,"-",8473.00,16711,50.70
4609,"Aurora 1.8.0",2599.1,"-",7.00,27,25.93
4610,"Chiron 0.8.7",2598.8,"-",1815.00,3980,45.60
4611,"Lynx 1.2.0",2598.7,"-",510.50,1124,45.42
4612,"Cheng3 1.05",2598.6,"-",955.50,1881,50.80
4613,"Arasan 13.2",2598.6,"-",1453.50,2793,52.04
4614,"RedQueen 0.95",2598.4,"-",389.50,717,54.32
4615,"Rodent 0.17",2598.3,"-",1858.50,3851,48.26
4616,"OctoChess r4558",2598.0,"-",814.00,1718,47.38
4617,"Twisted Logic 0.99x",2597.9,"-",4.50,7,64.29
4618,"Tornado 3.67",2597.8,"-",537.00,1086,49.45
4619,"Tornado 3.49",2597.8,"-",566.50,997,56.82
4620,"Junior 7",2597.8,"-",1640.50,3533,46.43
4621,"SlowChessBlitz Blitz WV2",2597.7,"-",2539.50,5334,47.61
4622,"Rodent 0.15",2597.6,"-",1555.00,3312,46.95
4623,"Arasan 13.0",2597.5,"-",196.00,384,51.04
4624,"Spike 1.0 Mainz",2597.4,"-",27.50,62,44.35
4625,"Leorik 2.1",2597.2,"-",1242.50,2942,42.23
4626,"Avalanche 0.2.2",2596.7,"-",992.50,2220,44.71
4627,"Caligula 0.9i",2596.6,"-",391.50,796,49.18
4628,"Ceibo 0.7",2596.6,"-",517.00,945,54.71
4629,"KnightX 2.61",2596.5,"-",670.00,1321,50.72
4630,"Donna 3.1",2596.0,"-",512.00,1043,49.09
4631,"Glass 1.8",2595.9,"-",1925.00,3709,51.90
4632,"Scorpio 2.2b11",2595.8,"-",310.00,620,50.00
4633,"Philou 3.7.0",2595.6,"-",1423.00,3043,46.76
4634,"SmarThink 0.18a r261",2595.2,"-",141.00,260,54.23
4635,"Chiron 0.87",2595.0,"-",970.50,2019,48.07
4636,"Fritz 6",2595.0,"-",1869.50,3742,49.96
4637,"Asymptote 0.4.2",2594.9,"-",1213.50,2359,51.44
4638,"Movei 00.8.423",2594.9,"-",300.50,574,52.35
4639,"Anodos 1.3.0",2594.7,"-",357.50,708,50.49
4640,"Colossus 2007d",2594.7,"-",2494.00,5317,46.91
4641,"KnightX 2.5",2594.4,"-",524.00,1011,51.83
4642,"Zappa 1.1",2594.2,"-",5464.50,11572,47.22
4643,"Dumb 1.6",2594.0,"-",195.50,411,47.57
4644,"Hamsters 0.7.1",2593.9,"-",7072.50,14578,48.51
4645,"RedQueen 0.98",2593.9,"-",380.50,765,49.74
4646,"Cheng3 v1.05",2593.6,"-",341.00,650,52.46
4647,"Gandalf 6.01",2593.3,"-",921.00,2266,40.64
4648,"Juggernaut 1.40",2593.1,"-",554.00,1295,42.78
4649,"Nawito 1812",2592.8,"-",986.00,2064,47.77
4650,"Hamsters 0.7",2592.7,"-",2885.50,6210,46.47
4651,"Muse 0.951",2592.6,"-",618.50,1194,51.80
4652,"GarboChess 2.20",2592.5,"-",5298.50,10807,49.03
4653,"Lozza 2.0",2592.5,"-",944.50,1912,49.40
4654,"BugChess2 v.1.6.2",2592.5,"-",197.50,340,58.09
4655,"K2 0.87",2592.3,"-",2134.00,4378,48.74
4656,"Cheng 3 v1.05",2592.1,"-",1393.50,2998,46.48
4657,"Tornado 3.6.7",2592.0,"-",685.00,1442,47.50
4658,"Sloppy 0.2.0",2591.8,"-",971.00,1980,49.04
4659,"Quazar 0.3b",2591.6,"-",417.50,814,51.29
4660,"Ruffian 1.0.5",2590.5,"-",13824.50,31596,43.75
4661,"N2 0.4",2590.4,"-",3655.50,7398,49.41
4662,"Blunder 7.5.0",2590.3,"-",777.50,1700,45.74
4663,"Jonny 2.89",2589.6,"-",1910.50,3726,51.27
4664,"RedQueen 0.9.8",2589.4,"-",1150.00,2020,56.93
4665,"Gogobello 1.2",2589.3,"-",214.00,416,51.44
4666,"Blunder 7.6",2589.1,"-",25.50,40,63.75
4667,"Ethereal 7.78",2588.9,"-",724.00,1408,51.42
4668,"Alaric 0702b",2588.6,"-",1708.50,3298,51.80
4669,"Zahak 4.0",2588.0,"-",1029.50,2166,47.53
4670,"Raven 1.30",2587.9,"-",2175.00,4590,47.39
4671,"Philou 3.71",2587.6,"-",100.00,115,86.96
4672,"SOS 3 Arena",2587.3,"-",641.50,1167,54.97
4673,"Frenzee PSW",2587.2,"-",585.00,1046,55.93
4674,"Dumb 1.5",2587.0,"-",525.50,986,53.30
4675,"Tucano 2.00",2586.8,"-",1242.00,2382,52.14
4676,"Counter 2.5",2586.6,"-",1400.00,2944,47.55
4677,"DanaSah 6.50",2586.6,"-",1610.00,3262,49.36
4678,"Frenzee 3.0",2586.4,"-",2177.00,4466,48.75
4679,"Quazar 0.3",2586.3,"-",1155.50,2202,52.48
4680,"Philou 3.6.0",2586.3,"-",1078.00,2098,51.38
4681,"ProDeo 1.1",2585.4,"-",1658.50,3586,46.25
4682,"Chronos 1.9.6",2585.2,"-",2268.00,4604,49.26
4683,"DanaSah 5",2585.1,"-",3.00,6,50.00
4684,"Colossus 2007c",2585.0,"-",934.00,1953,47.82
4685,"Junior 5.0",2584.8,"-",582.00,1252,46.49
4686,"Scorpio 2.2",2584.8,"-",399.00,853,46.78
4687,"Crafty 22.10",2584.6,"-",149.50,290,51.55
4688,"Schooner 1.83",2584.6,"-",260.50,510,51.08
4689,"KnightX 2.9",2584.6,"-",375.50,898,41.82
4690,"Donna 3.0",2584.3,"-",1385.00,2746,50.44
4691,"Muse 0.953",2583.9,"-",2575.00,5344,48.18
4692,"EXchess 6.30b",2583.8,"-",629.50,1298,48.50
4693,"N2 v0.4",2583.5,"-",3942.50,7789,50.62
4694,"Lishex 1.0.0",2583.4,"-",407.50,856,47.61
4695,"ProDeo 1.87x",2582.6,"-",39.50,160,24.69
4696,"Tornado 3.21a",2582.0,"-",516.50,1112,46.45
4697,"Scorpio 1.7",2582.0,"-",958.50,1999,47.95
4698,"Tornado 3.16",2581.4,"-",104.50,219,47.72
4699,"Tornado 4.25",2581.2,"-",648.00,1196,54.18
4700,"Junior 6.1",2581.1,"-",81.50,236,34.53
4701,"GreKo 12.1",2581.1,"-",665.50,1346,49.44
4702,"KnightX 2.4",2581.1,"-",194.00,388,50.00
4703,"Crafty 22.4",2581.1,"-",451.50,953,47.38
4704,"Colossus 2008a",2580.9,"-",1740.50,3690,47.17
4705,"Nawito 1.1d",2580.8,"-",199.50,401,49.75
4706,"Rotor 0.6",2580.6,"-",3339.50,6641,50.29
4707,"Tornado 4.1",2580.6,"-",443.00,1292,34.29
4708,"Dimitri 4.99",2580.6,"-",429.00,842,50.95
4709,"Tornado 3.19a",2580.6,"-",513.00,1001,51.25
4710,"Pingu 2.0.0",2580.1,"-",957.00,1902,50.32
4711,"Kopyto 0.1.0",2579.8,"-",5.00,26,19.23
4712,"BugChess2 1.6.2",2579.2,"-",530.00,1067,49.67
4713,"GarboChess 3.0",2578.8,"-",1857.00,3773,49.22
4714,"DanaSah 5.07",2578.7,"-",1134.50,2197,51.64
4715,"Amira 1.71",2578.5,"-",698.50,1421,49.16
4716,"Critter 0.40",2578.4,"-",2726.00,5223,52.19
4717,"Delfi 5.0",2578.3,"-",1962.50,4352,45.09
4718,"Rengar 1.2.0",2577.9,"-",25.00,95,26.32
4719,"Lux 3.2",2577.9,"-",4.50,28,16.07
4720,"Cheng3 1.04",2577.4,"-",810.00,1642,49.33
4721,"Myrddin 0.89",2577.4,"-",1149.50,2318,49.59
4722,"Luna 2.0.0",2577.3,"-",1303.50,3046,42.79
4723,"Arasan 13.1",2576.7,"-",2187.00,4462,49.01
4724,"Philou 3.60",2576.7,"-",1193.50,2247,53.12
4725,"Deuterium 09.01.26.492",2576.6,"-",938.50,1841,50.98
4726,"Alfil 8.1",2576.4,"-",1151.00,2113,54.47
4727,"Betsabe II 1.96",2576.0,"-",1067.00,2175,49.06
4728,"Scorpio 16X5",2576.0,"-",102.50,249,41.16
4729,"Crafty 21.6",2575.5,"-",279.00,591,47.21
4730,"Zurichess Glarus",2575.2,"-",1296.50,2569,50.47
4731,"Junior 6",2575.2,"-",985.50,1904,51.76
4732,"Atlas 3.25",2575.2,"-",1722.50,3446,49.99
4733,"DanaSah 6.2",2574.9,"-",528.50,1100,48.05
4734,"Francesca MAD 0.19",2574.9,"-",3049.00,6079,50.16
4735,"Ruffian 1.0.1",2574.8,"-",1743.00,3372,51.69
4736,"Minic 0.43",2574.7,"-",525.00,956,54.92
4737,"Alfil 11",2574.4,"-",772.50,1747,44.22
4738,"WildCat 6.0",2574.3,"-",2182.00,4407,49.51
4739,"Galjoen 0.40",2574.2,"-",2481.50,4810,51.59
4740,"Cheng3 v1.04",2574.2,"-",249.50,490,50.92
4741,"JackyChess 0.14.3",2573.8,"-",12.00,19,63.16
4742,"Petir 4.72",2573.7,"-",1499.50,3066,48.91
4743,"Drofa 2.1.0",2573.3,"-",195.50,376,51.99
4744,"Pseudo 0.7c",2573.2,"-",6534.00,13471,48.50
4745,"Spike 0.9a",2573.2,"-",2019.50,4058,49.77
4746,"SOS 4 Arena",2573.1,"-",1145.00,2176,52.62
4747,"Deuterium 10.01",2573.0,"-",4.00,10,40.00
4748,"Hedgehog 2.407",2572.4,"-",992.50,2214,44.83
4749,"Wasabi 1.5.0",2572.4,"-",809.00,1571,51.50
4750,"Cheng 3 v1.04",2572.4,"-",594.00,1099,54.05
4751,"GreKo 12.0",2572.3,"-",722.50,1490,48.49
4752,"Sjeng 1.6",2572.3,"-",1266.50,2925,43.30
4753,"Cheese 1.6",2571.1,"-",978.50,1995,49.05
4754,"Movei 00.8.421",2571.1,"-",283.00,575,49.22
4755,"Eubos 4.0",2571.0,"-",825.00,1577,52.31
4756,"List 5.04",2570.9,"-",702.50,1754,40.05
4757,"Andscacs 0.62u",2570.8,"-",598.00,1362,43.91
4758,"Pharaon 3.6",2570.7,"-",33.00,83,39.76
4759,"RedQueen 0.9.5",2570.6,"-",581.50,1083,53.69
4760,"Aristarch 4.50",2570.2,"-",14509.00,30779,47.14
4761,"Eubos 4.1",2570.1,"-",434.50,1013,42.89
4762,"SOS 5.1",2569.8,"-",5203.00,10985,47.36
4763,"Tofiks 1.4.0",2568.2,"-",10.00,60,16.67
4764,"Maverick 1.5",2567.8,"-",4460.50,8989,49.62
4765,"SlowChessBlitz Blitz WV",2567.7,"-",1089.00,2274,47.89
4766,"Shredder 6.02 Paderborn",2567.4,"-",157.00,341,46.04
4767,"Rebel 12",2567.4,"-",211.50,575,36.78
4768,"Capivara LK 0.09b02f",2567.0,"-",1022.00,2069,49.40
4769,"Puffin 1.0.0",2566.6,"-",714.00,1430,49.93
4770,"Jonny 2.82",2566.5,"-",409.50,820,49.94
4771,"GreKo 12.9",2566.5,"-",1698.00,3334,50.93
4772,"Hiarcs 7.32",2566.4,"-",807.50,1722,46.89
4773,"Leorik 2.0.2",2566.3,"-",456.50,912,50.05
4774,"Phalanx XXIV",2565.7,"-",1727.50,3158,54.70
4775,"GreKo PSQ 1.0",2565.6,"-",107.00,392,27.30
4776,"Counter 2.0.2",2565.3,"-",438.00,863,50.75
4777,"GreKo 12.5",2565.3,"-",765.50,1570,48.76
4778,"Chess Jai 1.0",2565.1,"-",56.50,156,36.22
4779,"SOS 5.1 for Arena",2564.9,"-",1466.00,3493,41.97
4780,"Francesca MAD 0.18",2564.9,"-",1049.00,2020,51.93
4781,"Petir 4.39",2564.9,"-",3617.50,7354,49.19
4782,"Counter 2.1.0",2564.8,"-",735.50,1580,46.55
4783,"WildCat 6",2564.5,"-",980.50,1904,51.50
4784,"Capivara LK 0.09b02c",2564.2,"-",1419.50,2608,54.43
4785,"Meltdown 1.6",2564.2,"-",432.50,860,50.29
4786,"Naum 1.8",2564.2,"-",696.50,1339,52.02
4787,"Colossus 2007b",2564.2,"-",1478.00,3030,48.78
4788,"Chronos 1.9.5",2563.7,"-",185.00,366,50.55
4789,"Cheng3 1.06",2563.7,"-",172.50,345,50.00
4790,"Djinn 0.979",2563.6,"-",1037.00,2096,49.48
4791,"Naum 1.82",2563.3,"-",1478.50,3295,44.87
4792,"Raven 1.20",2563.3,"-",1140.50,2280,50.02
4793,"Jellyfish 1.0",2563.3,"-",2240.50,4276,52.40
4794,"GreKo 13.1",2563.3,"-",600.50,1262,47.58
4795,"Donna 2.1",2563.1,"-",2288.50,4308,53.12
4796,"Hamsters 0.6",2563.1,"-",3748.50,7340,51.07
4797,"Cyrano 0.5",2562.8,"-",1910.50,3743,51.04
4798,"Arasan 12.3",2562.6,"-",1376.00,2699,50.98
4799,"Colossus 2007a",2562.5,"-",1577.50,3466,45.51
4800,"Midnight 4",2562.0,"-",24.50,89,27.53
4801,"Berserk 2.0.0",2562.0,"-",586.50,894,65.60
4802,"Jonny 2.84",2561.9,"-",280.50,623,45.02
4803,"Donna 2.0",2561.8,"-",461.00,923,49.95
4804,"Dorky 4.8",2561.7,"-",4090.00,8449,48.41
4805,"Chiron v0.8.1b10.61",2560.8,"-",267.00,503,53.08
4806,"Booot 4.13.1",2560.8,"-",1883.00,3732,50.46
4807,"Rebel 2000",2560.7,"-",481.00,898,53.56
4808,"JackyChess 24.04",2560.6,"-",10.50,16,65.63
4809,"Alfil 14.1",2560.6,"-",3.00,23,13.04
4810,"Chess Tiger 12 DOS",2560.4,"-",107.50,208,51.68
4811,"ProDeo 1.1 Silver",2560.4,"-",128.50,250,51.40
4812,"The Baron 2.23",2560.0,"-",5191.00,10901,47.62
4813,"Gandalf 4.32h",2559.8,"-",637.50,1326,48.08
4814,"Petrel 1.3",2559.0,"-",7.00,36,19.44
4815,"Lux 4.0",2558.5,"-",929.50,1900,48.92
4816,"Rodin 6.0",2558.4,"-",2257.00,4701,48.01
4817,"Delfi 4.6",2557.8,"-",1412.00,3108,45.43
4818,"Amira 1.61",2557.6,"-",453.50,969,46.80
4819,"Sloppy 0.20",2557.6,"-",1200.00,2525,47.52
4820,"Dimitri 4.90",2557.5,"-",515.50,1021,50.49
4821,"Philou 3.5.1",2557.5,"-",949.50,1837,51.69
4822,"CeeChess 2.0",2557.5,"-",402.00,818,49.14
4823,"Aristarch 4.51",2557.2,"-",806.50,1702,47.39
4824,"Gandalf 4.32",2557.2,"-",466.50,1039,44.90
4825,"Pharaon 3.3",2557.1,"-",5506.50,12672,43.45
4826,"paulchen332 0.1.1",2556.9,"-",2206.00,4501,49.01
4827,"Capivara LK 0.09b02d",2556.1,"-",704.50,1348,52.26
4828,"GreKo 10.3",2556.1,"-",240.50,450,53.44
4829,"Crafty 22.0",2556.0,"-",213.00,487,43.74
4830,"Alfil 11 MT",2555.5,"-",171.50,364,47.12
4831,"Tcheran 4.0",2555.2,"-",907.50,1823,49.78
4832,"Crafty 20.14",2555.0,"-",2173.00,4748,45.77
4833,"Crafty Cito 1.4.3",2554.5,"-",432.50,937,46.16
4834,"DanaSah 4.60",2554.1,"-",204.00,410,49.76
4835,"The Baron 1.8.1",2553.7,"-",2230.50,4748,46.98
4836,"Cheese 1.6.1",2553.5,"-",805.50,1585,50.82
4837,"Glass 1.7",2553.5,"-",2538.00,5228,48.55
4838,"Alfil 8.11",2553.2,"-",982.00,1856,52.91
4839,"Abrok 6.0",2553.1,"-",26.50,36,73.61
4840,"Tornado 3.42a",2552.6,"-",179.00,369,48.51
4841,"Colossus 2006f",2552.5,"-",1996.00,4227,47.22
4842,"Supernova 2.2",2552.1,"-",491.00,944,52.01
4843,"Movei 00.8.418",2552.0,"-",1030.00,2200,46.82
4844,"SOS 5.1 Arena",2552.0,"-",932.00,1979,47.09
4845,"Scorpio 1.6",2552.0,"-",348.00,774,44.96
4846,"Gandalf 5",2551.7,"-",86.00,202,42.57
4847,"Amyan 1.61",2551.6,"-",721.00,1197,60.23
4848,"Avalanche 0.2.1",2551.2,"-",324.50,632,51.34
4849,"K2 0.83",2551.2,"-",2245.50,4553,49.32
4850,"nanoSzachy 4.1",2550.7,"-",3375.50,7194,46.92
4851,"Detroid 1.0.1",2550.3,"-",2055.00,3840,53.52
4852,"Jonny 2.82-2.83",2550.0,"-",708.50,1555,45.56
4853,"Rodent 0.10",2549.8,"-",157.00,301,52.16
4854,"Capivara LK 0.09b02g",2549.8,"-",1758.50,3765,46.71
4855,"Tucano 1.04",2549.7,"-",373.50,688,54.29
4856,"Princhess 0.11.0",2549.5,"-",1237.00,2544,48.62
4857,"Schooner 1.8.0",2549.3,"-",1314.50,2804,46.88
4858,"Arasan 12.0",2549.1,"-",1682.00,3499,48.07
4859,"Glaurung 0.2.4",2548.2,"-",464.50,933,49.79
4860,"Nimzo 8 y14",2547.9,"-",408.00,959,42.54
4861,"Jonny 2.83",2547.8,"-",2575.00,5520,46.65
4862,"Tornado 2.2",2547.7,"-",2629.50,5230,50.28
4863,"DanaSah 4.88",2547.5,"-",2417.00,4704,51.38
4864,"Dirty ACCA4",2547.4,"-",350.00,697,50.22
4865,"BugChess2 1.5.2",2547.3,"-",1081.50,2156,50.16
4866,"Sloppy 0.1.1",2547.3,"-",183.50,383,47.91
4867,"The Baron 2.8",2547.3,"-",1302.00,2714,47.97
4868,"Frenzee 2.0",2547.2,"-",907.00,1929,47.02
4869,"Glaurung Mainz",2547.0,"-",1070.00,2379,44.98
4870,"Myrddin 0.88",2546.9,"-",974.00,1967,49.52
4871,"Crafty Cito 1.4.2",2546.9,"-",429.50,993,43.25
4872,"Heimdall 0.1",2546.8,"-",14.50,95,15.26
4873,"Anaconda 2.0.1",2546.7,"-",4050.50,8402,48.21
4874,"Arasan 11.7",2546.6,"-",1742.50,3754,46.42
4875,"4ku 1.1",2546.5,"-",270.50,562,48.13
4876,"Fatalii 0.8.0",2546.5,"-",1339.00,2791,47.98
4877,"Tornado 3.12",2546.3,"-",258.50,498,51.91
4878,"Ktulu 4.2",2545.6,"-",2464.00,5227,47.14
4879,"Petir 4.9999",2545.4,"-",581.00,1230,47.24
4880,"Marvin 2.1.0",2545.0,"-",1294.50,2624,49.33
4881,"ClassicAra 0.9.9",2544.6,"-",448.00,1037,43.20
4882,"Betsabe II 1.84",2544.1,"-",2070.50,4201,49.29
4883,"Booot 4.13.0",2544.0,"-",185.50,363,51.10
4884,"GreKo 9.2",2543.5,"-",1098.00,2151,51.05
4885,"CT800 1.44",2543.5,"-",1112.00,2265,49.09
4886,"Tuna 1.0.0",2543.0,"-",5.00,52,9.62
4887,"Crafty 22.1",2542.9,"-",702.50,1462,48.05
4888,"Counter 2.0.1",2542.8,"-",1267.00,2715,46.67
4889,"Dirty 11D-27",2542.8,"-",915.50,1839,49.78
4890,"Weiss 0.7",2542.6,"-",928.50,2075,44.75
4891,"Protej 0.6.0",2542.5,"-",441.00,860,51.28
4892,"DanaSah 5.00",2541.9,"-",802.50,1580,50.79
4893,"Philou 3.5.0",2541.5,"-",821.00,1500,54.73
4894,"CuckooChess 1.11",2541.5,"-",1423.00,2832,50.25
4895,"Blunder 7.4.0",2541.2,"-",478.50,901,53.11
4896,"WyldChess 1.3",2541.1,"-",192.50,380,50.66
4897,"Jumbo 0.7.0",2541.0,"-",2318.00,4704,49.28
4898,"Rotor 0.5",2540.8,"-",3352.50,6566,51.06
4899,"AnMon 5.75",2540.6,"-",9154.50,19049,48.06
4900,"Arasan 12.1",2540.6,"-",799.50,1594,50.16
4901,"nanoSzachy 4.0",2540.6,"-",3259.50,6823,47.77
4902,"FrankWalter 2.4.0",2539.6,"-",2088.50,4104,50.89
4903,"Arasan 11.6",2539.6,"-",897.00,1885,47.59
4904,"Leorik 2.0",2539.4,"-",301.00,564,53.37
4905,"Movei 0.08.403",2539.4,"-",332.50,651,51.08
4906,"Ufim 8.02",2539.1,"-",10469.00,20850,50.21
4907,"Jumbo 0.6.107",2539.1,"-",1299.00,2606,49.85
4908,"Pirarucu 2.1.1",2539.1,"-",219.50,422,52.01
4909,"Movei 00.8.397",2539.0,"-",272.00,509,53.44
4910,"Movei 00.8.403",2538.4,"-",1618.00,3345,48.37
4911,"Crafty 21.5",2537.9,"-",1048.50,2279,46.01
4912,"Velvet 1.0.0",2537.8,"-",698.00,1384,50.43
4913,"Schooner 1.8",2537.5,"-",1231.00,2464,49.96
4914,"Ghost 3",2537.4,"-",913.50,1849,49.41
4915,"Petir 3.99d",2537.4,"-",1336.00,2637,50.66
4916,"Zappa 1.0",2537.1,"-",1323.00,2814,47.01
4917,"Shredder 5.32",2536.8,"-",332.50,780,42.63
4918,"ClassicAra 0.9.0",2536.7,"-",65.00,312,20.83
4919,"Fritz 6 Light",2536.6,"-",752.00,1502,50.07
4920,"Thinker 4.7a",2536.6,"-",3281.00,6675,49.15
4921,"Dimitri 5.2.3",2536.3,"-",897.50,1943,46.19
4922,"SmarThink 0.17a",2536.3,"-",3125.00,6557,47.66
4923,"Ufim 8.00",2536.3,"-",1376.50,2814,48.92
4924,"Naraku 1.2",2536.0,"-",1538.00,3341,46.03
4925,"Fritz 5.32",2535.7,"-",3119.00,6241,49.98
4926,"Petir 3.9",2535.3,"-",346.00,648,53.40
4927,"tomitankChess 1.5",2535.2,"-",712.50,1437,49.58
4928,"Nebula 1.5",2535.0,"-",1053.00,2001,52.62
4929,"Amyan 1.62",2534.9,"-",920.00,1729,53.21
4930,"Rhetoric 1.1",2534.9,"-",1475.50,2950,50.02
4931,"DanaSah 4.66",2534.4,"-",1349.00,2771,48.68
4932,"Maverick 1.0",2534.1,"-",1791.00,3374,53.08
4933,"Movei 00.8.383",2534.1,"-",273.50,538,50.84
4934,"Princhess 0.14.0",2534.0,"-",1.00,22,4.55
4935,"Atlas 3.20",2533.9,"-",251.00,410,61.22
4936,"JikChess 0.02",2532.9,"-",3266.00,6467,50.50
4937,"Hakkapeliitta 1.0",2532.7,"-",1448.00,2963,48.87
4938,"Willow 2.6",2532.5,"-",272.50,689,39.55
4939,"Francesca MAD 0.15",2532.5,"-",1019.50,2057,49.56
4940,"Ghost 3.1",2532.2,"-",3443.00,7181,47.95
4941,"Ufim 8.01",2532.1,"-",1070.50,2203,48.59
4942,"Sjakk v2.1",2531.9,"-",764.00,1497,51.04
4943,"Weiawaga 4.0",2531.7,"-",831.00,1639,50.70
4944,"Philou 3.5",2531.5,"-",452.50,930,48.66
4945,"Fridolin 2.00",2531.1,"-",5503.00,10678,51.54
4946,"BugChess2 1.5.1",2531.0,"-",182.50,369,49.46
4947,"Shredder 4",2530.9,"-",89.50,161,55.59
4948,"Stash 20.0.1",2530.9,"-",249.00,475,52.42
4949,"Delfi 4.5",2530.7,"-",627.50,1429,43.91
4950,"Tornado 3.42",2530.7,"-",151.00,350,43.14
4951,"Gandalf 5.1",2530.5,"-",1068.00,2234,47.81
4952,"Pharaon 3.2",2530.1,"-",554.50,1277,43.42
4953,"Pupsi2 0.09",2529.9,"-",2485.50,5115,48.59
4954,"Hermann 2.8",2529.9,"-",4729.50,9940,47.58
4955,"Rodin 5.0",2529.9,"-",401.50,799,50.25
4956,"FabChess 1.9",2529.5,"-",189.50,345,54.93
4957,"Movei 00.8.352",2528.9,"-",626.00,1265,49.49
4958,"Axolotl 1.9",2528.3,"-",1929.00,3963,48.68
4959,"Euwe 1.0",2528.1,"-",32.50,75,43.33
4960,"Coiled 0.4",2527.8,"-",1865.50,3554,52.49
4961,"Delfi 4.51",2527.8,"-",472.00,1033,45.69
4962,"EXchess 6.10b",2527.3,"-",149.00,296,50.34
4963,"Rodin 5.1",2527.1,"-",1854.50,3636,51.00
4964,"Raven 1.10",2526.8,"-",927.50,1822,50.91
4965,"Gogobello 1.1",2526.2,"-",1748.50,3091,56.57
4966,"Tofiks 1.5.0",2526.2,"-",9.00,36,25.00
4967,"Dirty 6J-22",2526.1,"-",1504.50,2917,51.58
4968,"chess22k 1.3",2526.1,"-",580.00,1044,55.56
4969,"Lc0 0.10",2525.9,"-",188.50,600,31.42
4970,"DanaSah 5.06",2525.6,"-",516.00,991,52.07
4971,"Nimzo 7.32",2525.6,"-",692.50,1373,50.44
4972,"Lynx 1.0.0",2525.6,"-",45.00,222,20.27
4973,"AnMon 5.66",2525.6,"-",3074.50,6436,47.77
4974,"Sjakk 2.1",2525.6,"-",583.50,1183,49.32
4975,"Orion 0.5",2525.5,"-",2890.00,5922,48.80
4976,"StockNemo 4.0.0.1",2525.3,"-",19.00,100,19.00
4977,"Glaurung 0.2.3",2525.3,"-",431.00,976,44.16
4978,"GreKo 9.0",2525.1,"-",766.00,1547,49.52
4979,"Arasan 11.5",2524.7,"-",826.50,1732,47.72
4980,"Crafty Cito 2.0",2524.6,"-",2.00,7,28.57
4981,"Supernova 2.2.1",2523.9,"-",189.00,378,50.00
4982,"Pepito v1.59.2",2523.5,"-",638.00,1349,47.29
4983,"Petir 3.95",2523.4,"-",776.00,1618,47.96
4984,"Gaviota 0.80",2522.7,"-",2864.00,5509,51.99
4985,"Caligula 0.8",2522.6,"-",1739.00,3541,49.11
4986,"Clovis 1.7",2522.4,"-",922.00,1721,53.57
4987,"Scorpio 1.5",2522.0,"-",333.50,753,44.29
4988,"Scorpio 1.3-1.5",2521.6,"-",593.50,1225,48.45
4989,"GreKo 8.2",2521.5,"-",2094.00,3991,52.47
4990,"RubiChess 0.9",2521.3,"-",774.00,1504,51.46
4991,"Shield 1.3.1",2521.1,"-",1032.00,2095,49.26
4992,"Zeppelin 0.2.0",2520.4,"-",2.00,20,10.00
4993,"Topple 0.3.1",2520.3,"-",461.50,1031,44.76
4994,"GreKo 9.6",2520.1,"-",304.50,693,43.94
4995,"Admete 1.5.0",2520.0,"-",2208.00,4773,46.26
4996,"Cheng3 1.03",2519.9,"-",847.50,1623,52.22
4997,"CuckooChess 1.09",2519.8,"-",170.50,329,51.82
4998,"OliThink 5.6.9",2519.7,"-",272.50,573,47.56
4999,"Eubos 3.9",2519.5,"-",509.50,1001,50.90
5000,"Galjoen 0.41.2",2519.4,"-",698.00,1560,44.74
5001,"tomitankChess 1.4",2518.7,"-",831.50,1515,54.88
5002,"AnMon 5.50",2518.4,"-",4642.50,10001,46.42
5003,"Francesca MAD 0.16",2518.2,"-",864.00,1848,46.75
5004,"Tornado 2.1.41a",2517.2,"-",314.50,619,50.81
5005,"Ktulu 5.1",2516.3,"-",433.50,1055,41.09
5006,"Arasan 12.2",2516.2,"-",617.50,1415,43.64
5007,"Nalwald 1.8.1",2516.0,"-",280.00,471,59.45
5008,"Cheese 1.5",2515.7,"-",1793.00,3663,48.95
5009,"Rebel 3",2515.5,"-",78.50,168,46.73
5010,"Hermann 2.6",2515.2,"-",4253.50,8780,48.45
5011,"Svart 2.0",2515.1,"-",38.50,123,31.30
5012,"Odonata 0.5.1",2514.8,"-",841.00,1708,49.24
5013,"WildCat 5.0",2514.6,"-",928.00,2021,45.92
5014,"GreKo 10.2",2514.3,"-",170.00,343,49.56
5015,"WildCat 5",2514.3,"-",901.50,1843,48.91
5016,"Twisted Logic 0.080b26",2514.1,"-",239.00,507,47.14
5017,"Tornado 3.02",2513.7,"-",698.50,1498,46.63
5018,"E.T. Chess 18.11.05",2513.3,"-",1572.50,2917,53.91
5019,"Tarnished 1.0 Renown",2513.3,"-",480.50,924,52.00
5020,"Crafty 18.15",2513.2,"-",136.50,306,44.61
5021,"Tao 5.7",2513.2,"-",7266.00,15613,46.54
5022,"AnMon 5.60",2512.6,"-",4750.50,10012,47.45
5023,"GreKo 10.3.1",2512.6,"-",903.00,1960,46.07
5024,"Crafty 20.11",2512.3,"-",489.50,1095,44.70
5025,"ECE X",2512.2,"-",878.50,1511,58.14
5026,"Tao 5.7 b04",2512.0,"-",749.00,1472,50.88
5027,"Twisted Logic 0",2511.7,"-",131.50,266,49.44
5028,"Betsabe II 1.75",2511.4,"-",935.50,1868,50.08
5029,"GreKo 10.0",2511.3,"-",620.50,1260,49.25
5030,"ChessGM 0.7.0",2511.3,"-",807.00,1766,45.70
5031,"Movei 00.8.378",2510.9,"-",258.50,519,49.81
5032,"Arasan 11.0",2510.9,"-",171.00,358,47.77
5033,"Pupsi2 v.0.09",2510.8,"-",598.00,1180,50.68
5034,"Pepito 1.59.2",2510.3,"-",3378.00,7001,48.25
5035,"KnightX 2.1b",2510.1,"-",34.50,100,34.50
5036,"Crafty Cito 1.2",2510.1,"-",297.00,703,42.25
5037,"akimbo 0.2.0",2509.4,"-",225.00,548,41.06
5038,"Prophet 4.4",2509.1,"-",303.00,780,38.85
5039,"FabChess 1.9.1",2508.9,"-",398.50,766,52.02
5040,"Chiron B",2508.6,"-",389.00,760,51.18
5041,"Sloppy 0.1.0",2508.3,"-",166.50,321,51.87
5042,"DanaSah 4.24",2508.1,"-",2135.00,4383,48.71
5043,"Soldat 4",2507.5,"-",83.50,117,71.37
5044,"Bagatur 1.5f",2507.1,"-",839.50,1745,48.11
5045,"Cheng3 v1.03",2506.8,"-",254.00,498,51.00
5046,"DanChess CCT7",2506.7,"-",1383.00,2913,47.48
5047,"Peacekeeper 1.20",2506.1,"-",662.50,1331,49.77
5048,"Djinn 0.971",2505.4,"-",582.00,999,58.26
5049,"Ethereal 7.70",2505.3,"-",179.00,364,49.18
5050,"Tornado 3.07",2505.3,"-",129.50,270,47.96
5051,"Colossus 2006e",2504.9,"-",213.00,415,51.33
5052,"Marvin 2.0.0",2504.4,"-",1483.50,2792,53.13
5053,"Green Light Chess 3",2504.0,"-",4952.00,10407,47.58
5054,"Gaviota 0.81",2503.7,"-",3.00,10,30.00
5055,"Viper 0.1",2503.6,"-",1813.00,3399,53.34
5056,"Movei 00.8",2503.5,"-",247.50,506,48.91
5057,"Stash 19.0",2503.5,"-",503.00,928,54.20
5058,"Scorpio 1.4",2503.3,"-",260.50,630,41.35
5059,"Hermann 2.5",2503.0,"-",2427.50,5120,47.41
5060,"Ares 2.3.14",2503.0,"-",1083.50,2515,43.08
5061,"OliThink 5.6.0",2502.7,"-",77.50,160,48.44
5062,"Meltdown 1.5",2502.4,"-",232.50,480,48.44
5063,"Chiron C 03/03/06",2502.4,"-",36.00,66,54.55
5064,"Colossus 2006b",2502.1,"-",782.50,1517,51.58
5065,"KnightX 2.3",2502.0,"-",738.50,1470,50.24
5066,"Movei 00.8.402",2501.9,"-",134.00,319,42.01
5067,"Cyberpagno 3.0",2501.4,"-",4256.00,8339,51.04
5068,"Little Goliath Evolution 3.12",2501.3,"-",5549.00,11435,48.53
5069,"FoxSEE 8.2",2501.2,"-",1877.50,4142,45.33
5070,"Bagatur 1.5g",2500.5,"-",320.50,678,47.27
5071,"FrankWalter 2.3.5",2500.4,"-",266.00,557,47.76
5072,"Colossus 2006c",2500.3,"-",1055.50,1918,55.03
5073,"AnMon 5.53",2500.2,"-",642.00,1607,39.95
5074,"SlowChessBlitz 2.96",2500.1,"-",105.50,250,42.20
5075,"Yace Paderborn 2003",2500.1,"-",1434.50,3183,45.07
5076,"Hamsters 0.5",2499.5,"-",682.50,1412,48.34
5077,"Naum 1.71",2499.5,"-",2913.50,6519,44.69
5078,"Hermann 2.4",2499.2,"-",2432.00,5265,46.19
5079,"Viridithas 2.4.0",2499.1,"-",465.00,917,50.71
5080,"Booot 4.12.1",2498.8,"-",391.00,825,47.39
5081,"Bagatur 1.6c",2498.8,"-",557.50,1151,48.44
5082,"Colossus 2006d",2498.8,"-",1054.50,2358,44.72
5083,"DanaSah 3.13",2498.6,"-",5.00,10,50.00
5084,"BugChess2 1.5",2498.6,"-",171.50,340,50.44
5085,"Movei 00.8.337",2498.3,"-",142.00,344,41.28
5086,"Frenzee 3.0.0",2498.2,"-",428.50,898,47.72
5087,"Eidolon 0.1.0",2497.6,"-",13.50,35,38.57
5088,"GreKo 9.7",2497.6,"-",836.00,1958,42.70
5089,"Eubos 3.8.1",2496.8,"-",467.00,981,47.60
5090,"DanaSah 4.45",2496.6,"-",588.00,1253,46.93
5091,"Bagatur 1.5e",2496.5,"-",812.00,1588,51.13
5092,"Zeppelin 1.4.1",2496.5,"-",3.50,16,21.88
5093,"Clovis 1.6",2496.5,"-",461.50,846,54.55
5094,"KnightX 1.98",2496.4,"-",1585.00,3110,50.96
5095,"Clockwork 1",2496.1,"-",3.00,50,6.00
5096,"Dorky 4.5",2496.1,"-",2488.00,5032,49.44
5097,"Crafty 17.xx",2496.0,"-",741.50,1986,37.34
5098,"Fornax 4.0",2495.9,"-",2373.00,4872,48.71
5099,"Raven 1.0",2495.9,"-",571.00,1162,49.14
5100,"Pepito v1.59",2495.7,"-",1563.00,3276,47.71
5101,"Twisted Logic 0.065e35",2495.6,"-",150.50,299,50.33
5102,"Arasan 10.3",2495.5,"-",501.50,1107,45.30
5103,"Rodin 4.0",2495.4,"-",3110.50,6399,48.61
5104,"DanaSah 4.37",2495.1,"-",942.00,1980,47.58
5105,"Jumbo 0.6.117",2495.1,"-",3.50,38,9.21
5106,"Wahoo 2.0.1",2494.8,"-",52.50,170,30.88
5107,"Movei 00.8.353",2494.8,"-",289.00,576,50.17
5108,"Zurichess Geneva",2494.6,"-",1425.50,3038,46.92
5109,"Frenzee 1.1",2494.6,"-",212.00,425,49.88
5110,"DanaSah 3.97",2494.3,"-",845.00,1500,56.33
5111,"Nimzo 8",2494.1,"-",1308.50,3241,40.37
5112,"Pupsi2 0.08",2493.7,"-",1711.50,3385,50.56
5113,"Nimzo '99",2493.7,"-",112.50,199,56.53
5114,"Arasan 11.2",2493.4,"-",246.50,583,42.28
5115,"Gaviota 0.8",2493.4,"-",3.00,12,25.00
5116,"WyldChess 1.1",2492.9,"-",232.50,490,47.45
5117,"Crafty 18.xx",2492.9,"-",356.50,1142,31.22
5118,"nanoSzachy 3.7",2492.8,"-",69.00,129,53.49
5119,"FoxSEE 8",2492.4,"-",7.00,78,8.97
5120,"Calvin 3.3.0",2492.2,"-",426.50,802,53.18
5121,"Frenzee 1.0",2491.9,"-",23.00,50,46.00
5122,"pounce 1.2.4",2491.6,"-",436.50,896,48.72
5123,"Trace 1.37a",2491.6,"-",6080.50,12663,48.02
5124,"CT800 1.43",2491.4,"-",988.50,2117,46.69
5125,"Movei 0.08.358",2491.3,"-",467.00,988,47.27
5126,"Prophet 4.3",2491.3,"-",1446.50,2986,48.44
5127,"Barbarossa 0.7.0",2491.2,"-",1123.50,2280,49.28
5128,"Chiron A 03/03/06",2491.2,"-",246.50,495,49.80
5129,"NirvanaChess 1.1",2491.0,"-",2159.00,4325,49.92
5130,"Winter 0.1",2491.0,"-",1291.00,2721,47.45
5131,"Crafty Cito 1.4-1.4.1",2491.0,"-",428.50,912,46.98
5132,"Yace 0.99.87",2490.5,"-",6688.00,14222,47.03
5133,"pikoSzachy 4.1",2490.5,"-",901.50,1802,50.03
5134,"Sapling 1-1-5",2490.3,"-",5.50,39,14.10
5135,"Asymptote 0.3",2489.9,"-",1259.00,2309,54.53
5136,"Chiron B 03/03/06",2489.7,"-",146.50,297,49.33
5137,"Dimitri 4.77",2489.2,"-",486.50,947,51.37
5138,"Frenzee 300",2489.1,"-",131.00,269,48.70
5139,"Francesca MAD 0.14",2488.8,"-",349.50,630,55.48
5140,"Petir 3.57",2488.7,"-",716.00,1451,49.35
5141,"nanoSzachy 3.9",2488.4,"-",1906.00,3803,50.12
5142,"CuckooChess 1.10",2488.2,"-",689.00,1606,42.90
5143,"Arcanum 2.0",2488.1,"-",457.00,886,51.58
5144,"Anaconda 1.0",2487.9,"-",515.00,1163,44.28
5145,"DanaSah 3.97b",2487.8,"-",358.00,748,47.86
5146,"Kreveta 2.2.3",2487.8,"-",2.00,56,3.57
5147,"Ghost 2.0.2",2487.7,"-",490.00,986,49.70
5148,"Zarkov 5",2487.6,"-",1043.50,1993,52.36
5149,"Bagatur 1.6",2487.5,"-",258.00,520,49.62
5150,"Trace 1.36",2487.5,"-",1384.50,2750,50.35
5151,"Philou 3.51",2487.4,"-",2.50,6,41.67
5152,"Crafty 19.19",2487.2,"-",210.50,436,48.28
5153,"Movei 00.8.295",2486.9,"-",413.50,917,45.09
5154,"Tao 5.6",2486.8,"-",7167.00,14366,49.89
5155,"Betsabe II 1.66",2486.4,"-",1376.00,2685,51.25
5156,"FoxSEE 7.32.1",2486.1,"-",295.50,621,47.58
5157,"Zarkov 4.75",2486.0,"-",784.50,1785,43.95
5158,"Arasan 11.4",2485.7,"-",487.00,1055,46.16
5159,"Hiarcs 6.0",2485.1,"-",108.50,196,55.36
5160,"The Baron 1.7.1b9",2484.9,"-",170.00,399,42.61
5161,"N2 0.1",2484.8,"-",291.00,555,52.43
5162,"Ufim 7.01",2484.8,"-",1497.50,3380,44.30
5163,"Critter 0.39a",2484.7,"-",410.00,869,47.18
5164,"ECE X2",2484.7,"-",713.00,1358,52.50
5165,"Pepito 1.59",2484.6,"-",1720.00,3434,50.09
5166,"Tornado 2.1.37a",2484.5,"-",1024.00,1964,52.14
5167,"Junior 5",2484.5,"-",405.50,779,52.05
5168,"Anka 0.63",2484.4,"-",47.50,100,47.50
5169,"Arasan 10.2",2484.2,"-",641.00,1351,47.45
5170,"Twisted Logic 0.085",2484.2,"-",459.50,1003,45.81
5171,"Jumbo 0.6.96",2483.7,"-",1185.00,2294,51.66
5172,"Eubos 3.7",2483.6,"-",552.50,1363,40.54
5173,"Eggnog 6",2483.2,"-",541.00,978,55.32
5174,"WyldChess 1.0",2483.1,"-",526.00,887,59.30
5175,"Pupsi2 v.0.08",2482.9,"-",435.50,847,51.42
5176,"Petir 3.82",2482.7,"-",355.00,784,45.28
5177,"Ares 2.5",2482.6,"-",886.50,1880,47.15
5178,"Philou 3.1.4.1",2482.6,"-",368.00,788,46.70
5179,"Tcheran 2.5",2481.7,"-",8.50,58,14.66
5180,"Green Light Chess 3.00",2481.4,"-",792.50,1578,50.22
5181,"Movei 00.8.373",2481.2,"-",240.50,521,46.16
5182,"BBChess 1.3b",2480.9,"-",3810.50,7766,49.07
5183,"Lynx 1.1.0",2480.4,"-",772.50,1686,45.82
5184,"Winter 0.1.1",2480.1,"-",876.50,1756,49.91
5185,"GreKo 8.1.1",2479.8,"-",343.50,684,50.22
5186,"The Baron 1.6.1",2479.7,"-",491.50,1169,42.04
5187,"Tcheran 3.0",2479.6,"-",858.50,1827,46.99
5188,"Blunder 7.3.0",2479.5,"-",484.50,1000,48.45
5189,"Movei 00.8.351",2479.3,"-",154.50,318,48.58
5190,"Renegade 0.10.0",2479.3,"-",766.00,1509,50.76
5191,"Yace Paderborn",2478.6,"-",27.50,82,33.54
5192,"Frolic 1.9",2478.4,"-",725.00,1417,51.16
5193,"Delphil 2.9a",2478.2,"-",565.50,1183,47.80
5194,"The Baron 1.7.0",2478.1,"-",1933.50,4165,46.42
5195,"NoC 4.20",2478.1,"-",2479.50,4589,54.03
5196,"Gandalf 4.32f",2477.9,"-",123.50,272,45.40
5197,"KnightX 1.97a",2477.9,"-",255.50,498,51.31
5198,"Stash 18.1",2477.7,"-",1010.50,1611,62.73
5199,"Movei 00.8.358",2477.6,"-",437.50,1027,42.60
5200,"KnightX 1.97",2477.5,"-",752.00,1300,57.85
5201,"pawnocchio 1.1",2476.9,"-",298.00,657,45.36
5202,"Horowitz 1.0",2476.7,"-",13.00,24,54.17
5203,"Pawny 0.3.1",2476.5,"-",946.50,1971,48.02
5204,"Gothmog 1.0b10",2476.5,"-",1568.50,2987,52.51
5205,"Jumbo 0.6.51",2476.2,"-",188.00,390,48.21
5206,"Arasan 11.3",2476.1,"-",2108.50,6000,35.14
5207,"Magnum Chess 4.00",2476.1,"-",887.00,1597,55.54
5208,"GarboChess 2.01",2476.0,"-",475.50,888,53.55
5209,"Rebel 6.0",2475.8,"-",1111.50,1999,55.60
5210,"DanaSah 3.12",2475.8,"-",5.00,8,62.50
5211,"Anaconda 1.6.2",2475.2,"-",361.00,871,41.45
5212,"Loki 3.5.0",2474.5,"-",1534.00,3142,48.82
5213,"Simbelmyne 1.3.1",2473.8,"-",294.00,601,48.92
5214,"Crafty 20.13",2472.4,"-",273.00,719,37.97
5215,"Booot 4.10.1",2472.4,"-",191.50,388,49.36
5216,"Murka 2",2472.4,"-",1652.50,3244,50.94
5217,"Fritz 4.01",2472.4,"-",218.50,427,51.17
5218,"Chiron 0.4.1c",2472.3,"-",188.50,403,46.77
5219,"Drosophila 1.5.1",2472.3,"-",1622.00,3172,51.13
5220,"Cheese 1.4",2472.1,"-",2083.00,3977,52.38
5221,"Booot 4.12.0",2471.6,"-",194.00,386,50.26
5222,"Djinn 0.969",2471.2,"-",1318.00,2566,51.36
5223,"Minic 0.34",2471.2,"-",528.00,883,59.80
5224,"Delphil 2.9f",2471.0,"-",553.50,1240,44.64
5225,"Cerebro 3.0a",2470.8,"-",3860.50,8903,43.36
5226,"Bruja 1.9.1",2470.5,"-",4064.00,8474,47.96
5227,"GreKo 9.8",2470.3,"-",504.00,1050,48.00
5228,"Cerebro 3.03d",2470.0,"-",4554.00,9490,47.99
5229,"K2 0.79",2469.8,"-",1482.00,2876,51.53
5230,"Drofa 2.0.0",2469.3,"-",951.50,1877,50.69
5231,"Zevra 2.2.1 r328",2469.3,"-",481.00,985,48.83
5232,"Scorpio 2.3",2469.3,"-",2.00,11,18.18
5233,"Jumbo 0.6.66",2469.0,"-",1750.00,3598,48.64
5234,"Murka 2.0",2469.0,"-",1250.00,2925,42.74
5235,"Dimitri 4.00",2468.9,"-",630.50,1075,58.65
5236,"Dorky 4.6",2468.3,"-",329.50,701,47.00
5237,"Lux 3.0",2468.1,"-",2.50,26,9.62
5238,"Toad 2.0.0",2468.1,"-",374.50,697,53.73
5239,"Zarkov 4.77",2467.8,"-",130.50,300,43.50
5240,"Arasan 10.0",2467.8,"-",1167.50,2416,48.32
5241,"Movei 0.08.310",2467.8,"-",441.00,1050,42.00
5242,"iCE 0.3",2467.6,"-",627.50,1249,50.24
5243,"Fritz 5",2467.6,"-",227.50,324,70.22
5244,"Francesca MAD 0.11",2467.3,"-",164.00,319,51.41
5245,"Chess Genius 3 ZTE Apex3",2466.4,"-",28.50,40,71.25
5246,"Crafty 19.xx",2466.2,"-",383.50,1290,29.73
5247,"Nimzo 2000b",2466.0,"-",370.00,896,41.29
5248,"GreKo 9.5",2465.9,"-",106.50,300,35.50
5249,"Cosette 5.1",2465.8,"-",1483.00,3034,48.88
5250,"Jumbo 0.6.10",2465.8,"-",892.50,1590,56.13
5251,"Amyan 1.595",2465.8,"-",444.50,1213,36.64
5252,"Mephisto Gideon Professional",2465.6,"-",2438.50,5006,48.71
5253,"Rengar 1.1.0",2465.4,"-",735.00,1566,46.93
5254,"Chronos 1.9.4",2465.4,"-",168.50,330,51.06
5255,"Hermann 2.3",2465.3,"-",1700.00,3276,51.89
5256,"pikoSzachy 4.0",2465.0,"-",2217.00,4164,53.24
5257,"Rotor 0.4",2464.8,"-",2399.00,4780,50.19
5258,"akimbo 0.1.1",2464.4,"-",689.00,1494,46.12
5259,"FoxSEE 7.35.0",2464.3,"-",860.50,1684,51.10
5260,"Anodos 1.1.0",2464.2,"-",6.50,44,14.77
5261,"Delphil 3.1",2464.1,"-",1329.50,2763,48.12
5262,"Jumbo 0.6.35",2464.0,"-",737.00,1539,47.89
5263,"Hamsters 0.4",2463.9,"-",297.50,706,42.14
5264,"Chiron 0.4.1b",2463.7,"-",177.00,449,39.42
5265,"Betsabe II 1.47",2463.5,"-",1159.00,2173,53.34
5266,"Booot 4.10.5",2463.3,"-",697.00,1230,56.67
5267,"LittleThought 1.052",2463.3,"-",4623.50,9395,49.21
5268,"Movei 00.8.310",2463.1,"-",262.00,709,36.95
5269,"MinimalChess 0.6",2463.0,"-",1765.50,3548,49.76
5270,"Loki 3.0.0",2462.8,"-",906.50,1790,50.64
5271,"Eubos 3.2",2462.7,"-",1.00,9,11.11
5272,"Amyan 1.597",2462.6,"-",4371.50,9445,46.28
5273,"FrankWalter 2.3.4",2462.6,"-",584.00,1114,52.42
5274,"iCE 0.3 v2750",2462.2,"-",1021.00,1932,52.85
5275,"Movei 0.08.337",2462.2,"-",163.50,392,41.71
5276,"Sjakk v2.0",2462.1,"-",496.50,998,49.75
5277,"Eubos 3.5",2461.8,"-",285.00,596,47.82
5278,"Topple 0.2.1",2461.8,"-",1341.50,2753,48.73
5279,"Soomi 1.2.0",2461.7,"-",375.00,703,53.34
5280,"Ares 2.3.15",2461.4,"-",374.50,727,51.51
5281,"Pawny 0.3",2460.8,"-",2893.00,5986,48.33
5282,"Fruit 1.5",2460.4,"-",5246.00,11847,44.28
5283,"Dorky 4.1",2460.3,"-",855.50,1728,49.51
5284,"Delphil 2.8",2460.2,"-",1208.00,2462,49.07
5285,"Aconcagua 4.1.0",2459.7,"-",232.00,487,47.64
5286,"RedQueen 0.80",2459.5,"-",271.50,574,47.30
5287,"Lc0 0.7_ID125",2459.4,"-",2.00,24,8.33
5288,"Rengar 1.0.2",2459.2,"-",512.00,991,51.66
5289,"Aurora 1.16.2",2459.1,"-",244.50,582,42.01
5290,"Polaris 1.3.0",2458.4,"-",760.50,1604,47.41
5291,"Rudim 2.1.3",2458.3,"-",2.50,19,13.16
5292,"Qapla 0.1.1",2458.3,"-",1359.00,2709,50.17
5293,"Delphil 3.2",2458.2,"-",3303.00,7428,44.47
5294,"Shield 1.2",2457.9,"-",1946.50,3598,54.10
5295,"Delphil 2.7",2457.8,"-",2082.00,4627,45.00
5296,"GarboChess 2",2457.6,"-",6.50,14,46.43
5297,"BBChess 1.3a",2457.6,"-",270.00,522,51.72
5298,"Kimbo 0.3.0",2457.6,"-",955.00,2024,47.18
5299,"Schooner 1.7.0",2457.5,"-",1615.00,3469,46.56
5300,"Dog 2.8",2457.4,"-",203.00,483,42.03
5301,"Naum 1.4",2457.0,"-",1139.50,2669,42.69
5302,"Mess 0.1.0",2457.0,"-",792.50,1693,46.81
5303,"Anatoli 0.35k",2456.9,"-",1889.00,3860,48.94
5304,"Darmenios 0.4",2456.9,"-",13.50,17,79.41
5305,"Zarkov 4.86",2456.3,"-",373.50,940,39.73
5306,"Maelstrom 2.1.0",2455.9,"-",14.00,92,15.22
5307,"Lambergar 0.3.1c",2455.9,"-",361.00,805,44.84
5308,"Dirty 14M-22",2455.8,"-",237.00,479,49.48
5309,"GreKo 8.0",2455.7,"-",1980.00,3988,49.65
5310,"Aurora 1.11.4",2455.4,"-",33.50,90,37.22
5311,"Crafty 17.14",2455.4,"-",28.50,70,40.71
5312,"FoxSEE 7.36",2455.4,"-",10.50,52,20.19
5313,"chess4j 6.3",2455.1,"-",343.00,697,49.21
5314,"Anka 0.6.3",2455.0,"-",2524.00,5143,49.08
5315,"FrankWalter 2.2.8",2454.7,"-",449.00,892,50.34
5316,"Soomi 1.2.0B",2454.6,"-",10.00,41,24.39
5317,"Amy 0.9.7",2454.6,"-",794.00,1600,49.63
5318,"Shen Yu 2.0.1",2454.5,"-",1105.50,2349,47.06
5319,"Cheng 3 v1.02b",2454.4,"-",523.00,999,52.35
5320,"RubiChess 0.8",2454.3,"-",961.00,1933,49.72
5321,"Kimbo 1.0.0",2454.0,"-",1251.00,2531,49.43
5322,"Chiron 0.4.1b/c",2453.9,"-",327.00,734,44.55
5323,"Princhess 0.10.0",2453.7,"-",703.50,1320,53.30
5324,"Lynx 1.0.1",2453.4,"-",658.50,1452,45.35
5325,"K2 0.75",2453.2,"-",1284.50,2359,54.45
5326,"Philou 3.14.1",2453.2,"-",1877.50,3638,51.61
5327,"Atlas 3.15",2452.9,"-",1048.00,2592,40.43
5328,"Nebula 1.0",2452.8,"-",1673.00,3569,46.88
5329,"Counter 1.2",2452.7,"-",2893.50,6139,47.13
5330,"JikChess 0.01",2452.6,"-",1359.00,2720,49.96
5331,"Movei 0.08.326",2452.5,"-",59.00,137,43.07
5332,"Trace 1.35",2452.3,"-",1185.00,2741,43.23
5333,"Juggernaut 1.23",2452.3,"-",197.50,493,40.06
5334,"Quark 2.62",2452.0,"-",1282.50,2716,47.22
5335,"Arasan 10.4",2452.0,"-",1574.00,3533,44.55
5336,"Petir 2.5c",2451.9,"-",579.00,1394,41.54
5337,"Halogen 6",2451.7,"-",1160.50,2512,46.20
5338,"Sentinel 1.01",2451.2,"-",69.00,137,50.36
5339,"MadChess 2.2",2450.8,"-",2815.50,6445,43.69
5340,"Ufim 6.00",2450.7,"-",310.00,796,38.94
5341,"Cerebro 2.11",2450.2,"-",697.00,1342,51.94
5342,"Qapla 0.0.52",2450.1,"-",375.50,594,63.22
5343,"Lozza 1.18",2449.9,"-",1545.00,3137,49.25
5344,"Queen 4.05",2449.9,"-",775.50,1721,45.06
5345,"Aramis 1.3.0",2449.8,"-",470.00,941,49.95
5346,"OliThink 5.5.2",2449.5,"-",161.00,307,52.44
5347,"Deuterium 11.01",2449.4,"-",2.50,7,35.71
5348,"Delphil 2.9c",2449.3,"-",490.50,999,49.10
5349,"Eubos 3.6",2449.0,"-",693.00,1347,51.45
5350,"Gaviota 0.74.41",2448.9,"-",707.00,1453,48.66
5351,"Dorky 4.7",2448.9,"-",184.00,440,41.82
5352,"Counter 1.99",2448.8,"-",458.00,1002,45.71
5353,"Prophet 4.2",2448.5,"-",1421.50,2882,49.32
5354,"Tarnished 1.0-Renown",2448.3,"-",194.00,530,36.60
5355,"Philou 3.0.0",2448.1,"-",186.00,376,49.47
5356,"Pedone 0.4",2448.0,"-",675.00,1327,50.87
5357,"Matacz 1.4",2448.0,"-",5480.00,10928,50.15
5358,"Crafty 18.12",2447.9,"-",186.50,775,24.06
5359,"Arasan 8.2",2447.9,"-",75.00,156,48.08
5360,"Barbarossa 0.6.0",2447.8,"-",1795.50,3793,47.34
5361,"RomiChess OW2c",2447.8,"-",1.50,4,37.50
5362,"Meltdown 1.4",2447.6,"-",207.50,417,49.76
5363,"Soldat 4.0",2447.5,"-",656.00,1153,56.90
5364,"Dorky 4.3",2447.4,"-",2195.50,4665,47.06
5365,"Hiarcs 7",2447.3,"-",155.50,278,55.94
5366,"Delphil 3.0",2447.2,"-",574.00,1362,42.14
5367,"Nalwald 1.8",2447.0,"-",138.00,270,51.11
5368,"Petir 2.75",2447.0,"-",270.00,739,36.54
5369,"Kiwi 0.6d",2446.1,"-",6890.50,14293,48.21
5370,"Raphael 2.0.0.0",2445.8,"-",736.00,1214,60.63
5371,"Dog 2.6c",2445.7,"-",286.50,605,47.36
5372,"Tofiks 1.4.1",2444.9,"-",531.50,949,56.01
5373,"Gaviota 0.75",2444.8,"-",385.00,800,48.13
5374,"Booot 4.11.1",2444.6,"-",292.00,582,50.17
5375,"Pedantic 0.2.1",2443.9,"-",679.50,1391,48.85
5376,"Tao 5.4",2443.8,"-",883.50,1773,49.83
5377,"FoxSEE 7.21.0",2443.5,"-",204.50,396,51.64
5378,"WyldChess 1.2",2443.1,"-",409.00,902,45.34
5379,"Philou 3.1.0",2443.1,"-",640.00,1050,60.95
5380,"Avalanche 0.2",2442.9,"-",697.50,1307,53.37
5381,"Glass 1.6",2442.9,"-",2652.50,5173,51.28
5382,"Delphil 2.9g",2442.6,"-",773.50,1802,42.92
5383,"Raven 0.90",2442.5,"-",773.50,1487,52.02
5384,"Jumbo 0.6.31",2442.3,"-",792.00,1701,46.56
5385,"Bagatur 1.4e",2442.2,"-",183.00,370,49.46
5386,"nanoSzachy 3.8",2441.8,"-",1671.00,3311,50.47
5387,"Frozenight 1.0.1",2441.8,"-",413.00,836,49.40
5388,"Nemeton 1.81",2441.6,"-",1843.00,3808,48.40
5389,"OliThink 5.4.2",2441.5,"-",414.50,750,55.27
5390,"Ethereal 7.60",2441.4,"-",1195.50,2142,55.81
5391,"Bumblebee 1.0",2440.9,"-",1867.50,3756,49.72
5392,"Donna 1.0",2440.8,"-",1186.50,2257,52.57
5393,"KnightX 3.5.1",2440.7,"-",2.00,18,11.11
5394,"Hiarcs 6",2440.6,"-",123.00,200,61.50
5395,"Anatoli v0.35k",2440.6,"-",1189.00,2193,54.22
5396,"Sentinel 1.02",2440.4,"-",450.00,902,49.89
5397,"DanaSah 3.70",2440.4,"-",1123.00,2118,53.02
5398,"CT800 1.42",2440.3,"-",1111.50,2061,53.93
5399,"Weiss 0.6",2440.2,"-",153.50,352,43.61
5400,"Typhoon 1.00-348",2439.6,"-",259.00,521,49.71
5401,"Matacz 1.3 HT74",2439.5,"-",817.00,1658,49.28
5402,"KnightX 2.00",2439.2,"-",138.50,333,41.59
5403,"nanoSzachy 3.6",2438.8,"-",521.00,997,52.26
5404,"Cheng3 1.02b",2438.6,"-",189.50,381,49.74
5405,"Cerebro 3.03b",2438.3,"-",100.50,349,28.80
5406,"Wasabi 1.4.0",2438.2,"-",400.50,761,52.63
5407,"Gogobello 1.0",2437.8,"-",1019.50,1736,58.73
5408,"Abrok 5.0",2437.8,"-",10566.50,23468,45.03
5409,"Juggernaut 1.01",2437.5,"-",22.50,282,7.98
5410,"FoxSEE 7.35",2437.4,"-",669.00,1300,51.46
5411,"Floyd 0.8",2437.4,"-",1621.00,3183,50.93
5412,"KnightCap 3.8",2437.0,"-",7.00,20,35.00
5413,"Matacz 1.3",2436.9,"-",1189.50,2434,48.87
5414,"Zeppelin 1.5.0",2436.7,"-",6.50,94,6.91
5415,"RedQueen 1.13",2436.5,"-",1.00,6,16.67
5416,"Crafty 17.07",2436.4,"-",193.50,600,32.25
5417,"Soomi 1.2.0b",2436.4,"-",347.50,1014,34.27
5418,"Dorky 4.0",2436.3,"-",184.50,372,49.60
5419,"SoFCheck 0.9",2436.2,"-",735.00,1510,48.68
5420,"FrankWalter 2.3.3",2436.1,"-",413.50,866,47.75
5421,"Orion 0.4",2435.8,"-",1866.00,3700,50.43
5422,"Crafty 19.17",2435.7,"-",81.50,280,29.11
5423,"Maxwell 3.0.8-2",2434.5,"-",1.50,93,1.61
5424,"Euwe 1.2.1",2433.5,"-",391.50,846,46.28
5425,"Arasan 10.1",2433.5,"-",496.50,1109,44.77
5426,"LambChop 10.99",2433.4,"-",4453.00,9148,48.68
5427,"Svart 2",2433.1,"-",748.50,1471,50.88
5428,"Drofa 1.3.1",2432.7,"-",270.00,335,80.60
5429,"Cyrano 0.3",2432.5,"-",834.00,1454,57.36
5430,"OliThink 5.4.0",2432.5,"-",423.50,825,51.33
5431,"King of Kings 2.56",2432.4,"-",5085.50,10405,48.88
5432,"Fatalii 0.7.0",2432.3,"-",788.50,1586,49.72
5433,"Eubos 3.00",2432.2,"-",22.00,88,25.00
5434,"Ares 1.005",2431.7,"-",1940.00,3796,51.11
5435,"Emerald 0.4.0",2431.7,"-",473.50,1031,45.93
5436,"Snitch 1.6.1",2431.7,"-",81.50,182,44.78
5437,"Stash 18.0",2431.5,"-",211.50,416,50.84
5438,"Quark 2.35",2430.8,"-",3811.00,7801,48.85
5439,"Sjakk 2.0",2430.1,"-",1123.50,2322,48.39
5440,"ChandraChess 1.0",2430.1,"-",53.50,248,21.57
5441,"Delphil 1.9g",2429.7,"-",1045.50,2196,47.61
5442,"Pupsi2 v.0.07",2429.6,"-",442.50,918,48.20
5443,"Tornado 2.1.36b",2429.5,"-",101.50,176,57.67
5444,"Nemeton 1.8",2429.4,"-",2386.00,5428,43.96
5445,"Cerebro 2.03-2.11",2429.4,"-",598.00,1466,40.79
5446,"Nemeton 1.51",2429.3,"-",1102.00,2111,52.20
5447,"Eubos 3.0.0",2429.2,"-",254.50,529,48.11
5448,"Betsabe II 1.30",2428.9,"-",998.00,1745,57.19
5449,"Arasan 9.5",2428.8,"-",875.50,1690,51.80
5450,"Junior 4.6",2428.5,"-",96.50,210,45.95
5451,"Tunguska 1.1",2428.2,"-",1685.00,3905,43.15
5452,"Ares 1.005.2",2428.0,"-",2342.00,4889,47.90
5453,"WChess 2000 v1.2",2427.9,"-",620.00,1256,49.36
5454,"Bagatur 1.4d",2427.8,"-",547.50,1129,48.49
5455,"KnightX 1.99",2427.5,"-",153.50,384,39.97
5456,"Eeyore 1.52",2427.4,"-",3310.00,6904,47.94
5457,"Ares 1.005.2.1",2427.4,"-",1285.50,2613,49.20
5458,"Cheers 0.1",2427.3,"-",692.00,1441,48.02
5459,"Counter 1.1",2427.0,"-",1387.50,2675,51.87
5460,"Arasan 9.3",2426.9,"-",143.50,308,46.59
5461,"Zurichess Fribourg",2426.6,"-",733.50,1493,49.13
5462,"FireFly 2.6",2426.2,"-",1.00,7,14.29
5463,"Gaviota 0.74",2426.0,"-",519.50,988,52.58
5464,"Gaviota 0.75.7",2425.9,"-",778.00,1694,45.93
5465,"Rhetoric 1.0",2425.2,"-",998.00,2238,44.59
5466,"Nemeton 1.5",2425.1,"-",933.00,1794,52.01
5467,"Eggnog 4.0",2424.9,"-",297.00,871,34.10
5468,"Hussar 0.4",2423.9,"-",4820.00,9821,49.08
5469,"Delphil 2.6c",2423.1,"-",173.00,342,50.58
5470,"Delphil 2.6a",2422.5,"-",1336.00,2699,49.50
5471,"Turbulence 4 0.0.3",2422.2,"-",50.50,236,21.40
5472,"SoFCheck 0.9.1",2421.3,"-",860.50,1794,47.97
5473,"OliThink 5.3.3",2421.3,"-",549.50,1100,49.95
5474,"Colossus 2006a",2421.2,"-",190.50,430,44.30
5475,"JackyChess 0.13.1",2420.9,"-",9.00,18,50.00
5476,"chessnut 1.0",2420.8,"-",5.50,44,12.50
5477,"BikJump 3.1",2420.7,"-",666.50,1429,46.64
5478,"Atlas 3.14b",2420.4,"-",2319.00,5270,44.00
5479,"Caligula 0.7b",2420.4,"-",1227.00,2634,46.58
5480,"Arasan 9.4",2420.4,"-",154.00,355,43.38
5481,"Snitch 1.6.2",2420.3,"-",4463.00,9397,47.49
5482,"TwistedLogic 0.57e3",2420.1,"-",12.00,40,30.00
5483,"Zevra 2.0 r172",2419.8,"-",275.50,413,66.71
5484,"DanaSah 2.85k",2419.7,"-",3.50,6,58.33
5485,"OliThink 5.3.5b",2419.6,"-",165.00,324,50.93
5486,"nanoSzachy 3.5",2418.8,"-",758.50,1351,56.14
5487,"Delphil 2.3",2418.4,"-",654.50,1386,47.22
5488,"Bagatur 1.4b",2417.9,"-",584.50,1188,49.20
5489,"Lozza 1.17a",2417.4,"-",1035.50,2126,48.71
5490,"Anka 0.6.0",2417.3,"-",868.50,1729,50.23
5491,"chess22k 1.2",2416.9,"-",592.50,1077,55.01
5492,"Delphil 2.6b",2416.8,"-",715.50,1686,42.44
5493,"nanoSzachy 3.4",2416.8,"-",1120.50,2155,52.00
5494,"Juggernaut 1.18",2416.2,"-",191.50,472,40.57
5495,"Nejmet 3.07",2415.6,"-",10212.00,22717,44.95
5496,"Teki 1",2415.6,"-",1066.00,1855,57.47
5497,"Cerebro 2.08",2415.3,"-",68.50,128,53.52
5498,"Blunder 7.1.0",2415.2,"-",490.50,953,51.47
5499,"Frenzee 200",2415.0,"-",137.50,309,44.50
5500,"Pawny 0.2.2",2413.9,"-",1083.00,2253,48.07
5501,"Hedgehog 2.0",2413.3,"-",413.50,864,47.86
5502,"Nectar 0.2.1",2413.1,"-",22.00,107,20.56
5503,"Dragon 4.6",2412.8,"-",5976.50,12733,46.94
5504,"RedQueen 0.7.5",2412.7,"-",186.50,380,49.08
5505,"DanaSah 3.63",2412.7,"-",397.00,792,50.13
5506,"Bitfoot 1.0.d9aeb43",2412.6,"-",251.00,513,48.93
5507,"Hiarcs 9.5a/9.6 Palm Tung E",2412.4,"-",92.50,160,57.81
5508,"Bearded N44.5",2412.2,"-",1210.50,2414,50.14
5509,"CeeChess 1.4",2412.2,"-",1130.50,2451,46.12
5510,"Ifrit m1.8",2412.0,"-",2791.50,5644,49.46
5511,"Taltos rev118",2411.6,"-",1539.00,3233,47.60
5512,"Delphil 1.9c",2411.5,"-",994.50,2018,49.28
5513,"GreKo 7.2",2411.5,"-",1828.50,3755,48.70
5514,"Monolith 0.3",2411.4,"-",855.50,1673,51.14
5515,"Pupsi2 0.07",2411.2,"-",364.50,762,47.83
5516,"Arasan 9.0",2411.2,"-",122.50,267,45.88
5517,"Axolotl 1.8",2410.7,"-",1049.50,2085,50.34
5518,"Zahak 3.0",2410.3,"-",469.50,826,56.84
5519,"Gaia 3.5",2410.2,"-",7618.50,15694,48.54
5520,"Ares 1.1",2410.0,"-",1092.50,1930,56.61
5521,"Blocky 1.0.0",2408.8,"-",24.50,156,15.71
5522,"Bit-Genie 5",2408.6,"-",441.00,793,55.61
5523,"RomiChess P3L",2408.5,"-",3060.00,6245,49.00
5524,"FabChess 1.8",2408.4,"-",495.00,989,50.05
5525,"RedQueen 0.75",2408.2,"-",281.00,585,48.03
5526,"Simplex 0.9.8",2407.8,"-",4842.00,9869,49.06
5527,"Stockfish 3k",2407.5,"-",8.00,28,28.57
5528,"Juggernaut 1.10",2407.3,"-",499.00,934,53.43
5529,"Bienchen 1.0",2407.3,"-",1194.00,2813,42.45
5530,"RomiChess P3n",2407.1,"-",3088.00,6285,49.13
5531,"Lambergar 0.3.1b",2407.0,"-",11.50,16,71.88
5532,"Pupsi2 0.06",2406.9,"-",157.00,328,47.87
5533,"Spike 0.7",2406.5,"-",1023.50,2592,39.49
5534,"Nimzo 99",2406.4,"-",179.50,440,40.80
5535,"Booot 4.8",2406.4,"-",39.00,64,60.94
5536,"DanaSah 3.03",2406.2,"-",494.50,908,54.46
5537,"Clarity 1.0.1",2405.9,"-",19.00,114,16.67
5538,"DanaSah 2.85",2405.7,"-",182.00,371,49.06
5539,"RomiChess P3k",2404.8,"-",2261.00,4557,49.62
5540,"Cerebro 2.06",2404.5,"-",460.50,1209,38.09
5541,"Matacz 1.1",2404.0,"-",619.00,1198,51.67
5542,"Nemeton 1.61",2403.8,"-",189.00,399,47.37
5543,"Flux 2.2.1",2403.1,"-",1312.50,2679,48.99
5544,"Critter 0.38",2402.6,"-",1285.00,2600,49.42
5545,"Bagatur 1.5c",2402.6,"-",522.50,1031,50.68
5546,"Eubos 3.3",2402.2,"-",460.50,923,49.89
5547,"Lux 3.5",2402.1,"-",11.00,52,21.15
5548,"Waxman 2022",2401.9,"-",2416.50,4659,51.87
5549,"OliThink 5.3.0",2401.4,"-",1600.00,3363,47.58
5550,"Lambergar 0.3.1",2401.4,"-",408.50,952,42.91
5551,"Zevra 2.1.2 r248",2401.1,"-",1082.00,2187,49.47
5552,"MadChess 2.1",2401.1,"-",1161.50,2147,54.10
5553,"Delphil 1.8",2400.7,"-",914.50,1893,48.31
5554,"Teki 2",2400.5,"-",2321.00,4944,46.95
5555,"Eubos 2.27",2399.5,"-",23.50,86,27.33
5556,"Peacekeeper 1.10",2399.3,"-",730.00,1504,48.54
5557,"Lynx 0.19.0",2399.1,"-",490.00,944,51.91
5558,"Nebula 2.0b",2399.0,"-",1.00,6,16.67
5559,"BlackCore 1.1",2399.0,"-",28.50,150,19.00
5560,"Snitch 1.2.4",2398.4,"-",29.00,68,42.65
5561,"Cerebro 2.01",2398.2,"-",96.50,262,36.83
5562,"Sorgenkind 0.3",2398.1,"-",243.50,461,52.82
5563,"Typhoon 1.00-358",2397.8,"-",1736.50,3770,46.06
5564,"Delphil 1.6c",2396.6,"-",192.50,393,48.98
5565,"Francesca MAD 0.13",2396.1,"-",961.00,1867,51.47
5566,"Myrddin 0.87",2395.3,"-",3475.00,7320,47.47
5567,"chess4j 6.2",2395.2,"-",445.50,885,50.34
5568,"Pupsi2 v.0.06",2395.2,"-",158.00,320,49.38
5569,"FoxSEE 7.20.1",2394.7,"-",529.00,994,53.22
5570,"K2 0.71",2394.3,"-",1965.50,3639,54.01
5571,"Pawny 0.2.1",2394.2,"-",1004.50,2122,47.34
5572,"TJchess 1.3",2394.2,"-",2256.00,5051,44.66
5573,"Admete 1.4.0",2394.2,"-",781.00,1538,50.78
5574,"Ares GB 1.1",2394.1,"-",1152.00,2613,44.09
5575,"Postmodernist 1016",2394.1,"-",3610.00,7281,49.58
5576,"Postmodernist 1010a",2394.0,"-",1121.50,2574,43.57
5577,"Diablo 0.5.1",2393.9,"-",4633.00,9816,47.20
5578,"Willow 2.5",2393.8,"-",593.50,986,60.19
5579,"Kreveta 2.2.5",2393.6,"-",9.50,60,15.83
5580,"Lux 3.4",2393.5,"-",458.50,1013,45.26
5581,"Shredder 2",2393.1,"-",189.00,439,43.05
5582,"Pawny 0.2",2393.0,"-",1667.00,3453,48.28
5583,"Popochin 4.3",2391.9,"-",1599.00,3557,44.95
5584,"Phalanx XXIII",2391.8,"-",3091.50,6368,48.55
5585,"Euwe 1.3.0",2391.3,"-",315.50,738,42.75
5586,"Reckless 0.2.0",2391.2,"-",453.00,978,46.32
5587,"KnightDreamer 3.3",2390.9,"-",2055.50,4302,47.78
5588,"Galjoen 0.39.1",2390.8,"-",541.50,1950,27.77
5589,"Plisk 0.27",2390.2,"-",28.00,37,75.68
5590,"RomiChess P3K",2389.5,"-",530.50,1005,52.79
5591,"Typhoon 1.00-314",2389.1,"-",176.50,361,48.89
5592,"Gosu 0.16",2388.7,"-",5444.50,10856,50.15
5593,"Raven 0.80",2388.6,"-",1237.00,2307,53.62
5594,"Delphil 1.9e",2388.5,"-",458.00,1046,43.79
5595,"4k.c 1.0",2388.5,"-",7.00,36,19.44
5596,"Hiarcs 7.01",2388.4,"-",13.00,42,30.95
5597,"Bread 0.0.8",2388.2,"-",526.00,954,55.14
5598,"Delphil 1.9",2388.0,"-",545.50,998,54.66
5599,"OliThink 5.3.2",2387.8,"-",1446.00,3018,47.91
5600,"Googleplex Starthinker 1.7b17",2387.7,"-",385.50,849,45.41
5601,"Comet B50",2387.5,"-",2257.00,4793,47.09
5602,"Ares GB",2387.4,"-",1092.50,2286,47.79
5603,"CmcChess 2.6",2387.4,"-",3122.00,6787,46.00
5604,"Altair 1.0.0",2387.3,"-",743.00,1838,40.42
5605,"pikoSzachy 3.4",2386.8,"-",234.00,476,49.16
5606,"Leila 0.53h",2386.6,"-",4590.00,9358,49.05
5607,"Googleplex Starthinker 1.6",2386.2,"-",1339.50,2718,49.28
5608,"Ceibo 0.6",2385.8,"-",653.50,1330,49.14
5609,"Galjoen 0.39",2385.2,"-",1450.50,2939,49.35
5610,"Rebel 9",2385.1,"-",129.50,225,57.56
5611,"Diablo 0.51",2384.9,"-",546.50,1101,49.64
5612,"RomiChess OW2a LD",2384.6,"-",128.50,379,33.91
5613,"FrankWalter 2.2.3",2384.5,"-",829.50,1465,56.62
5614,"Snitch 1.4.5",2384.5,"-",363.00,961,37.77
5615,"Nemeton 1.7",2384.4,"-",1546.50,3998,38.68
5616,"Kiwi 0.6b",2384.3,"-",364.00,1097,33.18
5617,"Arasan 9.2",2383.9,"-",935.00,2199,42.52
5618,"Tytan 8.75",2383.6,"-",32.00,54,59.26
5619,"Eubos 2.21",2383.3,"-",40.50,196,20.66
5620,"CT800 1.40",2383.0,"-",1316.00,2416,54.47
5621,"Rotor 0.3",2382.9,"-",1114.50,2075,53.71
5622,"Amy 0.9.5",2381.8,"-",161.00,443,36.34
5623,"Cyrano 0.2f",2381.3,"-",139.50,293,47.61
5624,"Hermann 2.0",2381.1,"-",2560.50,6170,41.50
5625,"KnightX 1.96",2381.1,"-",235.50,471,50.00
5626,"Homer 1.12",2380.8,"-",167.50,398,42.09
5627,"Comet B68",2380.6,"-",4765.50,9722,49.02
5628,"Patzer 3.80",2380.4,"-",4080.50,8020,50.88
5629,"Lolbot 0.3.1",2380.1,"-",3.00,24,12.50
5630,"Cosette 4.0",2380.1,"-",367.50,762,48.23
5631,"Patzer 3.8",2380.0,"-",164.00,415,39.52
5632,"Cinnamon 2.4",2379.9,"-",544.00,1186,45.87
5633,"Muse 0.899b",2379.4,"-",3047.00,5969,51.05
5634,"KnightX 1.95",2378.9,"-",873.00,2002,43.61
5635,"Rodin 3.0",2378.5,"-",1162.50,2309,50.35
5636,"EnginMax 5.24",2378.2,"-",109.00,112,97.32
5637,"Amy 0.87",2378.2,"-",854.00,1790,47.71
5638,"Tcheran 2.3",2377.8,"-",402.50,824,48.85
5639,"Queen 4.01",2377.7,"-",551.50,1097,50.27
5640,"Luna 1.1.0",2377.4,"-",516.50,1058,48.82
5641,"Amy 0.87b",2376.9,"-",3212.50,6745,47.63
5642,"Sjeng 12.13",2376.8,"-",1433.00,2981,48.07
5643,"Clarity 2.0.0",2376.8,"-",228.50,1117,20.46
5644,"Frenzee 148",2375.6,"-",429.00,902,47.56
5645,"DanaSah 2.73",2375.5,"-",205.00,415,49.40
5646,"Maverick 0.60",2375.5,"-",1293.50,2691,48.07
5647,"Djinn 0",2375.4,"-",2696.00,5403,49.90
5648,"Soomi V1.2.0B",2375.0,"-",4.00,30,13.33
5649,"Capture R01",2374.7,"-",1502.00,3116,48.20
5650,"Halogen 5",2374.7,"-",975.50,2260,43.16
5651,"Homer 2.01",2374.5,"-",4453.50,9164,48.60
5652,"Prophet 4.1",2374.4,"-",1112.00,2244,49.55
5653,"Caligula 0.3b",2374.4,"-",695.00,1330,52.26
5654,"LittleThought 1.04",2374.1,"-",1498.50,2777,53.96
5655,"Betsabe II 1.28",2374.1,"-",188.50,386,48.83
5656,"Zevra 2.1.1 r216",2373.9,"-",1095.50,2313,47.36
5657,"Queen 3.09",2373.9,"-",1777.50,3865,45.99
5658,"Kreveta 2.3.1",2373.9,"-",645.50,1334,48.39
5659,"RomiChess P3m",2372.4,"-",876.50,1886,46.47
5660,"Laser 0.1",2372.1,"-",408.50,857,47.67
5661,"CT800 1.41",2372.1,"-",190.50,384,49.61
5662,"Jonesy 1.0",2372.1,"-",1046.50,1969,53.15
5663,"WChess 2000",2371.8,"-",15.00,20,75.00
5664,"Bringer 1.9",2371.3,"-",4416.00,8847,49.92
5665,"Nimzo 98",2371.2,"-",136.50,298,45.81
5666,"Popochin 4.1",2371.2,"-",2994.00,6961,43.01
5667,"Hamsters 0.2",2371.1,"-",157.50,328,48.02
5668,"Arasan 9.1",2370.3,"-",26.50,60,44.17
5669,"FrankWalter 2.2.6",2369.8,"-",201.50,444,45.38
5670,"Fatalii 0.6.0",2369.8,"-",923.00,1932,47.77
5671,"Dirty ACCA3",2369.4,"-",1052.50,2076,50.70
5672,"Lozza 1.16",2369.2,"-",1054.00,2054,51.31
5673,"Nemeton 1.6",2369.2,"-",1015.00,2636,38.51
5674,"Ifrit m1.5",2369.0,"-",404.00,808,50.00
5675,"Phalanx XXII",2368.9,"-",518.50,1189,43.61
5676,"Delphil 1.9f",2368.8,"-",140.00,296,47.30
5677,"Pawny 0.1.7",2368.1,"-",3.50,24,14.58
5678,"Minic 0.28",2367.9,"-",166.00,298,55.70
5679,"RedQueen 0.7",2367.8,"-",389.00,799,48.69
5680,"Crafty 20.01",2367.6,"-",11.00,41,26.83
5681,"Tcheran 2.4",2367.6,"-",495.00,1064,46.52
5682,"Typhoon 1.00-285",2366.9,"-",169.50,347,48.85
5683,"Admete 1.3.0",2366.9,"-",451.50,898,50.28
5684,"Cheese 1.3b",2366.2,"-",733.50,1302,56.34
5685,"Bruja 1.9",2366.1,"-",2544.50,5631,45.19
5686,"Glass 1.5",2366.0,"-",2091.00,4149,50.40
5687,"Dinora 0.3.0",2365.1,"-",10.50,38,27.63
5688,"Byte-Knight 3.0.0",2364.5,"-",615.00,1511,40.70
5689,"RomiChess P3kLD",2364.3,"-",297.00,809,36.71
5690,"Simbelmyne 1.2.0",2364.3,"-",12.50,80,15.63
5691,"Tigran 2.4n",2363.4,"-",3386.00,6891,49.14
5692,"Myrddin 0.86",2363.2,"-",1122.00,2304,48.70
5693,"Capivara LK 0.09a02c",2363.1,"-",698.50,1326,52.68
5694,"Polonium 0.1.5",2362.7,"-",55.50,152,36.51
5695,"GreKo 6.4",2362.5,"-",497.00,999,49.75
5696,"GreKo 7.0",2362.5,"-",212.00,445,47.64
5697,"Jumbo 0.4.34",2362.3,"-",747.50,1407,53.13
5698,"Gosu 0.15",2361.8,"-",61.50,136,45.22
5699,"pikoSzachy 3.3",2361.4,"-",897.00,1731,51.82
5700,"Betsy 6.51",2361.4,"-",2561.00,4801,53.34
5701,"EveAnn 1.73",2359.8,"-",769.00,1639,46.92
5702,"GreKo 6.5",2359.7,"-",1274.00,2606,48.89
5703,"GreKo 6.30",2359.4,"-",710.50,1528,46.50
5704,"Eubos 2.23",2359.4,"-",519.00,1120,46.34
5705,"Tytan 9.3",2359.2,"-",438.50,915,47.92
5706,"GreKo 6.25",2359.1,"-",612.50,1324,46.26
5707,"Simbelmyne 1.3.0",2358.7,"-",3.00,18,16.67
5708,"Terra 3.4",2358.0,"-",3954.50,7865,50.28
5709,"Ghost 2.0.1",2357.6,"-",1161.50,2231,52.06
5710,"Dirty 0.99 OW5",2357.4,"-",251.50,544,46.23
5711,"Horizon 4.3.165",2357.3,"-",3.00,6,50.00
5712,"RomiChess OW2aLD",2357.3,"-",249.50,533,46.81
5713,"Rusty Rival 1.0.35",2356.6,"-",11.50,64,17.97
5714,"Hermann 1.9",2356.3,"-",963.00,2089,46.10
5715,"Dirty 0.99z",2356.1,"-",290.00,609,47.62
5716,"Alex 2.14a",2355.9,"-",3078.00,6326,48.66
5717,"Phalanx XXII Reborn",2355.6,"-",1249.00,2276,54.88
5718,"Stash 17.0",2355.3,"-",570.50,1003,56.88
5719,"Amateur 2.82",2354.8,"-",5021.00,9952,50.45
5720,"Cinnamon 2.5",2354.6,"-",936.00,2081,44.98
5721,"Glass 1.3",2354.4,"-",1082.50,2006,53.96
5722,"Capture R1",2353.7,"-",508.50,1009,50.40
5723,"Pawny 0.1.9",2353.5,"-",321.50,722,44.53
5724,"Pirarucu 2.0.2",2353.1,"-",181.50,283,64.13
5725,"Waxman 2014",2353.0,"-",2386.50,4674,51.06
5726,"Hamsters 0.3",2352.7,"-",1.00,2,50.00
5727,"Ares 1.004",2352.3,"-",1737.50,3295,52.73
5728,"Queen 4.03",2352.3,"-",4712.50,9809,48.04
5729,"Bagatur 1.5a",2352.0,"-",398.00,956,41.63
5730,"chess4j 5.1",2352.0,"-",783.50,1393,56.25
5731,"Cyberpagno 2.3",2351.9,"-",1732.50,3362,51.53
5732,"Orion 0.3",2351.1,"-",866.00,1599,54.16
5733,"Wasabi 1.3.0",2351.1,"-",438.00,848,51.65
5734,"Ifrit m1.6",2350.8,"-",340.00,653,52.07
5735,"nanoSzachy 3.3",2350.6,"-",498.00,999,49.85
5736,"Dual 0.2.9",2349.9,"-",3.50,24,14.58
5737,"chess4j 6.1",2349.8,"-",440.00,924,47.62
5738,"Taltos r118",2349.6,"-",68.00,154,44.16
5739,"Nemeton 1.4",2349.3,"-",588.50,1047,56.21
5740,"Diablo 0.4",2349.2,"-",1106.50,2155,51.35
5741,"Dimitri 3.93",2349.1,"-",302.00,586,51.54
5742,"GreKo 6.0",2349.0,"-",497.50,1099,45.27
5743,"Eubos 2.25",2348.9,"-",496.50,1062,46.75
5744,"Alex 2.14",2348.9,"-",765.00,1599,47.84
5745,"Horizon 4.4",2348.9,"-",5470.50,10822,50.55
5746,"iCE 0.2",2348.1,"-",891.50,1891,47.14
5747,"Typhoon 1.0",2348.1,"-",1342.00,2532,53.00
5748,"Amateur 2.86",2348.0,"-",2484.50,5023,49.46
5749,"GreKo 5.7.1",2348.0,"-",374.50,796,47.05
5750,"Alfil 6.4",2347.6,"-",1093.00,2369,46.14
5751,"Alfil 7.6",2346.9,"-",638.00,1326,48.11
5752,"Sorgenkind 0.4",2346.5,"-",4655.00,9415,49.44
5753,"Djinn 0.920",2346.2,"-",364.00,607,59.97
5754,"Nemeton 1.41",2346.1,"-",775.00,1609,48.17
5755,"Orion 0.3.0",2345.9,"-",1166.00,2415,48.28
5756,"Fatalii 0.6.1",2345.8,"-",29.00,186,15.59
5757,"Isa 2.1",2345.7,"-",253.50,502,50.50
5758,"Astra 1.1",2345.7,"-",4.00,36,11.11
5759,"Barbarossa 0.5.0",2345.5,"-",1454.50,3027,48.05
5760,"Fornax 3.0",2345.5,"-",742.50,1571,47.26
5761,"Thor's Hammer 2.28",2345.2,"-",2145.00,4077,52.61
5762,"chess4j 6.0",2344.7,"-",489.50,942,51.96
5763,"Topple 0.1.1",2344.7,"-",882.00,1671,52.78
5764,"Isa 2.0.83",2344.6,"-",1938.50,3897,49.74
5765,"Jumbo 0.5.3",2344.5,"-",757.00,1547,48.93
5766,"Chai 3.4.0",2344.3,"-",1057.00,2011,52.56
5767,"Amundsen 0.80",2343.9,"-",2060.00,3982,51.73
5768,"DanaSah 2.44",2343.6,"-",281.50,601,46.84
5769,"Matacz 1.02",2343.6,"-",1194.50,2851,41.90
5770,"Hermann 1.6.28",2343.0,"-",473.50,900,52.61
5771,"Gaia 3.4",2342.4,"-",712.50,1539,46.30
5772,"EXchess 6.02b",2342.3,"-",616.00,1308,47.09
5773,"Ceibo 0.5",2342.3,"-",1380.50,2454,56.26
5774,"Dumb 1.4",2342.2,"-",752.00,1650,45.58
5775,"Capizero 2.8.0",2342.1,"-",1.00,12,8.33
5776,"Meltdown 1.3",2342.0,"-",124.50,394,31.60
5777,"Alfil 6.10",2341.5,"-",178.00,371,47.98
5778,"Odonata 0.4.0",2341.4,"-",464.00,901,51.50
5779,"Waxman 2020",2341.3,"-",1554.50,3801,40.90
5780,"Cyrano 0.2d",2341.2,"-",533.00,1029,51.80
5781,"Counter 1.0",2340.5,"-",581.00,1333,43.59
5782,"Shuffle 5.0.0",2340.4,"-",31.50,180,17.50
5783,"pikoSzachy Extreme 2",2340.3,"-",160.50,308,52.11
5784,"Hopper 1.7",2339.6,"-",28.50,93,30.65
5785,"Popochin 2.8",2339.5,"-",22.00,36,61.11
5786,"Hopper 1.8",2339.3,"-",752.50,1502,50.10
5787,"Gandalf 3",2339.3,"-",50.00,78,64.10
5788,"K2 0.67",2339.2,"-",330.50,640,51.64
5789,"KnightX 1.94",2338.6,"-",840.50,1632,51.50
5790,"Hermann 1.7",2338.4,"-",204.50,465,43.98
5791,"Rebel 8",2338.3,"-",73.00,146,50.00
5792,"Queen 4.02a",2337.7,"-",617.00,1337,46.15
5793,"Eeyore 1.50",2336.9,"-",1921.00,4256,45.14
5794,"Plisk 0.2.7d",2336.9,"-",3749.50,7863,47.69
5795,"Tytan 8.64",2336.4,"-",205.00,399,51.38
5796,"Schooner 1.5",2336.4,"-",828.50,1721,48.14
5797,"nanoSzachy 3.0",2336.1,"-",624.50,1263,49.45
5798,"Pirarucu 2.0.0",2335.9,"-",809.00,1392,58.12
5799,"EveAnn 1.71",2335.8,"-",341.00,698,48.85
5800,"Sage 3.53",2335.4,"-",5096.50,10265,49.65
5801,"Arion 1.7",2335.1,"-",11759.00,24348,48.30
5802,"KhepriChess 4.0.0",2334.8,"-",18.00,106,16.98
5803,"TJchess 1.1",2334.2,"-",3017.00,6219,48.51
5804,"WChess 1.06",2333.6,"-",1223.50,2455,49.84
5805,"Waxman 2017",2333.6,"-",2663.00,6535,40.75
5806,"Tytan 9.32",2333.2,"-",3697.00,7277,50.80
5807,"FoxSEE 5.0.1",2332.7,"-",371.00,733,50.61
5808,"Apotheosis 3.0.0",2332.3,"-",692.50,1374,50.40
5809,"Lozza 1.15",2332.0,"-",270.00,531,50.85
5810,"Princhess 0.9.0",2331.6,"-",510.50,1003,50.90
5811,"Atlas 2.90",2331.6,"-",1000.50,2447,40.89
5812,"Plisk 0.2.5n",2331.5,"-",683.00,1203,56.77
5813,"Isa 2.0.64",2331.0,"-",1681.50,3300,50.95
5814,"BugChess2 1.4.1",2330.7,"-",175.50,363,48.35
5815,"Hermann 1.6.11",2330.7,"-",460.00,1072,42.91
5816,"Chezzz 1.0.3",2330.4,"-",4051.50,7850,51.61
5817,"Gibbon 2.60a",2330.2,"-",1939.00,3881,49.96
5818,"Maverick 0.51",2330.0,"-",335.00,662,50.60
5819,"Chaturanga 243",2329.9,"-",29.50,42,70.24
5820,"Homer 2.0",2329.5,"-",407.50,970,42.01
5821,"ECE 12.01",2329.4,"-",1447.00,2689,53.81
5822,"Cheese 1.3",2328.4,"-",1666.50,3432,48.56
5823,"Chess rs 0.6.0",2328.2,"-",7.00,57,12.28
5824,"Aice 0.99.2",2327.7,"-",4075.00,8271,49.27
5825,"Protej 0.5.9",2327.6,"-",519.50,1008,51.54
5826,"Alarm 0.931",2327.4,"-",12.50,19,65.79
5827,"Alfil 6.6.1",2327.2,"-",643.00,1296,49.61
5828,"Plisk 0.2.6",2327.2,"-",328.50,682,48.17
5829,"Waxman 2015",2327.1,"-",1482.50,3077,48.18
5830,"Alex 2.12a",2327.0,"-",156.00,326,47.85
5831,"Supernova 2.1.4",2325.3,"-",461.50,884,52.21
5832,"Pawny 0.1.8",2324.9,"-",721.50,1429,50.49
5833,"TJchess 1.01",2324.9,"-",1150.00,2311,49.76
5834,"DanaSah 2.26/16",2324.7,"-",207.50,383,54.18
5835,"Typhoon 1.00-304",2324.6,"-",24.00,42,57.14
5836,"Philou 2.8.0",2324.6,"-",1012.00,2146,47.16
5837,"Amy 0.9.6-pre",2324.2,"-",57.50,186,30.91
5838,"Sloth 2.1",2323.8,"-",28.50,131,21.76
5839,"Jumbo 0.5.27",2323.6,"-",260.00,546,47.62
5840,"nanoSzachy 3.1",2323.5,"-",679.00,1256,54.06
5841,"Resp 0.19",2323.2,"-",2667.50,5267,50.65
5842,"Cyberpagno 2.2",2323.1,"-",953.50,1855,51.40
5843,"Counter 0.8",2323.0,"-",160.50,336,47.77
5844,"Schooner 1.4.1",2322.7,"-",683.00,1416,48.23
5845,"Peacekeeper 1.01",2321.7,"-",10.00,48,20.83
5846,"Dirty 0.99n",2321.4,"-",205.00,390,52.56
5847,"Cheese 1.2",2320.4,"-",1860.50,4078,45.62
5848,"Tornado 2.1.35c",2320.3,"-",831.00,1700,48.88
5849,"Shield 1.1",2320.2,"-",2028.50,3966,51.15
5850,"Jumbo 0.4.17",2319.6,"-",776.50,1502,51.70
5851,"Asterisk v0.6b",2319.5,"-",635.00,1700,37.35
5852,"Asymptote 0.2.0",2319.4,"-",812.50,1532,53.04
5853,"DayDreamer 1.5",2319.1,"-",352.00,672,52.38
5854,"Peacekeeper 0.11",2318.9,"-",11.00,78,14.10
5855,"Tcheran 2.2",2318.8,"-",470.00,1044,45.02
5856,"EveAnn 1.72",2318.7,"-",3908.50,7903,49.46
5857,"Rebel 9 P90",2318.0,"-",154.50,364,42.45
5858,"Bagatur 1.4c",2317.9,"-",129.50,276,46.92
5859,"FoxSEE 5.3",2317.8,"-",296.50,606,48.93
5860,"Patzer 2.99zt",2317.4,"-",47.50,111,42.79
5861,"StockNemo 3.0.0.2",2317.1,"-",443.50,1019,43.52
5862,"Amira 1.4",2316.7,"-",506.50,996,50.85
5863,"Alex 2.07a",2316.5,"-",873.50,1592,54.87
5864,"Asterisk 0.6",2316.3,"-",2751.00,5546,49.60
5865,"Pedantic 0.1",2316.1,"-",438.50,917,47.82
5866,"MadChess 2.0",2316.0,"-",1887.50,3533,53.42
5867,"Alex 214",2315.9,"-",27.50,41,67.07
5868,"Dimitri 350a",2315.8,"-",511.50,958,53.39
5869,"Gibbon 2.69a",2315.8,"-",2434.50,5067,48.05
5870,"Alex 2.13",2315.2,"-",156.00,330,47.27
5871,"KnightX 1.93",2315.1,"-",941.00,1924,48.91
5872,"DanaSah 2.26",2314.8,"-",741.50,1469,50.48
5873,"GreKo 5.9",2314.7,"-",770.00,1657,46.47
5874,"Rusty Rival 1.0.26",2313.8,"-",7.50,32,23.44
5875,"JackyChess 0.12.0",2313.1,"-",40.50,148,27.36
5876,"Soomi 1.1.8",2312.9,"-",12.00,42,28.57
5877,"Mediocre 0.5",2312.2,"-",3031.50,6105,49.66
5878,"EveAnn 1.71a",2312.2,"-",1104.50,2142,51.56
5879,"Averno 0.81",2312.0,"-",5252.50,10892,48.22
5880,"Bagatur 1.3a",2311.6,"-",446.50,875,51.03
5881,"Raphael 1.8.0.0",2311.5,"-",60.00,202,29.70
5882,"Galjoen 0.38",2311.3,"-",847.50,1459,58.09
5883,"Rebel 8 P90",2311.1,"-",269.00,523,51.43
5884,"Googleplex Starthinker 1.4",2310.4,"-",1522.50,2695,56.49
5885,"Rodin 2.3a",2310.3,"-",397.00,884,44.91
5886,"Goldfish 2.1.1",2310.1,"-",565.50,1056,53.55
5887,"Eubos 2.20",2309.5,"-",473.50,948,49.95
5888,"Waxman 2016",2309.5,"-",1246.50,2447,50.94
5889,"Axon 0.3",2309.4,"-",111.00,476,23.32
5890,"EveAnn 1.70",2309.3,"-",929.00,2006,46.31
5891,"Oxide 1.0.0",2308.9,"-",480.50,841,57.13
5892,"Nemeton 1.3",2308.8,"-",1356.00,2618,51.80
5893,"Ant 6.06",2308.5,"-",17.50,22,79.55
5894,"Popochin 4.0",2308.3,"-",1537.00,3563,43.14
5895,"Thor's Hammer 2.29",2308.0,"-",200.00,444,45.05
5896,"Eeyore 1.48",2308.0,"-",1950.00,3862,50.49
5897,"Kingfisher 1.1.1",2307.4,"-",1695.00,3943,42.99
5898,"Betsabe II 1.09",2307.3,"-",325.00,393,82.70
5899,"KnightX 1.92",2306.5,"-",4853.50,9608,50.52
5900,"LittleThought 1.00",2306.3,"-",159.00,329,48.33
5901,"Lambergar 0.3",2305.9,"-",8.00,71,11.27
5902,"Simplex 0.9.7",2305.5,"-",1035.00,2020,51.24
5903,"Asterisk 0.6b",2305.4,"-",413.00,857,48.19
5904,"Hiarcs 6 P90",2305.4,"-",238.00,475,50.11
5905,"Polaris 1.2.0",2305.3,"-",482.50,992,48.64
5906,"Jumbo 0.6.99.2",2305.1,"-",2.00,32,6.25
5907,"Nebiyu 1.2",2304.7,"-",83.00,295,28.14
5908,"Eubos 2.22",2304.4,"-",29.50,104,28.37
5909,"Clovis 1.3",2304.4,"-",366.00,722,50.69
5910,"RubiChess 0.7",2304.3,"-",718.50,1350,53.22
5911,"Sungorus 1.4",2304.1,"-",5300.50,10771,49.21
5912,"Kingfisher 1.0",2302.2,"-",1027.00,2055,49.98
5913,"Glass 1.2",2301.2,"-",920.00,1890,48.68
5914,"Beowulf 2.3 b5.1",2301.2,"-",21.50,34,63.24
5915,"FoxSEE 5.1.2",2300.6,"-",904.50,2028,44.60
5916,"Joker 1.1.14",2300.5,"-",3385.50,6751,50.15
5917,"FoxSEE 5.0.0",2300.2,"-",539.00,936,57.59
5918,"Capivara LK 0.09a02a",2299.5,"-",134.00,277,48.38
5919,"EveAnn 1.67",2299.5,"-",907.50,1752,51.80
5920,"Alfil 7.1",2299.2,"-",58.00,124,46.77
5921,"Viridithas 2.4.2",2298.5,"-",1.00,38,2.63
5922,"Zeppelin 1.4.0",2298.3,"-",4.00,20,20.00
5923,"Abbess 2022B",2298.0,"-",966.00,1926,50.16
5924,"Calvin 3.2.0",2298.0,"-",440.00,861,51.10
5925,"CPW 1.1.18",2297.7,"-",36.00,84,42.86
5926,"NoraGrace 1.0",2297.3,"-",646.00,1421,45.46
5927,"Fornax 1-2",2297.2,"-",916.00,1675,54.69
5928,"Fritz 4 P90",2297.0,"-",14.00,28,50.00
5929,"pikoSzachy Extreme",2296.0,"-",147.00,296,49.66
5930,"Alfil 7.5",2295.9,"-",2.50,10,25.00
5931,"Dorpsgek Eves",2294.6,"-",60.50,93,65.05
5932,"Dimitri 3.81",2293.9,"-",454.00,923,49.19
5933,"Nemeton 1.2",2293.6,"-",1758.00,3579,49.12
5934,"Austerlitz 1.4.7",2293.3,"-",907.00,2100,43.19
5935,"Cheese 1.1",2292.1,"-",441.00,944,46.72
5936,"nanoSzachy 2.9",2292.0,"-",154.00,305,50.49
5937,"Alex 2.09",2291.7,"-",206.50,398,51.88
5938,"Cheese 1.1b",2291.6,"-",388.00,819,47.37
5939,"Rusty Rival 1.0.37",2291.6,"-",1.50,18,8.33
5940,"Ares 1.003a",2291.3,"-",1217.50,2515,48.41
5941,"LittleThought 1.03",2291.2,"-",866.50,1793,48.33
5942,"Capivara LK 0.09a01a",2291.2,"-",239.00,475,50.32
5943,"Hiarcs 5 P90",2291.1,"-",112.00,203,55.17
5944,"Tcheran 2.1",2289.6,"-",758.50,1555,48.78
5945,"Sjakk 1.1.9",2289.5,"-",884.50,1756,50.37
5946,"Gosu 0.11",2289.5,"-",208.50,484,43.08
5947,"chess22k 1.1",2289.4,"-",328.50,737,44.57
5948,"Throttle 3.0",2288.2,"-",4.00,60,6.67
5949,"Popochin 3.1",2288.0,"-",1084.50,2271,47.75
5950,"Horowitz 2.1",2287.9,"-",10.50,98,10.71
5951,"Chaturanga 2.4.3",2287.1,"-",1227.00,2450,50.08
5952,"Ayito 0.2.994",2286.8,"-",3326.00,6554,50.75
5953,"Zarkov 4.99",2286.6,"-",2.00,14,14.29
5954,"Popochin 2.9",2286.6,"-",161.50,341,47.36
5955,"Dragonrose 0.25",2286.6,"-",28.00,88,31.82
5956,"GreKo 5.4",2286.6,"-",547.50,1046,52.34
5957,"Pedone 0.3",2286.4,"-",147.00,325,45.23
5958,"Horizon 4.3",2286.3,"-",476.00,1021,46.62
5959,"Rotor 0.2",2286.2,"-",1875.50,3756,49.93
5960,"Pawny 0.1.6",2285.7,"-",187.00,379,49.34
5961,"Rebel 6 P90",2285.0,"-",22.00,39,56.41
5962,"CT800 1.34",2284.9,"-",413.50,884,46.78
5963,"Waxman 2013",2284.8,"-",1724.00,3174,54.32
5964,"Polaris 1.1.0",2284.6,"-",4.00,23,17.39
5965,"Nemeton 1.0",2284.6,"-",192.50,368,52.31
5966,"Fischerle 0.9.80SE",2284.5,"-",438.50,800,54.81
5967,"Counter 0.7",2284.2,"-",407.00,1050,38.76
5968,"Eggnog 5",2283.8,"-",1090.50,2165,50.37
5969,"Mephisto Atlanta",2282.8,"-",16.00,20,80.00
5970,"Fischerle 0.9.70 SE",2282.3,"-",802.50,1624,49.42
5971,"Zevra 1.8.6 r672",2282.2,"-",899.50,1854,48.52
5972,"Sorgenkind 0.2",2282.1,"-",168.50,369,45.66
5973,"Philou 2.7.0",2282.0,"-",753.50,1661,45.36
5974,"Invictus r228",2281.8,"-",1115.50,2238,49.84
5975,"Homer 1.1b3",2281.8,"-",146.00,414,35.27
5976,"GreKo 5.5",2281.7,"-",224.00,437,51.26
5977,"Rudim 2.1.2",2281.2,"-",0.50,39,1.28
5978,"Fatalii 0.5.0",2281.1,"-",769.00,1685,45.64
5979,"Kreveta 2.3.0",2280.8,"-",422.50,893,47.31
5980,"Nemeton 1.1",2280.4,"-",417.50,883,47.28
5981,"Soomi 1.1.6",2279.8,"-",6.00,30,20.00
5982,"Albatros 1.0.0",2279.8,"-",131.50,427,30.80
5983,"Matilde 2008",2279.7,"-",2160.00,4277,50.50
5984,"Anka 0.5.0",2279.3,"-",479.50,911,52.63
5985,"Fischerle 0.9.80 SE",2279.3,"-",1752.50,3594,48.76
5986,"Jester 0.85",2279.1,"-",7.50,43,17.44
5987,"RomiChess P3d",2279.0,"-",146.50,505,29.01
5988,"Hiarcs 4 P90",2278.6,"-",70.00,143,48.95
5989,"Radiance 4.4",2278.6,"-",8.50,78,10.90
5990,"Stellar 1.3.0",2278.5,"-",634.00,1267,50.04
5991,"Popochin 3.2",2278.2,"-",4425.50,9215,48.02
5992,"Sloth 2.0",2277.9,"-",74.00,300,24.67
5993,"Napoleon 1.8",2277.7,"-",2231.00,4647,48.01
5994,"Kreveta 2.2.4",2277.6,"-",417.00,792,52.65
5995,"Wasabi 1.2.1",2277.5,"-",465.00,869,53.51
5996,"Esc 1.16",2277.3,"-",3546.00,6894,51.44
5997,"Djinn 0.892c",2276.9,"-",127.50,480,26.56
5998,"Sloth 1.6",2276.6,"-",26.00,146,17.81
5999,"Throttle 3.2.2",2276.5,"-",67.50,226,29.87
6000,"Arcanum 1.12",2276.2,"-",716.50,1406,50.96
6001,"Freda 1.1",2276.1,"-",508.00,1122,45.28
6002,"Peacekeeper 1.0",2275.5,"-",7.00,79,8.86
6003,"Rusty Rival 1.0.23",2275.4,"-",406.50,919,44.23
6004,"MinimalChess 0.5",2275.0,"-",465.00,922,50.43
6005,"Chispa 4.03",2274.5,"-",11.50,19,60.53
6006,"CT800 1.33",2274.5,"-",403.50,844,47.81
6007,"Dumb 1.3",2274.5,"-",1155.00,2436,47.41
6008,"pounce 1.2.4.8",2274.0,"-",30.00,127,23.62
6009,"nanoSzachy 2.8",2273.6,"-",161.50,331,48.79
6010,"Camel 1.5.1",2273.5,"-",47.00,168,27.98
6011,"Dragonrose 0.21",2273.3,"-",9.00,81,11.11
6012,"Gibbon 2.57a",2272.8,"-",1787.50,3928,45.51
6013,"Paladin 0.1",2272.6,"-",1999.00,3936,50.79
6014,"FireFly 2.7.2",2272.4,"-",3445.50,8845,38.95
6015,"Turbulence 0.0.3",2272.4,"-",777.50,1524,51.02
6016,"Aice 0.97",2272.4,"-",565.00,819,68.99
6017,"Raven 0.70",2271.5,"-",198.50,425,46.71
6018,"Camel 1.6.0",2271.1,"-",673.50,1661,40.55
6019,"Rebel 7 P90",2270.7,"-",35.50,75,47.33
6020,"Capivara LK 0.08a11",2270.5,"-",1472.50,2749,53.56
6021,"Maverick 0.5",2270.2,"-",482.50,999,48.30
6022,"Dimitri 3.61",2270.0,"-",628.50,1375,45.71
6023,"FKTB 0.0.76",2269.7,"-",444.50,958,46.40
6024,"Rodin 2.1h",2269.4,"-",181.50,384,47.27
6025,"Zeus 1.29",2269.4,"-",4286.50,10384,41.28
6026,"Scidlet 3.61",2269.3,"-",1626.00,3271,49.71
6027,"Bison 8.2.4r",2267.6,"-",226.00,477,47.38
6028,"Isa 2.0.61",2267.5,"-",760.50,1479,51.42
6029,"Tornado v0.84.2",2267.4,"-",70.00,135,51.85
6030,"Throttle 2.1",2267.2,"-",19.00,90,21.11
6031,"Chess Machine King 2",2267.1,"-",45.00,78,57.69
6032,"Clunk 1.1",2266.4,"-",1470.50,3042,48.34
6033,"Gaia 3.0",2266.3,"-",19.00,35,54.29
6034,"Floyd 0.7",2264.4,"-",702.50,1396,50.32
6035,"Barbarossa 0.4.0",2264.1,"-",1752.00,3699,47.36
6036,"Rival 1.0.1",2263.2,"-",1981.00,3816,51.91
6037,"Natwarlal 0.14",2263.1,"-",4756.50,9961,47.75
6038,"Zevra 1.8.5 r664",2262.7,"-",609.00,1094,55.67
6039,"Zeus 1.27",2262.1,"-",2058.50,4406,46.72
6040,"Ant 2006f",2261.6,"-",1149.50,2274,50.55
6041,"LittleThought 1.02",2261.4,"-",437.50,897,48.77
6042,"Butcher 1.64",2261.3,"-",1328.50,2800,47.45
6043,"Natwarlal 0.12",2261.2,"-",139.50,297,46.97
6044,"Butcher 1.60n1",2260.5,"-",794.50,1674,47.46
6045,"Smallbrain 2.0",2260.1,"-",194.50,406,47.91
6046,"Homer 1.1 4c",2260.0,"-",157.50,464,33.94
6047,"Sungorus 1.3",2259.6,"-",316.50,607,52.14
6048,"Dumb 1.2",2259.5,"-",225.00,403,55.83
6049,"Ifrit 4.03",2259.5,"-",21.50,63,34.13
6050,"Nimzo 3.5 P90",2259.5,"-",227.50,494,46.05
6051,"Homer 1.1 3",2257.6,"-",79.00,274,28.83
6052,"Rhetoric Lite",2257.4,"-",661.00,1305,50.65
6053,"OliThink 5.2.2",2257.1,"-",195.50,500,39.10
6054,"Bearded N44.2",2257.1,"-",365.00,705,51.77
6055,"Hermann 1.3.1",2257.0,"-",306.00,832,36.78
6056,"BikJump 3.0",2256.9,"-",682.50,1378,49.53
6057,"EXchess 5.01b",2256.7,"-",1655.50,3436,48.18
6058,"Waxman 2010",2256.0,"-",1792.00,4477,40.03
6059,"Throttle 3.2",2255.9,"-",13.50,20,67.50
6060,"100 Elo Chess",2255.5,"-",35.50,102,34.80
6061,"Rudim 2.1.1",2255.5,"-",10.50,46,22.83
6062,"CeeChess 1.3.2",2254.4,"-",1284.50,2767,46.42
6063,"Orion 0.2",2254.2,"-",2564.50,5023,51.06
6064,"Anechka 0.08",2253.7,"-",6333.00,13320,47.55
6065,"Zurichess Bern",2253.7,"-",527.50,818,64.49
6066,"Zeus 1.28",2253.6,"-",1057.00,2408,43.90
6067,"Chai 2.6.6",2253.6,"-",422.50,847,49.88
6068,"Monolith 0.2",2253.2,"-",214.50,383,56.01
6069,"GreKo 5.3",2253.2,"-",484.00,1110,43.60
6070,"Tigran 2.3",2253.0,"-",125.50,278,45.14
6071,"Junior 4 P90",2252.4,"-",45.00,141,31.91
6072,"Rotor 0.1a",2252.1,"-",1052.50,2477,42.49
6073,"Admete 1.2.1",2252.0,"-",254.50,366,69.54
6074,"Prophet 4.0",2251.9,"-",430.00,831,51.74
6075,"Popochin 3.0",2251.9,"-",152.00,332,45.78
6076,"CeeChess 1.3",2251.8,"-",972.00,1941,50.08
6077,"Hedgehog 1.99",2251.4,"-",145.50,291,50.00
6078,"Galjoen 0.40.1",2251.0,"-",68.50,149,45.97
6079,"Butcher 1.61",2250.3,"-",2249.50,4713,47.73
6080,"Waxman 2011",2250.3,"-",1360.50,2699,50.41
6081,"EveAnn 1.66",2249.7,"-",1262.00,2734,46.16
6082,"Horowitz 2.2",2249.5,"-",80.50,336,23.96
6083,"Willow 2.5.11",2249.5,"-",9.50,39,24.36
6084,"Robocide 0.4",2249.0,"-",1383.00,2855,48.44
6085,"Sage 2.2a",2248.7,"-",1509.00,3475,43.42
6086,"Cadabra 2.1.0",2248.2,"-",13.50,88,15.34
6087,"AliChess 4.21",2247.6,"-",288.50,615,46.91
6088,"Tornado 1.0",2246.7,"-",182.00,387,47.03
6089,"Shuffle 5.2.0",2246.2,"-",724.00,1507,48.04
6090,"SpaceDog 0.97.7",2244.8,"-",2105.00,4332,48.59
6091,"AliChess 4.25",2244.3,"-",4685.50,10020,46.76
6092,"Sjakk 1.1.8",2243.9,"-",793.00,1548,51.23
6093,"Kreveta 2.2.2",2243.4,"-",463.00,984,47.05
6094,"Lolbot 1.0.0.0 0.0.2alpha",2243.3,"-",5.50,29,18.97
6095,"EXchess 5.01",2243.2,"-",291.50,665,43.83
6096,"Mephisto Genius 2 486",2243.0,"-",30.00,60,50.00
6097,"Stash 15.3",2243.0,"-",509.00,886,57.45
6098,"CT800 1.32",2242.6,"-",894.00,1826,48.96
6099,"chessplusplus 1.2.0",2242.4,"-",1146.50,2459,46.62
6100,"WChess 1.06 P90",2242.4,"-",24.50,59,41.53
6101,"GreKo 5.2.5",2242.3,"-",140.50,295,47.63
6102,"Fischerle 0.9.60",2242.3,"-",710.00,1501,47.30
6103,"Nimzo 3 P90",2242.3,"-",89.00,159,55.97
6104,"NirvanaChess 1.0",2242.2,"-",569.50,1250,45.56
6105,"Zeppelin 1.4.2",2241.8,"-",5.50,60,9.17
6106,"Dorky 3.48",2241.6,"-",1184.50,2203,53.77
6107,"Calvin 2.6.2",2241.6,"-",443.00,941,47.08
6108,"Zevra 1.8.3 r636",2240.7,"-",414.00,773,53.56
6109,"Glass 1.0",2240.6,"-",946.50,2139,44.25
6110,"Drosophila 1.4",2240.4,"-",243.00,495,49.09
6111,"Arcanum 1.11.1",2240.3,"-",476.50,1091,43.68
6112,"Cinnamon 2.3.3",2240.3,"-",138.00,293,47.10
6113,"Zagreus 5.0",2239.9,"-",746.00,1736,42.97
6114,"FireFly 2.7.0",2239.4,"-",2052.50,4159,49.35
6115,"Camel 1.5.0",2238.9,"-",490.50,1063,46.14
6116,"Bit-Genie 4",2238.5,"-",519.00,922,56.29
6117,"Popochin 2.7",2238.1,"-",274.50,682,40.25
6118,"Ares 1.0",2238.1,"-",176.00,379,46.44
6119,"AliChess 4.18",2237.8,"-",148.50,298,49.83
6120,"Sage 3.27d",2237.8,"-",453.50,1006,45.08
6121,"Ant 2006-F",2237.6,"-",3241.50,6840,47.39
6122,"Jumbo 0.4.0",2237.1,"-",827.00,1706,48.48
6123,"Lux 3.1",2236.9,"-",6.50,92,7.07
6124,"FoxSEE 6.3.1",2236.6,"-",164.00,444,36.94
6125,"Cinnamon 2.3",2236.4,"-",363.50,591,61.51
6126,"Mediocre 0.4",2236.4,"-",833.50,1782,46.77
6127,"AliChess 4.20",2236.4,"-",1158.50,2457,47.15
6128,"Eubos 2.15",2236.1,"-",480.50,981,48.98
6129,"Pirarucu 1.9.2",2236.0,"-",307.50,592,51.94
6130,"CT800 1.30",2235.9,"-",1081.50,2208,48.98
6131,"Comet A90",2235.3,"-",41.50,80,51.88
6132,"Eubos 2.16",2235.0,"-",28.00,90,31.11
6133,"Chispa 4.0.3",2234.9,"-",4872.00,9651,50.48
6134,"Exacto 0.e",2234.8,"-",1451.50,2886,50.29
6135,"Dumb 1.1",2234.8,"-",275.00,500,55.00
6136,"Anechka 0.07",2234.5,"-",373.00,1006,37.08
6137,"Lozza 1.14a",2233.5,"-",189.50,408,46.45
6138,"Hiarcs 4 P 90",2233.4,"-",5.50,20,27.50
6139,"Stellar 1.4.0",2233.1,"-",65.00,282,23.05
6140,"EveAnn 1.64",2232.8,"-",727.00,1505,48.31
6141,"OliThink 5.1.9",2232.6,"-",591.50,1495,39.57
6142,"Myrddin 0.85",2231.6,"-",1147.00,2259,50.77
6143,"Fischerle 0.9.65",2231.4,"-",1354.50,2680,50.54
6144,"Joker 1.1.06",2231.4,"-",152.50,323,47.21
6145,"Waxman 2009",2231.2,"-",958.00,1993,48.07
6146,"RattateChess 1.0 Nosferatu",2231.2,"-",2255.50,4570,49.35
6147,"Junior 3.3-3.5 P90",2231.1,"-",120.50,247,48.79
6148,"Hussar 0.2",2230.8,"-",701.50,1483,47.30
6149,"Soomi 1.1.5",2230.5,"-",487.00,915,53.22
6150,"Lozza 1.13",2230.4,"-",478.00,883,54.13
6151,"Weini 0.0.23",2230.4,"-",704.50,1378,51.12
6152,"GreKo 5.1",2230.4,"-",156.50,282,55.50
6153,"Halogen 4",2230.1,"-",675.50,1393,48.49
6154,"KMTChess 1.2.1",2229.7,"-",1336.00,2572,51.94
6155,"Tornado 1.0 Mainz",2229.4,"-",1999.50,4750,42.09
6156,"Nectar 0.1.2",2228.7,"-",18.50,99,18.69
6157,"CT800 1.11",2228.7,"-",1064.00,2156,49.35
6158,"Nebiyu 1.4",2228.6,"-",186.00,480,38.75
6159,"Beowulf 2.4a",2228.5,"-",3214.00,6416,50.09
6160,"Deuterium 06.07.24.68b",2228.4,"-",96.50,503,19.18
6161,"Pingu 1.0.0",2228.2,"-",469.50,1066,44.04
6162,"Obender 3.2.x",2228.2,"-",1826.00,3769,48.45
6163,"Dorpsgek Eve's Temptation",2228.0,"-",2020.00,4068,49.66
6164,"Shield 1.0",2227.7,"-",637.00,1286,49.53
6165,"Isa 1.9.68",2227.4,"-",170.50,336,50.74
6166,"Isa 2.0.45",2227.2,"-",618.00,1146,53.93
6167,"Hiarcs 3 P90",2227.1,"-",24.50,46,53.26
6168,"Sloth 1.9",2226.7,"-",13.50,265,5.09
6169,"Eubos 2.17",2226.3,"-",476.00,1028,46.30
6170,"Adam 3.3",2226.0,"-",3980.00,8219,48.42
6171,"AliChess 4.19",2226.0,"-",165.50,355,46.62
6172,"Euwe 1.1.0",2225.8,"-",0.50,18,2.78
6173,"RamJet 0.13",2225.5,"-",1693.00,3431,49.34
6174,"Amira 1.0",2225.2,"-",570.50,1243,45.90
6175,"Betsabe II 1.08c",2225.1,"-",140.00,290,48.28
6176,"Peacekeeper 0.12",2224.9,"-",23.00,186,12.37
6177,"Renegade 0.9.0",2223.6,"-",628.00,1105,56.83
6178,"Eggnog 5.0",2223.3,"-",137.50,508,27.07
6179,"Zeta Dva 0402",2222.8,"-",5.50,36,15.28
6180,"Hagrid 0.7.56",2222.6,"-",1718.00,3269,52.55
6181,"Cyberpagno 2.1",2222.4,"-",1886.00,3632,51.93
6182,"GopherCheck 0.2.3",2222.4,"-",1885.00,3922,48.06
6183,"Zevra 1.8.4 r650",2222.2,"-",579.00,1265,45.77
6184,"Kimbo 0.2.1",2221.7,"-",448.50,861,52.09
6185,"Chess Machine Schroeder 3.1",2221.7,"-",22.50,80,28.13
6186,"Joker2 0.7.7",2221.1,"-",970.00,2049,47.34
6187,"Crab 3.12.0",2220.3,"-",67.00,189,35.45
6188,"Fritz 3 P90",2220.2,"-",94.50,271,34.87
6189,"Obender 03.2016",2219.9,"-",1697.00,3317,51.16
6190,"EXchess 4.03",2219.7,"-",741.00,1467,50.51
6191,"Aurora 1.0.0",2219.5,"-",304.50,775,39.29
6192,"KhepriChess 4.0.1",2218.7,"-",1068.50,2201,48.55
6193,"CT800 1.20",2216.2,"-",697.00,1531,45.53
6194,"Buzz 0.08",2216.2,"-",2250.50,4614,48.78
6195,"Atak 6.7",2216.0,"-",218.00,441,49.43
6196,"Fischerle 0.9.50",2215.8,"-",636.50,1230,51.75
6197,"Weini 0.0.24",2215.8,"-",1186.00,2305,51.45
6198,"Magnum Chess 1.01",2215.5,"-",423.00,949,44.57
6199,"Gibbon 2.52a",2215.5,"-",947.50,1892,50.08
6200,"BugChess2 1.3",2215.3,"-",25.50,72,35.42
6201,"Uralochka 1.1d",2214.6,"-",1401.50,2832,49.49
6202,"AliChess 4.06",2214.5,"-",190.50,422,45.14
6203,"CT800 1.12",2214.4,"-",832.50,1749,47.60
6204,"GarboChess 0.21",2213.7,"-",144.00,274,52.55
6205,"Protej 0.5.8c",2213.3,"-",2246.00,4653,48.27
6206,"FireFly 2.5.12",2212.8,"-",137.50,264,52.08
6207,"Juggernaut 1.00",2212.7,"-",375.00,724,51.80
6208,"Echekinator 1.0",2212.6,"-",520.00,1088,47.79
6209,"Deuterium 06.08.25.04",2212.3,"-",226.00,496,45.56
6210,"ChessAlex 2.0r4",2211.6,"-",1165.00,2374,49.07
6211,"ChessKISS 1.8d",2211.3,"-",736.00,1584,46.46
6212,"Princhess 0.8.0",2211.0,"-",24.50,181,13.54
6213,"Feuerstein 0.4.6.1",2210.7,"-",2148.00,4052,53.01
6214,"Schooner 1.4.2",2208.9,"-",138.00,300,46.00
6215,"Ifrit j3.6",2208.5,"-",172.00,336,51.19
6216,"Ant 2005 k",2208.1,"-",787.00,1685,46.71
6217,"Sinobyl 1.5",2208.1,"-",1415.50,2938,48.18
6218,"Atak 6.8",2207.4,"-",3124.00,6350,49.20
6219,"Bagatur 1.2d",2207.4,"-",128.00,276,46.38
6220,"Sunfish 2022-12-24_classic",2206.5,"-",5.50,61,9.02
6221,"MadChess 1.3",2206.0,"-",121.50,248,48.99
6222,"Gibbon 2.42c",2205.7,"-",225.50,488,46.21
6223,"Kobra 0.2",2205.7,"-",3.00,39,7.69
6224,"MORA 1.1.0",2205.3,"-",1823.00,3795,48.04
6225,"Atlas 2.20",2205.3,"-",1545.00,3128,49.39
6226,"CT800 1.31",2204.3,"-",190.00,448,42.41
6227,"Isa 2.0.48",2204.0,"-",1173.50,2462,47.66
6228,"Dorpsgek Dillinger",2203.7,"-",921.00,1800,51.17
6229,"Delphil 3.3b2",2202.8,"-",4.50,63,7.14
6230,"Philou 2.5.0",2202.0,"-",381.00,950,40.11
6231,"Uralochka 1.1b",2201.9,"-",3239.00,6647,48.73
6232,"Neurosis 2.3",2201.7,"-",273.00,567,48.15
6233,"Madeleine 0.2",2201.6,"-",4047.50,8153,49.64
6234,"Beowulf 2.4",2201.6,"-",986.50,2236,44.12
6235,"EveAnn 1.62",2200.2,"-",149.50,304,49.18
6236,"FireFly 2.6.0",2199.7,"-",641.00,1323,48.45
6237,"ECE 11.01",2199.7,"-",721.50,1567,46.04
6238,"Simplex 0.97",2199.4,"-",30.50,42,72.62
6239,"Camel 1.4.0",2198.9,"-",500.50,1057,47.35
6240,"Neurosis 2.5",2198.9,"-",2451.50,5033,48.71
6241,"JENCE 1.0.2",2198.4,"-",116.00,388,29.90
6242,"NG-Play 9.87",2197.3,"-",1022.50,2016,50.72
6243,"LittleThought 0.97",2197.3,"-",122.00,250,48.80
6244,"Smallbrain 1.1",2196.1,"-",554.00,1245,44.50
6245,"NG-Play 9.86",2195.8,"-",908.00,1877,48.38
6246,"Deuterium 06.07.24.61b",2195.0,"-",98.50,562,17.53
6247,"MORA 1.0.0",2194.5,"-",765.50,1494,51.24
6248,"Barbarossa 0.3.0",2194.5,"-",2059.50,3655,56.35
6249,"Chai 2.5.5",2193.9,"-",414.00,741,55.87
6250,"AliChess 4.16",2193.5,"-",714.50,1861,38.39
6251,"Alf 109",2193.1,"-",15.00,26,57.69
6252,"Shen Yu 1.0.1",2193.0,"-",541.50,1020,53.09
6253,"RattateChess Bologna 2007",2192.9,"-",282.50,552,51.18
6254,"Nebiyu 1.45",2192.9,"-",569.00,1399,40.67
6255,"Dorpsgek Cosmopolitan 1",2192.8,"-",114.00,165,69.09
6256,"LittleWing 0.6.0",2192.7,"-",46.00,97,47.42
6257,"FireFly 2.5.13",2192.7,"-",268.00,544,49.26
6258,"Feuerstein v0.4.61",2192.2,"-",823.50,1647,50.00
6259,"K2 0.57",2190.8,"-",1711.50,3538,48.37
6260,"Belette 2.0.0",2190.6,"-",440.50,988,44.59
6261,"ChessKISS 1.7",2189.8,"-",360.50,762,47.31
6262,"Achillees 1.0",2189.5,"-",1676.00,3560,47.08
6263,"Alex 2.03",2188.9,"-",569.00,1116,50.99
6264,"Glass 0.1.0c",2188.4,"-",140.00,265,52.83
6265,"EveAnn 1.63",2188.3,"-",138.50,284,48.77
6266,"Popochin 2.6",2187.5,"-",25.50,56,45.54
6267,"InmiChess 3.05",2187.0,"-",590.00,1385,42.60
6268,"MadChess 1.4",2186.5,"-",1083.50,2089,51.87
6269,"Raphael 1.7.6",2186.4,"-",9.50,42,22.62
6270,"Betsabe II 1.09c",2186.3,"-",123.50,268,46.08
6271,"Shuffle 4.4.0",2186.3,"-",11.00,95,11.58
6272,"Tiny Chess 1.46",2186.1,"-",1018.50,2071,49.18
6273,"Maelstrom 2.0.0",2185.8,"-",396.00,818,48.41
6274,"NoC 19.12",2185.3,"-",147.50,290,50.86
6275,"Smallbrain 1.2",2184.1,"-",14.00,104,13.46
6276,"Orion 0.1",2183.9,"-",1363.50,2881,47.33
6277,"Eubos 2.14",2183.8,"-",14.50,58,25.00
6278,"Zevra 1.8.1 r594",2183.7,"-",256.50,379,67.68
6279,"Halcyon 1",2183.6,"-",722.50,1714,42.15
6280,"Merlin 2.3.1",2183.1,"-",1064.00,2045,52.03
6281,"Glass 0.10b",2183.1,"-",788.50,1598,49.34
6282,"Cheers 0.2.1",2183.0,"-",1.00,26,3.85
6283,"Horowitz 2.2.0",2182.9,"-",629.00,1270,49.53
6284,"EXchess 5.04b",2182.8,"-",195.50,416,47.00
6285,"FireFly 2.5.10",2182.7,"-",139.00,278,50.00
6286,"Deuterium 06.07.24.63b",2182.4,"-",79.50,508,15.65
6287,"Napoleon 1.6.0b",2182.3,"-",1842.00,3646,50.52
6288,"Zevra 1.8.2 r612",2182.1,"-",192.50,424,45.40
6289,"Atak 6.5",2181.6,"-",272.50,548,49.73
6290,"Galjoen 0.37.2",2180.9,"-",586.50,1196,49.04
6291,"Alex 2.00",2180.8,"-",794.00,1947,40.78
6292,"Asymptote 0.1.8",2180.7,"-",1063.50,1873,56.78
6293,"AliChess 4.08",2180.7,"-",154.50,337,45.85
6294,"Obender 3.2.4.2",2180.6,"-",424.50,855,49.65
6295,"Chess Genius 1 486",2180.2,"-",69.50,112,62.05
6296,"ChessKISS 1.7c",2180.1,"-",2025.00,4056,49.93
6297,"FoxSEE 3.3.3",2179.1,"-",388.50,767,50.65
6298,"Genesis 2.0",2178.8,"-",3117.00,6146,50.72
6299,"Freda 1.0",2178.7,"-",537.50,1170,45.94
6300,"Carlito 0.1.0",2178.0,"-",17.00,93,18.28
6301,"Protej 0.58a",2178.0,"-",25.50,40,63.75
6302,"SpaceDog 0.97.5.1",2177.5,"-",830.00,1674,49.58
6303,"DrunkenMaster 1.2",2177.0,"-",1652.50,3190,51.80
6304,"Mediocre 0.34",2177.0,"-",255.00,521,48.94
6305,"RubiChess 0.6",2177.0,"-",602.50,943,63.89
6306,"NagaSkaki 5.12",2176.8,"-",3031.50,6095,49.74
6307,"Kobra 0.3a",2176.7,"-",234.50,502,46.71
6308,"Dorpsgek Cosmopolitan 2",2176.5,"-",785.00,1588,49.43
6309,"Ifrit 4.3",2176.3,"-",43.00,242,17.77
6310,"BlackBishop 1.0",2175.9,"-",3130.00,6557,47.74
6311,"Dragonrose 0.26",2175.3,"-",56.50,227,24.89
6312,"DiscoCheck 1.4",2175.0,"-",256.50,575,44.61
6313,"Quazar 0.2",2174.9,"-",143.00,290,49.31
6314,"Berserk 1.2.2",2174.8,"-",290.50,457,63.57
6315,"Pawny 0.13",2174.4,"-",189.00,361,52.35
6316,"Kurt 0.9.2.2",2174.2,"-",3341.50,6823,48.97
6317,"Embla 2.0.7",2174.2,"-",227.00,497,45.67
6318,"ChessKISS 1.8",2173.9,"-",441.00,1022,43.15
6319,"NG-Play 9.87b",2173.8,"-",360.00,802,44.89
6320,"Blunder 6.1.0",2173.7,"-",413.50,858,48.19
6321,"Infrared 2.0.2",2173.6,"-",224.50,550,40.82
6322,"Clever Girl r185",2172.8,"-",836.00,1778,47.02
6323,"Raven 0.60",2172.4,"-",439.00,835,52.57
6324,"ZCT 0.3.2451",2171.9,"-",1249.00,2650,47.13
6325,"Ifrit 4_4Beta9_9_2011",2171.9,"-",627.00,1299,48.27
6326,"Eubos 2.24",2171.8,"-",13.50,76,17.76
6327,"Hamsters 0.0.6",2171.5,"-",1624.00,3410,47.62
6328,"BlackBishop 0.47",2171.4,"-",137.50,280,49.11
6329,"Feuerstein 0.461",2171.1,"-",18.00,26,69.23
6330,"Sungorus 1.2",2171.0,"-",260.00,497,52.31
6331,"Blitzkrieg rev337",2170.7,"-",2091.50,4132,50.62
6332,"Alarm 0.93.1",2169.3,"-",4195.50,8275,50.70
6333,"Mephisto London",2169.1,"-",174.00,319,54.55
6334,"Chesley r323",2168.8,"-",1915.00,3706,51.67
6335,"Achillees 1.0.1",2168.8,"-",100.50,215,46.74
6336,"Amundsen 0.65.1",2168.3,"-",123.00,252,48.81
6337,"Kurt 0.922",2168.1,"-",22.50,38,59.21
6338,"Renegade 0.8.1",2167.7,"-",12.50,108,11.57
6339,"Nectar 0.1.0",2167.3,"-",7.00,68,10.29
6340,"Neurosis 2.4",2167.1,"-",166.00,341,48.68
6341,"Rudim 2.0.0",2166.7,"-",11.50,87,13.22
6342,"Deuterium 06.07.24.62b",2165.9,"-",73.50,504,14.58
6343,"Axolotl 1.5",2165.0,"-",575.50,871,66.07
6344,"Tiny Chess 1.4.6",2165.0,"-",644.50,1497,43.05
6345,"NG-Play 9.85",2164.2,"-",169.00,366,46.17
6346,"Genesis 2.01b",2163.9,"-",369.00,779,47.37
6347,"Soldat III 0.187",2163.9,"-",548.00,1124,48.75
6348,"Demolito 207.01.17",2163.7,"-",521.50,1200,43.46
6349,"Critter 0.34",2163.6,"-",679.00,1550,43.81
6350,"Supernova 2.0",2163.5,"-",179.50,413,43.46
6351,"BlackBishop 0.98",2163.1,"-",541.00,1242,43.56
6352,"Raphael 1.8.1.0",2162.9,"-",9.50,42,22.62
6353,"Leorik 1.0",2162.7,"-",316.00,659,47.95
6354,"Atak 6.0",2162.3,"-",151.00,294,51.36
6355,"RedQueen 0.6",2161.4,"-",192.50,418,46.05
6356,"Trinket 3.0.0",2161.2,"-",951.50,1999,47.60
6357,"Baryonyx 0.1.13",2161.1,"-",62.00,161,38.51
6358,"Sunsetter 10.3",2160.8,"-",3228.50,6247,51.68
6359,"Bagatur 1.2b",2160.1,"-",123.00,258,47.67
6360,"Simplex 0.9.3",2159.7,"-",140.50,293,47.95
6361,"BlackCore 1.0",2159.6,"-",508.00,1047,48.52
6362,"Lime 66",2158.8,"-",5606.00,11359,49.35
6363,"Fritz 3 486",2158.6,"-",56.50,151,37.42
6364,"Micah 1.0",2158.4,"-",917.50,1921,47.76
6365,"Fortuna 1.0",2157.9,"-",24.00,101,23.76
6366,"Fortress 1.62",2157.8,"-",4298.00,8680,49.52
6367,"Tunguska 1.0",2155.7,"-",1607.00,3669,43.80
6368,"Bearded 06_29",2155.4,"-",1063.50,1744,60.98
6369,"Mephisto Dallas",2155.0,"-",11.00,20,55.00
6370,"Infrared 2.0.1",2154.2,"-",582.50,1309,44.50
6371,"Isa 1.9.51",2153.0,"-",694.50,1432,48.50
6372,"Ifrit j3.8",2152.9,"-",138.50,302,45.86
6373,"Toad 1.4.0",2152.5,"-",15.50,81,19.14
6374,"Dragonrose 0.24",2151.6,"-",6.50,67,9.70
6375,"FoxSEE 3.3.4",2151.5,"-",366.00,823,44.47
6376,"Hedgehog 1.814",2151.4,"-",549.50,1089,50.46
6377,"FoxSEE 3.2.1",2151.2,"-",229.00,388,59.02
6378,"Nesik 0.7.0",2150.9,"-",2385.50,4854,49.15
6379,"Ifrit j4.3",2150.3,"-",258.50,563,45.91
6380,"AliChess 4.15",2149.7,"-",757.50,1748,43.34
6381,"Mediocre 0.334",2149.4,"-",160.50,328,48.93
6382,"Invictus 0.001",2149.3,"-",438.50,958,45.77
6383,"GopherCheck 0.2.2",2149.2,"-",949.50,1905,49.84
6384,"Betsabe II 1.05",2149.1,"-",143.00,322,44.41
6385,"Natto 4",2149.0,"-",22.00,101,21.78
6386,"Hiarcs 3 486",2149.0,"-",46.00,103,44.66
6387,"Dolphin 1.0",2149.0,"-",1628.50,3280,49.65
6388,"Luna 0.4.0",2148.7,"-",543.00,1115,48.70
6389,"Clever Girl r160",2148.5,"-",872.00,1850,47.14
6390,"Radiance 4.3",2147.7,"-",550.50,1151,47.83
6391,"Sloth 1.7",2147.5,"-",34.50,297,11.62
6392,"iCE 0.1",2146.9,"-",171.50,343,50.00
6393,"Chess Genius 1.4 SX1",2146.6,"-",56.50,100,56.50
6394,"Isa 1.9.63",2146.5,"-",627.50,1364,46.00
6395,"ProChess 1.02AD",2145.3,"-",1135.50,2246,50.56
6396,"WJChess 1.64",2144.9,"-",3017.00,6085,49.58
6397,"Sloth 1.4",2144.3,"-",1.50,23,6.52
6398,"FireFly 2.5.8",2144.1,"-",820.00,1602,51.19
6399,"Hedgehog 1.813",2143.8,"-",361.00,699,51.65
6400,"Prophet 2.0",2143.2,"-",668.50,1367,48.90
6401,"Chess Tiger 14.9a Palm m515",2143.1,"-",28.50,80,35.63
6402,"K2 0.43f",2142.6,"-",607.50,1241,48.95
6403,"Rebel 6 486",2142.0,"-",21.00,60,35.00
6404,"RamJet 0.14",2142.0,"-",1098.00,2439,45.02
6405,"Rustic 3.0.5",2141.9,"-",16.50,51,32.35
6406,"Embla 1.0.3",2141.2,"-",1425.00,2801,50.87
6407,"KnockOut 0.7.1",2141.1,"-",1775.50,3751,47.33
6408,"Rebel 7 486",2138.9,"-",65.50,184,35.60
6409,"GreKo 5.0",2138.8,"-",12.00,36,33.33
6410,"Hussar 0.1",2138.7,"-",581.00,1043,55.70
6411,"pikoSzachy 2.2",2138.3,"-",1276.50,3080,41.44
6412,"BlackBishop v1.0",2138.3,"-",273.50,879,31.11
6413,"Crabby 2.0.0",2138.3,"-",557.50,1063,52.45
6414,"Deuterium 06.07.24.71b",2138.2,"-",64.50,501,12.87
6415,"Simbelmyne 1.0.0",2137.6,"-",4.00,30,13.33
6416,"Maverick 0.2",2137.2,"-",685.50,1197,57.27
6417,"Adam 3.2",2136.6,"-",1051.00,2181,48.19
6418,"Toad 1.2.0",2136.1,"-",4.00,40,10.00
6419,"NG-Play 9.84",2134.2,"-",670.00,1362,49.19
6420,"Nectar 0.2.2",2133.8,"-",45.00,225,20.00
6421,"TJchess 0.121R",2133.6,"-",355.50,702,50.64
6422,"Alf 1.09",2133.5,"-",2068.50,4247,48.70
6423,"Horowitz 2.1.0",2130.2,"-",487.00,1055,46.16
6424,"NagaSkaki 4.00",2130.0,"-",119.50,266,44.92
6425,"GK 0.90",2129.9,"-",1534.50,3100,49.50
6426,"Ethereal 7.33",2129.8,"-",965.50,2147,44.97
6427,"Waxman 2008",2128.6,"-",1984.00,3896,50.92
6428,"FrankyGo 1.0.3",2128.1,"-",72.50,297,24.41
6429,"Bearded 06_29_02",2128.0,"-",255.50,538,47.49
6430,"Napoleon 1.7",2127.8,"-",810.00,1801,44.98
6431,"Parrot 07.01.16",2126.9,"-",171.50,371,46.23
6432,"TJchess 0.121",2126.5,"-",433.00,947,45.72
6433,"Eubos 2.12",2126.1,"-",471.00,977,48.21
6434,"Galjoen 0.36",2125.8,"-",951.00,2018,47.13
6435,"Jumbo 0.1.10",2124.3,"-",438.50,791,55.44
6436,"Wing 2.0a",2123.9,"-",5954.00,12963,45.93
6437,"Stellar 1.4.3",2123.9,"-",207.00,715,28.95
6438,"Zagreus 4.1",2123.5,"-",430.50,875,49.20
6439,"Shuffle 1.2.1",2122.7,"-",433.00,874,49.54
6440,"Wing 2.01",2122.6,"-",123.50,258,47.87
6441,"DanaSah 4.6",2122.3,"-",1.00,6,16.67
6442,"Camel 1.2.0",2119.8,"-",529.50,973,54.42
6443,"BikJump 2.01",2119.8,"-",5803.00,12009,48.32
6444,"Ghost 0.14",2119.8,"-",747.50,1463,51.09
6445,"Stash 14.0",2119.5,"-",479.50,1047,45.80
6446,"Kojiro 0.1.3",2119.5,"-",613.50,1202,51.04
6447,"Mephisto Polgar 6502",2117.8,"-",39.00,59,66.10
6448,"Milky 0.2.0",2114.5,"-",12.50,49,25.51
6449,"Kurt 0.9.2",2114.3,"-",276.50,572,48.34
6450,"Peripheral 1.1.3",2114.1,"-",631.50,1483,42.58
6451,"Parrot 07.07.22",2112.2,"-",1815.00,3698,49.08
6452,"Cosette 3.0",2112.2,"-",429.50,791,54.30
6453,"Uragano 3D 0.92",2111.7,"-",546.50,1144,47.77
6454,"Raven 0.50",2111.0,"-",1000.50,1800,55.58
6455,"Hedgehog 1.82",2110.3,"-",515.00,1074,47.95
6456,"Hedgehog 1.9",2109.8,"-",1406.50,2884,48.77
6457,"Zagreus 4.0",2109.6,"-",12.50,120,10.42
6458,"Napoleon 1.5.0",2109.4,"-",1123.50,2125,52.87
6459,"Uragano 3D 0.87",2109.2,"-",973.50,1856,52.45
6460,"WChess 1.6",2107.9,"-",22.00,66,33.33
6461,"Fischerle 0.9.30b",2107.7,"-",709.00,1453,48.80
6462,"Lynx 0.18.0",2107.7,"-",1.50,26,5.77
6463,"NG-Play 9.83",2107.1,"-",545.00,982,55.50
6464,"Myrddin 0.84",2107.0,"-",171.50,361,47.51
6465,"Ifrit j4.2",2106.9,"-",114.50,267,42.88
6466,"Napoleon 1.4.0",2106.6,"-",165.00,340,48.53
6467,"Eubos 2.10",2106.2,"-",508.50,974,52.21
6468,"Floyd 0.6",2105.3,"-",462.00,976,47.34
6469,"Lynx 0.17.0",2105.1,"-",19.00,220,8.64
6470,"SpaceDog 0.97.4",2104.9,"-",778.50,1456,53.47
6471,"Pirarucu 1.72",2104.1,"-",265.00,406,65.27
6472,"Lux 2.3",2102.5,"-",636.50,1323,48.11
6473,"Sjakk 1.1.7",2102.3,"-",521.50,1133,46.03
6474,"ChessMatrix 1.1.1",2101.4,"-",428.00,926,46.22
6475,"Embla 2.0.0",2101.3,"-",502.50,1266,39.69
6476,"Crabby 2.0",2101.2,"-",294.50,451,65.30
6477,"BBC 1.1",2099.9,"-",464.00,1021,45.45
6478,"Nectar 0.2.0",2098.7,"-",15.00,121,12.40
6479,"FrankyGo 1.0.2",2098.4,"-",564.00,1121,50.31
6480,"Adam 3.1",2098.4,"-",311.50,654,47.63
6481,"Clubfoot 1.0.124ac4f",2098.2,"-",842.00,1798,46.83
6482,"Lime 62",2098.1,"-",211.50,462,45.78
6483,"Cinnamon 2.2a",2097.8,"-",994.50,2101,47.33
6484,"Squared-Chess 1.3.0",2097.7,"-",1391.50,2745,50.69
6485,"Blunder 5.0.0",2097.6,"-",411.50,783,52.55
6486,"Purple Panda 21",2097.5,"-",476.00,989,48.13
6487,"Clarabit 1.00",2097.4,"-",4896.00,10046,48.74
6488,"Hopeless 0.49.0.2",2096.9,"-",23.00,34,67.65
6489,"Gunborg 1.35",2096.6,"-",2038.50,3975,51.28
6490,"Rebel P90",2096.0,"-",21.00,57,36.84
6491,"Myrddin 0.83k",2095.6,"-",747.50,1498,49.90
6492,"Obender 2.11.5",2094.8,"-",135.50,294,46.09
6493,"Hedgehog 1.81",2094.7,"-",262.00,510,51.37
6494,"Ifrit j2.9",2094.5,"-",158.00,326,48.47
6495,"AdroitChess 0.4",2094.3,"-",1307.00,2605,50.17
6496,"Rustic 3.05",2093.0,"-",12.00,58,20.69
6497,"Freyr 1.069",2093.0,"-",17.00,37,45.95
6498,"Gogobello 0.12",2092.9,"-",1283.50,2362,54.34
6499,"Weini 0.0.20",2092.3,"-",430.00,1035,41.55
6500,"Halogen 3.0",2091.9,"-",634.00,1322,47.96
6501,"Reckless 0.1.0",2091.9,"-",475.50,1066,44.61
6502,"Rhetoric 0.10d",2091.7,"-",801.50,1718,46.65
6503,"m24gc 1.1",2091.1,"-",636.50,1307,48.70
6504,"Alcibiades 0.2.7",2091.0,"-",451.00,990,45.56
6505,"Alex 1.96",2088.3,"-",579.00,1462,39.60
6506,"KhepriChess 3.1.0",2088.3,"-",505.50,922,54.83
6507,"Cupcake 1.1c",2088.0,"-",333.00,669,49.78
6508,"RamJet 0.12",2087.6,"-",743.00,1387,53.57
6509,"Kojiro 0.1.4",2086.6,"-",16.50,34,48.53
6510,"Sloth 1.8",2086.4,"-",21.00,130,16.15
6511,"FireFly 2.5.6",2084.6,"-",323.00,693,46.61
6512,"Maxwell 3.0.7",2084.2,"-",4.00,60,6.67
6513,"Honzovy Sachy 2",2084.0,"-",1219.00,2333,52.25
6514,"Rhetoric 0.10.d",2083.7,"-",749.50,1654,45.31
6515,"Embla 2.0.5",2083.3,"-",1094.50,2461,44.47
6516,"Neurosis 2.1",2082.7,"-",9.50,36,26.39
6517,"Fatalii 0.4.0",2082.2,"-",572.00,1154,49.57
6518,"Petrel 1.0",2081.6,"-",405.50,999,40.59
6519,"Elf 130",2081.3,"-",5.50,19,28.95
6520,"Jumbo 0.1.5",2081.0,"-",199.00,359,55.43
6521,"Wuttang rev2",2080.3,"-",46.00,106,43.40
6522,"Bodo 0.2b",2080.0,"-",2070.00,4290,48.25
6523,"MihanSolo 5.0.0",2079.7,"-",6.00,52,11.54
6524,"Buzz 0.07",2079.3,"-",235.00,506,46.44
6525,"Lynx 0.15.0",2078.9,"-",24.00,228,10.53
6526,"Embla 2.0.1",2078.3,"-",502.00,1000,50.20
6527,"King's Out 0.2.42",2078.0,"-",1343.50,2729,49.23
6528,"ZCT 0.3.2500",2077.3,"-",1079.00,2174,49.63
6529,"BigLion 2.23w",2076.7,"-",371.50,806,46.09
6530,"Alcibiades 0.3.0",2076.0,"-",730.00,1587,46.00
6531,"pawnocchio 0.9",2075.9,"-",2.00,44,4.55
6532,"Matheus 2.3",2075.5,"-",3389.00,6938,48.85
6533,"Eubos 2.11",2075.2,"-",409.50,919,44.56
6534,"Galjoen 0.35.2",2074.8,"-",457.00,960,47.60
6535,"Mephisto Risc 1",2074.2,"-",88.00,141,62.41
6536,"Gunborg 1.65",2074.1,"-",11.50,71,16.20
6537,"MadChess 1.2",2073.4,"-",1479.00,3012,49.10
6538,"Monarch 1.7",2072.7,"-",3759.50,7706,48.79
6539,"Floyd 0.5",2072.2,"-",720.50,1497,48.13
6540,"Obender 3.10.1",2071.9,"-",147.50,304,48.52
6541,"RDchess 3.23",2071.9,"-",1329.50,2520,52.76
6542,"Embla 1.0.2",2070.6,"-",470.00,1005,46.77
6543,"Drofa 1.0.0",2070.3,"-",458.00,879,52.10
6544,"Detroid 0.9.0",2068.9,"-",1181.50,2370,49.85
6545,"Atak 6.2",2068.8,"-",142.50,308,46.27
6546,"Gerbil 0.2",2068.0,"-",2758.50,5343,51.63
6547,"ChessMind 0.82",2067.9,"-",2898.50,5755,50.36
6548,"Abbess 2018.02.07",2067.1,"-",1284.00,2752,46.66
6549,"Topple 0.0.3",2066.4,"-",496.50,1040,47.74
6550,"Sjakk 1.1.6",2066.2,"-",168.00,374,44.92
6551,"Maxwell 3.1-3",2064.6,"-",734.00,1658,44.27
6552,"FireFly 2.5.4",2064.2,"-",158.50,331,47.89
6553,"Vice 1.0",2063.7,"-",2158.00,4313,50.03
6554,"Princhess 0.7.0",2063.1,"-",568.50,1192,47.69
6555,"BikJump 1.8",2062.8,"-",164.00,344,47.67
6556,"Svart 1.0.0",2061.9,"-",7.50,45,16.67
6557,"Smirf MS-178h",2060.9,"-",251.50,597,42.13
6558,"Abbess 2018",2060.0,"-",44.50,108,41.20
6559,"Cadabra 2.0.1",2059.5,"-",36.50,268,13.62
6560,"Captain 4.0",2059.3,"-",636.00,1504,42.29
6561,"FrankyGo 1.0.0",2058.3,"-",579.00,1091,53.07
6562,"KMTChess 1.1",2058.0,"-",146.00,319,45.77
6563,"Raphael 1.7.6.2",2057.4,"-",440.50,857,51.40
6564,"Matant 5.04",2056.7,"-",2166.50,3829,56.58
6565,"Stash 13.0.1",2056.6,"-",349.50,753,46.41
6566,"Lynx 0.16.0",2056.0,"-",495.00,1187,41.70
6567,"Ax 0.8",2055.7,"-",2904.50,6435,45.14
6568,"Hiarcs 1",2055.6,"-",9.50,20,47.50
6569,"Hedgehog 1.808",2055.6,"-",142.50,262,54.39
6570,"Loki 2.0.0",2055.1,"-",307.00,542,56.64
6571,"GES 1.32",2054.8,"-",11.50,32,35.94
6572,"ProChess 101CN",2054.6,"-",704.50,1328,53.05
6573,"Freyr 1.068",2051.4,"-",1376.00,2591,53.11
6574,"Jabba 1.0",2051.1,"-",2545.00,5308,47.95
6575,"Mess 0.0.2",2051.0,"-",8.50,78,10.90
6576,"Eubos 2.19",2050.9,"-",3.00,22,13.64
6577,"FoxSEE 2.12.0",2050.5,"-",745.00,1175,63.40
6578,"Smirf MS-176f-2",2049.5,"-",801.50,2296,34.91
6579,"Galjoen v0.35.1",2049.4,"-",205.00,500,41.00
6580,"Zeta Dva 0210",2049.3,"-",528.50,1029,51.36
6581,"Ecce 1",2049.3,"-",461.00,1099,41.95
6582,"Abbess 2016.12.11",2049.2,"-",897.50,1830,49.04
6583,"Pedone 0.2.1",2048.3,"-",647.50,1198,54.05
6584,"AdaChess 4.0",2046.2,"-",747.00,1882,39.69
6585,"Cadabra 2.0.0",2045.4,"-",585.50,1288,45.46
6586,"Soldat III 0.178",2045.2,"-",1104.50,2316,47.69
6587,"CDrill 2000",2043.5,"-",776.50,2152,36.08
6588,"Supernova 1.0.1",2041.7,"-",370.50,800,46.31
6589,"Vice 11",2041.6,"-",25.50,42,60.71
6590,"Cinnamon 2.0",2041.3,"-",1725.50,3773,45.73
6591,"Etude 0.12",2040.7,"-",10.00,23,43.48
6592,"Gibbon 2.01b",2040.4,"-",299.50,682,43.91
6593,"Kreveta 2.0.0",2039.9,"-",485.50,968,50.15
6594,"Requiem 0.53",2039.5,"-",1539.00,3012,51.10
6595,"Leonidas 8.3",2038.8,"-",1264.00,2350,53.79
6596,"Ecce 1.0",2038.8,"-",1977.00,4064,48.65
6597,"ECE 1.1",2038.7,"-",209.00,457,45.73
6598,"BBC 1.2",2037.8,"-",260.50,637,40.89
6599,"Smash 1.0.3a",2037.2,"-",1691.00,3338,50.66
6600,"Bestia 0.90",2036.0,"-",3276.50,7091,46.21
6601,"QueeNy v0.16",2034.0,"-",1536.50,4192,36.65
6602,"DelphiMAX 2.9",2033.4,"-",1044.50,2281,45.79
6603,"Zeta Dva 0301",2031.8,"-",667.00,1431,46.61
6604,"Cupcake 1.1a",2030.6,"-",678.50,1365,49.71
6605,"RamJet 0.11",2028.8,"-",555.00,1181,46.99
6606,"Mephisto Nigel Short",2027.8,"-",53.00,100,53.00
6607,"Embla 1.0.1",2027.5,"-",879.00,1989,44.19
6608,"Rusty Rival 1.0.18",2027.2,"-",0.50,15,3.33
6609,"Zahak 1.0.0",2027.1,"-",334.50,786,42.56
6610,"Maxwell 3.0.8",2026.2,"-",7.00,65,10.77
6611,"BigLion 2.23x",2025.3,"-",5587.50,12240,45.65
6612,"BadChessEngine 0.4.4",2025.3,"-",1185.00,2231,53.12
6613,"Dual 0.2.8",2024.6,"-",3.00,45,6.67
6614,"EveAnn 1.40b",2024.3,"-",70.00,273,25.64
6615,"Coiled 0.2b",2023.2,"-",1178.50,2549,46.23
6616,"Oberon 0.04",2023.1,"-",856.00,1694,50.53
6617,"FrankWalter 1.08",2023.1,"-",687.00,1412,48.65
6618,"Goldfish 1.13.0",2022.4,"-",1483.00,2930,50.61
6619,"Stockfish 1k",2022.2,"-",1.50,244,0.61
6620,"CiorapBot 0.3",2021.9,"-",501.50,1222,41.04
6621,"Leonidas 0.83",2021.8,"-",18.00,38,47.37
6622,"Zeta Dva 0204",2020.9,"-",204.00,293,69.62
6623,"Claudia 0.51",2020.2,"-",48.00,212,22.64
6624,"Ceibo 0.4",2019.8,"-",1845.50,3460,53.34
6625,"Peripheral 1.0.0",2019.7,"-",344.00,734,46.87
6626,"Comet 32 P90",2018.7,"-",69.00,368,18.75
6627,"Alex 1.84",2018.4,"-",87.00,150,58.00
6628,"Purple Panda 20",2017.6,"-",505.00,948,53.27
6629,"Wuttang r2",2017.5,"-",1200.50,2389,50.25
6630,"Lux 2.2",2017.0,"-",5.00,20,25.00
6631,"Wowl 1.3",2016.8,"-",206.00,443,46.50
6632,"Galjoen 0.34",2016.7,"-",431.00,867,49.71
6633,"chess4j 3.5",2015.4,"-",704.50,1382,50.98
6634,"Cinnamon 1.2b",2015.4,"-",573.00,1096,52.28
6635,"Cinnamon 2.1",2015.3,"-",118.50,275,43.09
6636,"Protej 0.5.7",2015.0,"-",890.50,1563,56.97
6637,"Gullydeckel 2.16pl1",2014.9,"-",2200.00,4351,50.56
6638,"Francesca 0.18",2013.8,"-",0.50,6,8.33
6639,"AdroitChess 0.3",2013.7,"-",828.00,1588,52.14
6640,"Apotheosis 2.0.0",2013.3,"-",548.00,1250,43.84
6641,"Alcibiades 0.3.0TM",2012.6,"-",37.00,81,45.68
6642,"Mustang 4.97",2012.1,"-",3020.00,6129,49.27
6643,"Bubble 1.5",2010.6,"-",1969.00,4235,46.49
6644,"Schola 1.1.0",2010.2,"-",1125.50,2357,47.75
6645,"Cosette 2.0",2008.2,"-",430.00,836,51.44
6646,"ChessV 2.2",2008.0,"-",728.00,1224,59.48
6647,"Sapeli 1.92",2007.6,"-",525.50,1070,49.11
6648,"Redtail 0.1.0",2007.6,"-",12.50,151,8.28
6649,"Hedgehog 1.806",2007.1,"-",104.50,223,46.86
6650,"Slibo 0.5.1",2006.9,"-",907.00,1866,48.61
6651,"Skiull 0.6",2006.5,"-",404.50,881,45.91
6652,"K2 0.35",2006.3,"-",133.50,289,46.19
6653,"Camel 1.0.1",2006.2,"-",29.00,205,14.15
6654,"Cupcake 1.0",2005.5,"-",649.00,1461,44.42
6655,"Squared-Chess 1.2.0",2004.3,"-",806.50,1620,49.78
6656,"Myrddin 0.83",2003.6,"-",152.00,334,45.51
6657,"Dual 0.2.6",2003.6,"-",22.00,150,14.67
6658,"Faile 1.4.4",2002.2,"-",3872.50,8231,47.05
6659,"Cinnamon 1.2a",2002.0,"-",560.50,1133,49.47
6660,"Plywood 1.7.3",2001.5,"-",844.00,1701,49.62
6661,"Galjoen 0.32",2001.4,"-",449.50,952,47.22
6662,"Sapeli 1.79",2000.4,"-",434.50,877,49.54
6663,"Celes 0.78 RWBC",1999.1,"-",582.50,1160,50.22
6664,"Fritz 2 486",1998.6,"-",29.00,60,48.33
6665,"La Dame Blanche 2.0c",1998.5,"-",2113.50,4103,51.51
6666,"Sloth 1.5",1998.2,"-",13.00,165,7.88
6667,"Zeta Dva 0305",1997.7,"-",876.00,1876,46.70
6668,"Squared-Chess 1.1.0",1997.3,"-",169.50,320,52.97
6669,"Mephisto Milano 6502",1997.2,"-",12.50,19,65.79
6670,"Stash 12.0",1996.9,"-",366.50,722,50.76
6671,"Bread 0.0.2",1996.4,"-",358.00,824,43.45
6672,"BSC 3.9",1995.8,"-",673.00,1329,50.64
6673,"Elephant 1.06",1994.7,"-",1737.50,3603,48.22
6674,"SSEChessII 2.05",1994.3,"-",2613.00,5105,51.19
6675,"Mephisto Roma II",1994.2,"-",43.00,80,53.75
6676,"Zeta Dva 0303",1994.0,"-",492.50,1132,43.51
6677,"Hedgehog 1.804",1993.9,"-",408.00,929,43.92
6678,"Fridolin 2",1992.3,"-",1.50,62,2.42
6679,"ChessKISS 1.3a",1992.0,"-",226.50,576,39.32
6680,"Snowy 0.2",1991.5,"-",1652.00,3596,45.94
6681,"Marvin 1.3.0",1990.6,"-",3366.00,7366,45.70
6682,"EveAnn 1.50",1990.2,"-",113.00,442,25.57
6683,"Sjakk 1.1.5",1990.0,"-",560.00,1294,43.28
6684,"chess4j 3.4.1",1987.4,"-",527.00,1094,48.17
6685,"Zeta Dva 0220",1985.7,"-",205.00,428,47.90
6686,"Chesser 2.0",1985.7,"-",26.50,87,30.46
6687,"Mephisto Milano",1985.1,"-",24.00,60,40.00
6688,"FireFly 2.1.3",1985.1,"-",62.00,188,32.98
6689,"Gogobello 0.11",1984.7,"-",939.50,1841,51.03
6690,"ALChess 1.84",1983.4,"-",2137.50,4326,49.41
6691,"Bismark 1.4",1982.2,"-",646.50,1272,50.83
6692,"KhepriChess 3.0.0",1980.9,"-",533.50,981,54.38
6693,"Zeta Dva 0310",1980.0,"-",992.00,2016,49.21
6694,"Hedgehog 1.802",1979.8,"-",133.50,345,38.70
6695,"Sissa 2.0.0",1979.6,"-",894.50,2399,37.29
6696,"ChessMind 0.80",1979.2,"-",577.50,1414,40.84
6697,"Mephisto Roma",1978.5,"-",10.50,19,55.26
6698,"Cinnamon 1.1c",1977.7,"-",618.50,1051,58.85
6699,"Sissa 2.0",1977.1,"-",866.50,1777,48.76
6700,"Weasel 1.0.2",1977.0,"-",437.00,1020,42.84
6701,"Rival 1.18",1976.7,"-",2144.50,4197,51.10
6702,"Tinman 0.4.0",1976.5,"-",685.00,1382,49.57
6703,"Kreveta 1.2.4",1976.4,"-",3.00,60,5.00
6704,"Nectar 0.1.8",1976.1,"-",474.50,948,50.05
6705,"Tcheran 1.0",1975.2,"-",500.50,955,52.41
6706,"Galjoen 0.33",1975.1,"-",442.00,942,46.92
6707,"Monik 2.2.3",1974.3,"-",1192.50,2506,47.59
6708,"BBC 1.0",1974.1,"-",284.50,672,42.34
6709,"Soldat III 0.172",1973.8,"-",765.00,1594,47.99
6710,"AdaChess 3.6",1973.0,"-",731.00,1441,50.73
6711,"chess4j 3.2",1972.8,"-",823.00,1682,48.93
6712,"JanWillem 1.13",1972.5,"-",2580.50,5423,47.58
6713,"c3 1.0.0",1972.4,"-",1.50,25,6.00
6714,"Sapeli 1.90",1972.1,"-",171.50,419,40.93
6715,"Zevra 1.6.1 r512",1971.5,"-",372.50,759,49.08
6716,"Jacksprat 1.0",1971.2,"-",997.00,1998,49.90
6717,"Monarch 1.5",1970.2,"-",140.00,352,39.77
6718,"Zevra 1.6.1 r5136",1969.8,"-",152.00,324,46.91
6719,"Leandor 2.0",1969.7,"-",457.00,929,49.19
6720,"Dabbaba 5.67",1969.6,"-",226.50,503,45.03
6721,"Etude 0.1.2",1968.8,"-",2072.50,4330,47.86
6722,"ChessMatrix 1.0.4",1968.1,"-",458.50,957,47.91
6723,"Rustic 3.99.0",1967.2,"-",23.50,194,12.11
6724,"Franky 1.0",1967.1,"-",954.50,2017,47.32
6725,"BibiChess 0.5",1967.0,"-",2143.00,4291,49.94
6726,"micro-Max 4.8",1966.6,"-",3562.00,7464,47.72
6727,"Zeta Dva 0306",1966.3,"-",595.00,1286,46.27
6728,"Eia 0.3",1965.4,"-",1006.50,2057,48.93
6729,"Smirf BC-176f-2",1965.1,"-",364.50,1198,30.43
6730,"ChessKISS 1.3",1965.1,"-",835.50,1626,51.38
6731,"BeLL 0.0.41",1963.7,"-",1019.50,2010,50.72
6732,"Camel 1.0.0",1963.0,"-",13.00,87,14.94
6733,"Sharper 0.17",1962.3,"-",1188.00,2573,46.17
6734,"Sapeli 1.64",1961.3,"-",426.00,780,54.62
6735,"Raphael 1.7",1961.0,"-",551.50,1040,53.03
6736,"Feuerstein 0.4.4.2",1959.5,"-",206.50,506,40.81
6737,"Rudim 1.5",1959.3,"-",428.50,843,50.83
6738,"Rival Chess 1.18",1959.3,"-",823.00,1749,47.06
6739,"Dual 0.2.7",1959.2,"-",3.50,87,4.02
6740,"Sapeli 2.0",1958.7,"-",429.00,960,44.69
6741,"Sapeli 1.78",1958.6,"-",234.50,506,46.34
6742,"Smirf 178eBC",1958.3,"-",306.50,517,59.28
6743,"Smash 1.0.3",1957.7,"-",2492.50,5234,47.62
6744,"Lxna 0.3.0",1957.5,"-",592.00,1220,48.52
6745,"Wowl 1.3.5",1957.2,"-",37.50,90,41.67
6746,"Kopyto 5df55e1",1957.1,"-",28.50,95,30.00
6747,"chessplusplus 1.0.0",1956.8,"-",453.50,1008,44.99
6748,"Zeppelin 1.0.0",1955.9,"-",1.00,16,6.25
6749,"ChessMatrix 1.0.6",1955.4,"-",506.00,1122,45.10
6750,"Freda 0.99",1955.3,"-",546.50,1588,34.41
6751,"Heracles 0.6.16",1955.2,"-",3199.50,6569,48.71
6752,"Amelia 0.15",1954.8,"-",484.00,1132,42.76
6753,"BSC 3.9++",1954.3,"-",1857.00,4016,46.24
6754,"RubiChess 0.5",1954.2,"-",302.00,586,51.54
6755,"Monik 2.2.6",1953.8,"-",2405.50,5112,47.06
6756,"Eubos 2.3",1953.1,"-",5.50,52,10.58
6757,"CDrill 1800 b4",1952.8,"-",37.00,83,44.58
6758,"Gandalf 2 P90",1952.3,"-",4.50,20,22.50
6759,"Zahak 0.3.0",1949.9,"-",431.50,881,48.98
6760,"Catto 0.10.0",1949.8,"-",4.00,37,10.81
6761,"Shadowfax 1.0.1",1949.5,"-",7.50,81,9.26
6762,"Cilian 4.14",1949.0,"-",2071.00,4679,44.26
6763,"Dabbaba 6.52",1947.6,"-",370.50,763,48.56
6764,"Kelp 0.12.0",1946.1,"-",626.00,1664,37.62
6765,"Claudia 0.5.1",1945.8,"-",387.00,767,50.46
6766,"Fairy-Max 5.0b3",1945.1,"-",471.00,919,51.25
6767,"Claudia 0.5",1944.3,"-",1958.50,4349,45.03
6768,"Mephisto Almeria",1943.9,"-",13.50,39,34.62
6769,"Monik 2.2.2",1943.6,"-",43.00,189,22.75
6770,"Embla 0.9.9",1941.3,"-",474.00,934,50.75
6771,"Javelin 1.0.0",1941.2,"-",485.50,1027,47.27
6772,"Neuromancer 1.4",1941.1,"-",692.50,1309,52.90
6773,"Skiull 0.5",1940.4,"-",785.50,1484,52.93
6774,"Tyrell 1.02",1939.2,"-",1100.00,1921,57.26
6775,"IACH 0.56z",1938.9,"-",2208.00,4304,51.30
6776,"Mephisto Mega IV 6502",1938.8,"-",5.50,20,27.50
6777,"Neuromancer 1.5",1938.2,"-",486.50,1140,42.68
6778,"Rudim 1.4",1938.1,"-",21.00,150,14.00
6779,"Freyr 1.070",1936.3,"-",167.50,445,37.64
6780,"Camel 0.3.1",1936.2,"-",5.50,78,7.05
6781,"Wowl 1.3.7",1936.2,"-",295.00,630,46.83
6782,"Claudia 0.5c",1934.6,"-",26.50,61,43.44
6783,"Goldfish 1.11.2",1934.6,"-",411.00,840,48.93
6784,"Reger 0.09",1934.5,"-",1078.50,2274,47.43
6785,"Carp 1.1.0",1934.2,"-",9.50,80,11.88
6786,"Eagle 0.7.5",1932.8,"-",2972.50,6128,48.51
6787,"Morphy 3.22",1932.8,"-",1836.00,3417,53.73
6788,"MrChess 2.1",1932.5,"-",1266.50,2221,57.02
6789,"Odonata 0.3.26",1932.0,"-",409.50,819,50.00
6790,"Minace 1.0",1931.8,"-",23.50,46,51.09
6791,"Maxwell 3.0.8-1",1931.7,"-",403.50,801,50.37
6792,"Presbyter 1.3.0",1931.5,"-",1232.50,2468,49.94
6793,"Warrior 1.0.3",1931.4,"-",3525.00,6940,50.79
6794,"Tcheran 1.1",1929.4,"-",8.00,180,4.44
6795,"Myrddin 0.82",1927.4,"-",397.50,1077,36.91
6796,"Tony's Chess 0.03",1927.3,"-",987.50,1935,51.03
6797,"Nectar 0.0.4",1927.1,"-",3.00,44,6.82
6798,"Dabbaba 7.49",1923.0,"-",2537.50,5154,49.23
6799,"Toad 1.1.0",1922.8,"-",4.50,80,5.63
6800,"Fairy-Max 5.0b",1922.2,"-",369.50,720,51.32
6801,"Radiance 4.2",1922.0,"-",459.50,939,48.94
6802,"DeepBlunder 1.0",1921.9,"-",5.00,47,10.64
6803,"MinimalChess 0.4.1",1921.6,"-",380.00,765,49.67
6804,"Clueless 1.4",1919.7,"-",4356.00,8762,49.71
6805,"Plisco 0.4",1919.3,"-",2.50,63,3.97
6806,"Lxna 0.3.1",1918.2,"-",5.50,60,9.17
6807,"ECE 0.3",1916.7,"-",202.00,526,38.40
6808,"MatMoi 7.15.0-cct",1916.3,"-",2095.50,4294,48.80
6809,"Zeta v0.99m",1915.7,"-",251.50,550,45.73
6810,"SnailChess 4.013",1914.3,"-",2530.00,4841,52.26
6811,"Dabbaba 7.49o",1913.7,"-",79.50,158,50.32
6812,"Zagreus 2.1.0",1913.5,"-",6.00,64,9.38
6813,"Purple Haze 2.10",1913.4,"-",708.00,1648,42.96
6814,"Fatalii 0.2.1",1913.2,"-",4.50,49,9.18
6815,"Tofiks 1.3.0",1912.8,"-",604.00,1288,46.89
6816,"Simple Chess 1.0.0",1912.7,"-",5.00,113,4.42
6817,"Zevra 1.5 r446",1911.0,"-",235.50,445,52.92
6818,"Rustic 3.0.0",1908.8,"-",881.50,1855,47.52
6819,"Ironfang 1.0",1908.3,"-",3.00,42,7.14
6820,"Surprise 4.3b13",1907.4,"-",1008.00,2210,45.61
6821,"WukongJS 1.5",1907.2,"-",549.50,1131,48.59
6822,"Dual 0.2.5",1906.8,"-",8.50,112,7.59
6823,"Robocide Feb2013",1905.7,"-",448.50,1294,34.66
6824,"Bit-Genie 2",1904.5,"-",437.00,798,54.76
6825,"Tinman 0.2.0",1904.4,"-",513.50,979,52.45
6826,"Turncoat 1.0",1903.9,"-",16.50,110,15.00
6827,"Purple Haze 2.1.0",1903.5,"-",2157.50,4298,50.20
6828,"Purple Panda 19",1903.3,"-",606.00,1274,47.57
6829,"Simontacchi 1.81",1901.9,"-",1629.50,2901,56.17
6830,"ChessMatrix 1.0.5",1901.0,"-",207.00,533,38.84
6831,"Princhess 0.5.1",1900.7,"-",399.50,817,48.90
6832,"Maelstrom 1.0.0",1900.3,"-",5.00,79,6.33
6833,"Zevra 1.6 r497",1900.0,"-",172.50,379,45.51
6834,"Princhess 0.6.0",1899.5,"-",466.50,932,50.05
6835,"RamJet 0.10",1899.1,"-",1086.00,2215,49.03
6836,"Eubos 2.6",1897.4,"-",397.00,774,51.29
6837,"Zeta v0.99l",1897.0,"-",177.50,426,41.67
6838,"Deepov 0.4.1",1896.7,"-",1659.50,3348,49.57
6839,"Gunborg 1.0",1895.5,"-",888.50,2099,42.33
6840,"Dodecahedron 0.0.1.2",1894.8,"-",46.00,236,19.49
6841,"Nectar 0.1.7",1894.3,"-",11.00,109,10.09
6842,"Monik 2.2.7",1894.1,"-",22.50,80,28.13
6843,"Mephisto Miami",1893.6,"-",11.00,40,27.50
6844,"Cosette 1.0",1893.2,"-",213.00,589,36.16
6845,"Tinman 0.3.0",1892.7,"-",415.00,882,47.05
6846,"Sapeli 1.02",1892.1,"-",361.00,764,47.25
6847,"Toad 1.0.0",1891.9,"-",574.50,1287,44.64
6848,"NG-Play 8.4",1890.0,"-",500.50,974,51.39
6849,"Gogobello 0.10",1889.5,"-",443.50,1009,43.95
6850,"DeepBlunder 1.1.7",1888.5,"-",5.00,100,5.00
6851,"Wowl 1.3.8",1885.4,"-",1140.50,2757,41.37
6852,"Fatalii 0.3.0",1885.1,"-",549.50,1035,53.09
6853,"Motsog 22",1883.3,"-",22.50,109,20.64
6854,"Nectar 0.0.2",1883.0,"-",6.50,81,8.02
6855,"Chers 0.6.0",1882.7,"-",1.00,101,0.99
6856,"MadChess 1.0",1881.8,"-",390.00,852,45.77
6857,"Fritz 1 486",1881.8,"-",32.50,60,54.17
6858,"Nimzo 2.2.1 486",1880.7,"-",8.50,38,22.37
6859,"Pirarucu 1.4",1878.4,"-",165.00,379,43.54
6860,"Lynx 0.14.1",1878.3,"-",6.00,330,1.82
6861,"Deepov 0.4",1877.0,"-",358.50,600,59.75
6862,"Roce 0.0390",1876.7,"-",2730.00,5518,49.47
6863,"Raven 0.40",1876.5,"-",296.00,591,50.08
6864,"ChessterfieldCL i5a",1874.9,"-",1773.50,3613,49.09
6865,"Sierzant 0.26",1874.6,"-",12.00,36,33.33
6866,"HeavyChess 0.13",1873.3,"-",714.00,1189,60.05
6867,"Motsog 19",1873.1,"-",30.00,130,23.08
6868,"ALChess 1.7",1871.9,"-",516.00,1045,49.38
6869,"Kreveta 1.2.3",1869.4,"-",416.50,853,48.83
6870,"Sayuri 2017.03.05",1869.3,"-",243.00,491,49.49
6871,"Belofte 0.9.8",1869.0,"-",5.50,23,23.91
6872,"Lynx 0.12.0",1868.1,"-",9.50,123,7.72
6873,"chess4j 3.1",1867.3,"-",127.00,254,50.00
6874,"Predateur 2.2",1865.0,"-",75.00,192,39.06
6875,"Halogen 2.8.1c",1864.8,"-",115.00,263,43.73
6876,"Milady 3.25",1864.4,"-",569.50,1089,52.30
6877,"Tofiks 1.1.0",1861.5,"-",10.50,151,6.95
6878,"Leandor 1.2",1861.2,"-",747.50,1450,51.55
6879,"Ranita 2.4",1861.1,"-",3793.00,7289,52.04
6880,"Eubos 2.4",1860.7,"-",376.00,820,45.85
6881,"Skiull 0.3",1860.7,"-",832.00,1711,48.63
6882,"Sayuri 2018.03.06",1860.7,"-",606.50,1329,45.64
6883,"KhepriChess 2.1.0",1860.6,"-",425.50,879,48.41
6884,"Barbarossa 0.1.0",1860.5,"-",185.50,291,63.75
6885,"MorphyChess 1.0.5",1860.3,"-",1758.50,3385,51.95
6886,"Emerald 0.3.0",1858.4,"-",479.50,989,48.48
6887,"Tofiks 1.2.0",1857.0,"-",408.50,986,41.43
6888,"Halogen 2.7.3",1854.9,"-",379.00,796,47.61
6889,"CDrill 1800 build 4",1854.5,"-",986.50,2193,44.98
6890,"Koedem 1.1.2",1854.1,"-",1063.50,2226,47.78
6891,"Eia 0.2",1853.9,"-",1405.50,3173,44.30
6892,"Peacekeeper 0.1",1853.0,"-",4.00,25,16.00
6893,"Topas 1.3.3",1852.8,"-",563.00,1407,40.01
6894,"JARS 1.75a",1852.8,"-",1070.00,1905,56.17
6895,"Loki 1.2.0",1852.0,"-",404.50,853,47.42
6896,"Mephisto Polgar",1851.2,"-",3.00,20,15.00
6897,"Celes 0.77c",1849.1,"-",1373.00,2732,50.26
6898,"Mephisto Super Mondial",1848.7,"-",9.00,39,23.08
6899,"Gogobello 0.08",1847.3,"-",707.50,1600,44.22
6900,"Zahak 0.2.1",1847.0,"-",65.00,234,27.78
6901,"MorphyChess 1.05",1846.6,"-",15.00,42,35.71
6902,"Zurichess Appenzeller",1845.8,"-",360.00,747,48.19
6903,"Counter 0.1",1845.2,"-",285.50,698,40.90
6904,"Rustic 2",1845.1,"-",434.50,824,52.73
6905,"Tinman 0",1844.4,"-",7.50,52,14.42
6906,"Izumi-chan 0.5.4",1844.1,"-",500.00,1008,49.60
6907,"Chers 0.5.0",1840.7,"-",0.50,60,0.83
6908,"Catto 0.12.3",1840.6,"-",1.50,60,2.50
6909,"Princhess 0.3.1",1840.6,"-",357.50,699,51.14
6910,"Nectar 0.1.4",1839.8,"-",507.00,1046,48.47
6911,"Sayuri 2016.09.12",1839.3,"-",488.50,945,51.69
6912,"Zevra v1.3.1r340",1839.0,"-",527.00,1200,43.92
6913,"Sayuri 2018.05.23",1838.3,"-",995.50,2120,46.96
6914,"Predateur 2.1",1837.2,"-",850.50,1710,49.74
6915,"Alex 1.78",1836.9,"-",80.50,256,31.45
6916,"Sayuri 2017.08.19",1836.3,"-",528.50,1142,46.28
6917,"Dabbaba 2.62",1835.8,"-",793.50,1791,44.30
6918,"HoiChess 0.18",1835.7,"-",103.00,218,47.25
6919,"RataAeroespacial 0.2.1",1835.3,"-",2356.00,5093,46.26
6920,"Hopper 1.0",1834.8,"-",500.50,1013,49.41
6921,"Milady 3.04",1834.5,"-",318.00,690,46.09
6922,"Pigeon 1.5.1",1834.0,"-",1338.50,3068,43.63
6923,"Eques 1.0.0",1834.0,"-",506.50,1130,44.82
6924,"Predateur 2.2.1",1833.4,"-",1783.00,3727,47.84
6925,"Apotheosis v1",1832.5,"-",2.00,51,3.92
6926,"GearHeart 0.16",1832.4,"-",628.00,1253,50.12
6927,"Predateur 2.0",1831.9,"-",78.50,224,35.04
6928,"DeepBlunder 1.1.9",1830.2,"-",9.00,53,16.98
6929,"HoiChess 0.22.0",1830.0,"-",1076.00,2097,51.31
6930,"Walleye 1.6.0",1827.6,"-",746.00,1566,47.64
6931,"MOBMAT 0.903d",1827.6,"-",868.50,1935,44.88
6932,"Whitespine 1.4.0",1825.2,"-",1.00,38,2.63
6933,"chess4j 3.0",1822.6,"-",406.00,832,48.80
6934,"Chenard 06.03.2018",1821.1,"-",30.50,90,33.89
6935,"Chenard 2018.03.06",1819.4,"-",829.50,1856,44.69
6936,"Amelia 0.12",1818.7,"-",466.00,1001,46.55
6937,"Eubos 2.2",1818.7,"-",446.00,917,48.64
6938,"NuclearChess 1.0",1818.4,"-",500.00,1009,49.55
6939,"Soldat 0.25b",1818.3,"-",1351.50,3388,39.89
6940,"Fauce 0.41c",1817.3,"-",1106.50,2171,50.97
6941,"BremboCE 0.6.2",1817.3,"-",701.50,1231,56.99
6942,"Purple Panda 18",1816.6,"-",430.00,1052,40.87
6943,"HoiChess 0.103",1816.2,"-",647.50,1028,62.99
6944,"Nectar 0.0.5",1816.0,"-",5.00,80,6.25
6945,"Mephisto Rebell",1814.5,"-",8.00,40,20.00
6946,"Beaches 2.32",1813.9,"-",2120.00,4503,47.08
6947,"AdaChess 3.1",1813.3,"-",292.50,719,40.68
6948,"Prometheus 0.2",1813.2,"-",17.00,104,16.35
6949,"Radiance 4.1",1813.0,"-",474.00,1062,44.63
6950,"Fatalii 0.3.1",1812.9,"-",5.50,108,5.09
6951,"Apollo 1.2.1",1812.8,"-",1696.50,3507,48.37
6952,"WukongJS 1.4",1812.4,"-",239.00,344,69.48
6953,"Zarkov 3 486/25",1812.2,"-",4.00,21,19.05
6954,"Macromix 2.01",1811.3,"-",960.00,1853,51.81
6955,"Embracer 1.12",1810.6,"-",1051.00,2050,51.27
6956,"Chenard 2013.02.27",1808.4,"-",184.00,326,56.44
6957,"Laurifer 1.0",1807.0,"-",2532.00,5101,49.64
6958,"Ziggurat 0.18",1805.8,"-",809.00,1756,46.07
6959,"Heracles 0.5.9",1804.7,"-",162.00,299,54.18
6960,"Javalin 1.3.1",1804.7,"-",131.00,257,50.97
6961,"Enigma 1.1.4",1804.3,"-",2632.00,5494,47.91
6962,"Grizzly 1.40.1b",1804.0,"-",1767.50,3447,51.28
6963,"HoiChess 0.21.0",1803.6,"-",176.50,425,41.53
6964,"Sapeli 1.0",1802.7,"-",486.00,999,48.65
6965,"Chenard 2015.04.08",1802.2,"-",494.50,945,52.33
6966,"BikJump 1.3",1800.5,"-",85.00,223,38.12
6967,"Cecir 3.5",1800.5,"-",1656.50,3397,48.76
6968,"Lynx 0.14.0",1799.9,"-",413.50,827,50.00
6969,"Zevra 1.31 r340",1799.5,"-",245.50,493,49.80
6970,"Mint 2.3",1798.0,"-",1611.50,2880,55.95
6971,"NG-Play 8.3",1797.1,"-",179.50,258,69.57
6972,"Chers 0.8.0",1795.7,"-",532.00,1264,42.09
6973,"Bit-Genie 1.0.0",1795.5,"-",459.00,916,50.11
6974,"Chenard 2010.08.23",1794.8,"-",790.50,1698,46.55
6975,"Pulsar 2009-9b",1794.5,"-",1611.50,3041,52.99
6976,"Pioneer 0.3.2",1793.7,"-",20.50,140,14.64
6977,"Superpawn 110",1792.8,"-",23.50,88,26.70
6978,"Pigeon 1.5.0",1791.4,"-",525.00,919,57.13
6979,"Topple 9e741b2",1790.9,"-",169.00,325,52.00
6980,"BeRoChess 1.00",1790.9,"-",1368.00,2719,50.31
6981,"Chers 0.7.1",1790.2,"-",501.00,1083,46.26
6982,"Smirf BC-178f",1789.1,"-",16.50,48,34.38
6983,"Monochrome r203",1788.2,"-",4.00,24,16.67
6984,"Robin 0.983a",1786.1,"-",840.50,1748,48.08
6985,"Renegade 0.7.0",1786.1,"-",432.50,965,44.82
6986,"Skiull 0.2",1784.2,"-",437.50,899,48.67
6987,"Robin 0.983",1784.1,"-",2423.50,4811,50.37
6988,"Ziggurat 0.22",1783.6,"-",419.50,912,46.00
6989,"Stash 11.0.1",1782.1,"-",228.00,490,46.53
6990,"Sayuri 2017.16.12",1780.9,"-",165.50,395,41.90
6991,"Princhess 0.4.0",1780.1,"-",170.50,465,36.67
6992,"Loki 1.0.2",1780.0,"-",197.50,317,62.30
6993,"Catto 0.1.0",1779.1,"-",1.00,86,1.16
6994,"Catto 0.12.1",1778.8,"-",2.00,26,7.69
6995,"Zagreus 3.0",1778.2,"-",441.50,872,50.63
6996,"Ziggy 0.7",1777.8,"-",608.50,1032,58.96
6997,"TDFA 1.0.0",1777.5,"-",2.50,73,3.42
6998,"Odonata 0.3.17",1776.8,"-",236.50,389,60.80
6999,"BLANK 1.3.0",1775.6,"-",760.50,1487,51.14
7000,"Apotheosis 1.0.1",1775.1,"-",418.50,797,52.51
7001,"Purple Panda 17",1774.6,"-",401.50,826,48.61
7002,"Zevra 1.21 r290",1773.9,"-",149.50,410,36.46
7003,"JSBam 0.52",1773.7,"-",575.00,948,60.65
7004,"Chenard 2015.08.14",1770.4,"-",384.00,867,44.29
7005,"Yoda 1.30",1769.0,"-",811.00,1899,42.71
7006,"Reggz 0.6.0",1768.5,"-",21.50,136,15.81
7007,"CiorapBot 0.2",1765.5,"-",23.50,228,10.31
7008,"Chenard 2009.09.19",1765.4,"-",425.50,1518,28.03
7009,"Lynx 0.13.0",1764.5,"-",465.00,1030,45.15
7010,"SEE 0.6.9",1764.3,"-",1801.50,3484,51.71
7011,"Tristram 4.16",1764.0,"-",814.50,1577,51.65
7012,"Tscp 1.81e",1763.6,"-",1104.00,3096,35.66
7013,"Vicki 0.041a",1761.6,"-",1753.50,3443,50.93
7014,"Zzzzzz 3.51",1760.1,"-",523.50,1090,48.03
7015,"Kanguruh 1.93",1758.8,"-",2419.00,4779,50.62
7016,"FoxSEE 0.2.3",1758.2,"-",371.50,746,49.80
7017,"Sayuri 2017.12.07",1757.0,"-",124.00,355,34.93
7018,"EnkoChess 2017.08.19",1757.0,"-",167.50,354,47.32
7019,"Roque 2.1",1755.7,"-",409.00,777,52.64
7020,"Hedwig rev25",1755.5,"-",179.50,1000,17.95
7021,"Elf 1.3.0",1755.4,"-",2412.50,5385,44.80
7022,"MOBMAT 903d",1752.7,"-",42.50,95,44.74
7023,"KhepriChess 1.1.0",1751.4,"-",400.00,819,48.84
7024,"JaksaH v1.15",1751.2,"-",243.00,598,40.64
7025,"Zoidberg 0.1",1750.6,"-",1440.00,2769,52.00
7026,"Sayuri 2016.12.30",1749.9,"-",166.00,456,36.40
7027,"Adamant 1.7",1748.1,"-",2720.00,6148,44.24
7028,"Trinket 2.0.0",1746.0,"-",426.50,951,44.85
7029,"Wahoo 1.0.0",1745.8,"-",454.00,943,48.14
7030,"Blunder 4.0.0",1742.5,"-",276.00,589,46.86
7031,"KhepriChess 1.0.0",1742.0,"-",400.00,826,48.43
7032,"Tinman 0.1.2",1741.1,"-",304.50,649,46.92
7033,"Mephisto Academy 6502",1740.5,"-",27.50,84,32.74
7034,"Lumac0 14.0",1739.6,"-",573.00,1174,48.81
7035,"Tscp 1.81",1739.4,"-",3074.50,6335,48.53
7036,"Ceibo 0.3.65",1738.8,"-",280.50,545,51.47
7037,"AdaChess 3.4",1738.7,"-",426.50,949,44.94
7038,"KhepriChess 0.5.0",1737.5,"-",413.50,874,47.31
7039,"JaksaH 1.14.1",1736.3,"-",507.00,1042,48.66
7040,"Sayuri 2015.09.15",1735.1,"-",95.00,229,41.48
7041,"Aldebaran 0.7.0",1734.0,"-",1814.00,3860,46.99
7042,"Tinman 0.1.1",1733.7,"-",186.50,355,52.54
7043,"JaksaH v1.12",1733.3,"-",620.00,1448,42.82
7044,"Kitteneitor 0.22.1",1732.3,"-",493.00,1025,48.10
7045,"ShallowBlue 2.0.0",1731.7,"-",21.00,85,24.71
7046,"Rocinante 2.0",1731.3,"-",1139.00,3125,36.45
7047,"EnkoChess 2017.09.01",1730.3,"-",220.50,471,46.82
7048,"Lumac0 13.2",1729.6,"-",3.50,40,8.75
7049,"Purple Panda 16",1728.1,"-",406.50,791,51.39
7050,"Alpaca 0.2.6",1726.1,"-",464.50,1067,43.53
7051,"FoxSEE 0.1.9",1726.0,"-",344.50,687,50.15
7052,"Chengine r38",1724.7,"-",192.50,380,50.66
7053,"Celestial 1.0",1724.1,"-",994.00,2022,49.16
7054,"JaksaH 1.15",1721.6,"-",771.50,1713,45.04
7055,"Chess Genius 1.5 Palm m515",1721.2,"-",13.50,60,22.50
7056,"Gargamella 0.5.0",1718.3,"-",1214.50,2442,49.73
7057,"Chers 0.4.0",1718.1,"-",2.00,122,1.64
7058,"Dual 0.2.1",1717.6,"-",10.50,111,9.46
7059,"Quokka 2",1717.4,"-",12.00,67,17.91
7060,"Violet 2.0",1717.2,"-",122.50,204,60.05
7061,"SharpChess2 2.6.9",1717.0,"-",256.00,445,57.53
7062,"Jester 0.84",1716.1,"-",1314.50,2605,50.46
7063,"Mizar 3.0",1715.4,"-",2712.00,6055,44.79
7064,"Neuromancer 1.2",1715.1,"-",443.50,918,48.31
7065,"Fatalii 0.2.0",1712.6,"-",420.50,869,48.39
7066,"Chers 0.2.1",1712.4,"-",4.50,73,6.16
7067,"Alpaca 0.2.5",1711.4,"-",333.00,856,38.90
7068,"Mephisto Mega IV",1709.8,"-",3.00,20,15.00
7069,"CookieCat 2012.10.10",1708.3,"-",529.50,985,53.76
7070,"Pulse 1.4.0",1707.8,"-",101.50,190,53.42
7071,"Coiled 0.1a",1707.5,"-",397.50,987,40.27
7072,"Axon 0.2",1707.2,"-",1.00,34,2.94
7073,"Violet 4",1705.8,"-",27.00,82,32.93
7074,"Piglet 1.3.6",1704.7,"-",35.50,239,14.85
7075,"Grizzly 2",1704.7,"-",8.00,35,22.86
7076,"Catto 0.1.1",1701.7,"-",1.00,38,2.63
7077,"Walleye 1.5.1",1701.3,"-",455.50,807,56.44
7078,"Nibble 01r131",1700.0,"-",1.50,11,13.64
7079,"Testina 3c",1699.6,"-",645.50,1221,52.87
7080,"Golem 0.441",1698.6,"-",384.00,846,45.39
7081,"Luna 0.2.1",1697.1,"-",0.50,60,0.83
7082,"JaksaH 1.11",1696.8,"-",901.00,1677,53.73
7083,"Sayuri r2015.08.05",1696.7,"-",566.00,1195,47.36
7084,"BACE 0.45",1696.6,"-",1415.00,2975,47.56
7085,"Tamerlane 0.2",1693.5,"-",630.00,1316,47.87
7086,"Belzebub 0.67",1688.9,"-",2231.00,4475,49.85
7087,"Athena 1.0.1",1687.4,"-",548.50,1206,45.48
7088,"Tristram 3.36",1685.5,"-",459.00,943,48.67
7089,"CmcChess 2.5",1684.4,"-",798.50,1350,59.15
7090,"Chareth 0.1.0",1684.1,"-",2.00,78,2.56
7091,"Rustic 1",1683.3,"-",349.00,714,48.88
7092,"PolarChess 1.3",1683.3,"-",1811.50,3636,49.82
7093,"Dorpsgek Ambrosia 3",1682.6,"-",117.50,270,43.52
7094,"Chess 4.1a",1681.2,"-",580.00,1179,49.19
7095,"ALChess 1.5b",1681.0,"-",933.00,2153,43.33
7096,"Simontacchi 1.6",1680.7,"-",446.00,1100,40.55
7097,"Byte-Knight 1.0.0",1679.2,"-",2.50,85,2.94
7098,"Sayuri 2018.05.28",1679.0,"-",11.00,64,17.19
7099,"Spartan 1.0",1677.0,"-",1699.50,3211,52.93
7100,"Radiance 4.0.1",1670.8,"-",2.50,53,4.72
7101,"Roce 0.0360",1670.0,"-",99.50,285,34.91
7102,"Odonata 0.3.12",1669.5,"-",339.50,669,50.75
7103,"Scoria 3.8.51",1669.4,"-",394.00,877,44.93
7104,"Dchess 1.0.2",1668.7,"-",1756.00,3619,48.52
7105,"Koedem 1.1.1",1667.7,"-",511.00,979,52.20
7106,"Simon 1.2",1666.8,"-",582.00,1184,49.16
7107,"Supra 26.0",1665.5,"-",7.00,52,13.46
7108,"BACE 4.5",1664.8,"-",69.00,159,43.40
7109,"Trinket 1.0.0",1662.7,"-",405.50,818,49.57
7110,"Violet 3.0",1661.8,"-",132.00,293,45.05
7111,"Vapor 0.01r12",1660.3,"-",1382.50,2614,52.89
7112,"IQ23 003",1660.3,"-",1897.00,3971,47.77
7113,"FracTal 1.0",1656.0,"-",759.00,1777,42.71
7114,"Magog 1.0",1655.3,"-",603.50,1241,48.63
7115,"Pulse 1.7.1",1654.6,"-",569.50,1215,46.87
7116,"Plisco 1.0.1",1653.9,"-",410.00,880,46.59
7117,"Pulse 1.7.2",1653.4,"-",453.50,974,46.56
7118,"BACE 0.46",1651.5,"-",413.00,850,48.59
7119,"Embla 0.9.5",1650.5,"-",520.50,1168,44.56
7120,"MSCP 1.44",1650.5,"-",1244.50,2739,45.44
7121,"TDFA 1.1.0",1648.5,"-",1.50,141,1.06
7122,"BLANK 1.2.0",1647.8,"-",477.00,924,51.62
7123,"Shadowfax 0.0.0",1647.3,"-",6.00,145,4.14
7124,"Kitteneitor 0.18.1",1646.5,"-",321.00,630,50.95
7125,"Simon 1.3",1646.2,"-",45.50,79,57.59
7126,"Sayuri 2014.06.16",1645.9,"-",74.00,137,54.01
7127,"Pulse 1.6.1",1645.8,"-",912.50,1859,49.09
7128,"Eubos 2.0",1645.3,"-",515.50,922,55.91
7129,"Revati 0.4c",1641.3,"-",779.50,1403,55.56
7130,"Storm 0.6",1640.5,"-",3014.00,6486,46.47
7131,"KasparovChess 1.0.0",1640.3,"-",286.00,532,53.76
7132,"Philemon C",1638.3,"-",1410.00,2605,54.13
7133,"AdaChess 2.0",1638.1,"-",1428.00,2685,53.18
7134,"SdBC 0.5.15.1",1635.6,"-",717.50,1477,48.58
7135,"Chers 0.3.2",1632.0,"-",398.00,817,48.71
7136,"Emerald 0.2.0",1631.6,"-",425.00,894,47.54
7137,"Pooky 2.7",1630.3,"-",1342.00,2979,45.05
7138,"Darky 0.5d",1627.5,"-",1897.00,4266,44.47
7139,"Powder 1.5.1",1627.0,"-",3.00,25,12.00
7140,"BullitChess 1.0",1626.4,"-",727.50,1356,53.65
7141,"Mufasa 0.1",1625.5,"-",1.00,40,2.50
7142,"Carnivor 1.0",1624.0,"-",16.50,85,19.41
7143,"Saruman 2015.04.22",1622.6,"-",543.50,1117,48.66
7144,"Zotron 4.4.6",1621.0,"-",2260.00,4452,50.76
7145,"Lumac0 12.15",1619.4,"-",478.50,881,54.31
7146,"Rainman 0.7.5",1617.9,"-",1731.50,3629,47.71
7147,"Tofiks 1.0",1617.7,"-",0.50,27,1.85
7148,"Piglet 1.3.3",1615.9,"-",10.50,141,7.45
7149,"Lynx 0.11.0",1614.5,"-",420.00,923,45.50
7150,"Kitteneitor 0.12.1",1614.3,"-",124.00,260,47.69
7151,"Maelstrom 1.0.1",1612.9,"-",2.50,76,3.29
7152,"Cleo 1",1611.1,"-",2.00,9,22.22
7153,"Chess-Rikus 1.466",1611.1,"-",5.00,20,25.00
7154,"Vividmind 2.0.0",1609.5,"-",450.50,913,49.34
7155,"Purple Panda 14",1609.4,"-",425.00,786,54.07
7156,"Casper rev4",1606.2,"-",550.50,1167,47.17
7157,"Needle 0.531",1605.7,"-",3047.50,6470,47.10
7158,"Alibaba 1.38",1605.6,"-",1180.00,2365,49.89
7159,"Damas 9",1604.3,"-",1607.00,3237,49.64
7160,"chess4j 2.0",1604.1,"-",84.50,298,28.36
7161,"Catto 0.12.0",1601.8,"-",1.00,78,1.28
7162,"VanillaChess 2.6g",1601.3,"-",2115.00,3962,53.38
7163,"Grizzly 2.0.8x",1601.2,"-",397.00,1271,31.24
7164,"SdBC 0.41.40",1599.0,"-",481.50,1128,42.69
7165,"Cicada 0.1",1591.8,"-",1447.00,2960,48.89
7166,"Rocinante 1.01",1591.2,"-",861.00,1928,44.66
7167,"Violet 4.0",1591.1,"-",881.50,1796,49.08
7168,"Rudim 1.3",1588.6,"-",503.00,1138,44.20
7169,"Chancellor 1.0",1588.4,"-",288.00,611,47.14
7170,"MinimalChess 0.3",1586.4,"-",391.00,742,52.70
7171,"Lynx 0.9.0",1586.3,"-",376.00,735,51.16
7172,"MSCP 1.6h",1585.9,"-",418.50,949,44.10
7173,"Pwned 1.3",1583.2,"-",1022.50,1849,55.30
7174,"Skiull 0.1",1583.2,"-",344.00,772,44.56
7175,"IQ23 00",1581.6,"-",244.50,726,33.68
7176,"Clownfish 0.1",1578.0,"-",931.00,2185,42.61
7177,"Violet 1.1",1577.9,"-",139.00,223,62.33
7178,"Kobra 0.1",1577.6,"-",1.00,72,1.39
7179,"Chess rs 0.1.1",1575.0,"-",2.00,82,2.44
7180,"Zagreus 2.2.0",1572.2,"-",492.50,1098,44.85
7181,"Lynx 0.10.0",1571.2,"-",357.00,820,43.54
7182,"Dreamer 0.3.0",1570.2,"-",1131.50,2394,47.26
7183,"Saruman 2017.08.10",1569.0,"-",692.00,1768,39.14
7184,"Arche 0.3.5",1567.9,"-",2.00,79,2.53
7185,"Zagreus 2.3.1",1566.9,"-",458.50,1050,43.67
7186,"Pigeon 1.37",1564.9,"-",357.00,759,47.04
7187,"SharpChess2 2.6",1564.5,"-",659.50,1520,43.39
7188,"Embla 0.9.2",1559.8,"-",114.00,295,38.64
7189,"BullitChess 1.0.1",1556.6,"-",515.50,1124,45.86
7190,"Mizar 1.0",1554.5,"-",585.00,990,59.09
7191,"Sophy 0.1.0.0 rev7",1551.5,"-",8.00,79,10.13
7192,"Marginal 0.1",1550.6,"-",557.00,1033,53.92
7193,"Piglet 1.3.1",1546.6,"-",1.50,84,1.79
7194,"Purple Panda 12",1545.4,"-",396.00,793,49.94
7195,"Neuromancer 1.0",1539.0,"-",330.50,843,39.21
7196,"Piglet 1.3.5",1537.9,"-",479.50,1135,42.25
7197,"JackyChess 0.9.14",1537.2,"-",3.50,24,14.58
7198,"Chers 0.6.1",1536.9,"-",2.00,164,1.22
7199,"Eubos 1.1.6",1533.8,"-",274.00,553,49.55
7200,"Embla 0.9.3",1532.8,"-",164.00,376,43.62
7201,"Chess-app 0.2",1532.2,"-",2.00,62,3.23
7202,"Koedem 1.0",1531.3,"-",671.00,1122,59.80
7203,"Brogle 0.1.0",1529.3,"-",2.00,103,1.94
7204,"Supra 23.0",1529.2,"-",106.50,191,55.76
7205,"APILChess 1.05r1c",1527.8,"-",502.00,1007,49.85
7206,"Tofiks 0.0.1",1527.2,"-",1.50,73,2.05
7207,"Exacto 0.d",1526.1,"-",857.50,2066,41.51
7208,"Vividmind 1.1.0",1523.0,"-",370.00,747,49.53
7209,"Supra 28.0",1522.4,"-",459.00,1032,44.48
7210,"Piranha 0.5",1518.7,"-",3050.00,7424,41.08
7211,"Purple Haze 2.0",1509.6,"-",677.50,2134,31.75
7212,"Leandor 1.1",1507.1,"-",521.50,915,56.99
7213,"Supra 26.0 pro",1505.4,"-",597.00,1369,43.61
7214,"APILChess 1.05r1b",1504.0,"-",550.50,1278,43.08
7215,"DoctorB 1.2.1",1503.7,"-",718.50,1709,42.04
7216,"Pwned 1.2",1500.9,"-",119.50,359,33.29
7217,"Pentagon 1.2",1500.7,"-",780.00,1808,43.14
7218,"Raven 0.30",1500.4,"-",494.00,945,52.28
7219,"Radiance 3.5",1500.2,"-",545.00,1069,50.98
7220,"Gedeone 1620",1500.1,"-",385.00,701,54.92
7221,"Cefap 0.72",1499.5,"-",627.00,1179,53.18
7222,"Violet 2.5",1496.9,"-",201.50,746,27.01
7223,"Yawce 0.16",1495.4,"-",754.00,1621,46.51
7224,"Radiance 3.4",1492.7,"-",441.50,875,50.46
7225,"Supra 27.0",1489.3,"-",534.00,1177,45.37
7226,"Supra 25.0",1486.8,"-",425.50,844,50.41
7227,"Rasch r142",1486.7,"-",499.00,1015,49.16
7228,"Supra 23.1",1485.9,"-",437.00,1076,40.61
7229,"Vividmind 1.0",1484.6,"-",0.50,60,0.83
7230,"Roce 0.0345",1483.8,"-",811.50,1698,47.79
7231,"Blikskottel 0.8",1483.2,"-",1490.00,2980,50.00
7232,"Numpty Recharged",1481.0,"-",1252.00,2555,49.00
7233,"Chessier 0.1.0",1480.4,"-",618.00,1354,45.64
7234,"Emerald 0.1.1",1478.1,"-",531.00,980,54.18
7235,"Supra 29.1",1476.4,"-",330.50,771,42.87
7236,"StAndersen 1.31",1475.0,"-",993.50,1974,50.33
7237,"Roque 1.1",1468.8,"-",948.50,2017,47.03
7238,"Axolotl 1.1 Nov 2018",1468.3,"-",310.00,718,43.18
7239,"Chessika 2.21",1467.8,"-",585.50,1214,48.23
7240,"Goyaz 0.007",1464.6,"-",1388.00,2685,51.69
7241,"Chessika 2.27",1463.6,"-",362.00,768,47.14
7242,"BACE 4.6",1462.5,"-",170.50,768,22.20
7243,"Nero 6.1",1456.1,"-",644.50,1605,40.16
7244,"Radiance 3.3",1454.6,"-",6.00,86,6.98
7245,"Cadabra 1.0.0",1452.6,"-",351.00,884,39.71
7246,"Alibaba 1.40",1451.5,"-",326.50,832,39.24
7247,"Eubos 1.0.8",1451.2,"-",180.00,401,44.89
7248,"Iathena 5.20",1448.0,"-",13.50,45,30.00
7249,"Nibble 0.1 r131",1447.3,"-",14.50,139,10.43
7250,"Eubos 1.1.2",1446.7,"-",123.00,286,43.01
7251,"Eubos 1.0.6",1446.3,"-",349.00,699,49.93
7252,"Quokka 2.0",1443.8,"-",965.00,1975,48.86
7253,"Quokka 2.1",1443.4,"-",341.00,658,51.82
7254,"Blunders 0.1.0",1443.1,"-",716.50,1488,48.15
7255,"Walleye 1.3.0",1443.0,"-",433.50,817,53.06
7256,"Stash 9.0.1",1441.8,"-",331.50,684,48.46
7257,"MiniMardi 1.3",1437.2,"-",2347.00,5638,41.63
7258,"Sabrina 3.0.25",1436.9,"-",188.00,368,51.09
7259,"Tony's Chess 0.02",1435.4,"-",853.50,1840,46.39
7260,"Suff 0.3.a",1433.9,"-",715.00,1566,45.66
7261,"Lynx 0.6.0",1433.3,"-",462.50,931,49.68
7262,"Supra 21.0 pro deep4",1433.1,"-",392.00,900,43.56
7263,"Joanna 2002 1.06",1432.9,"-",516.50,1051,49.14
7264,"CeruleanJS 0.2.0 Cobalt",1430.5,"-",682.50,1254,54.43
7265,"Eden 0.0.13",1428.4,"-",1065.00,2546,41.83
7266,"Jchess 1.0",1426.6,"-",420.00,1058,39.70
7267,"Vault 0.4",1425.6,"-",1.00,48,2.08
7268,"Nanook 0.17",1424.7,"-",1238.00,2649,46.73
7269,"Piglet 1.3.2",1422.4,"-",2.00,129,1.55
7270,"Hactar 0.9.0",1421.6,"-",1346.50,2972,45.31
7271,"Catto 0.12.5",1418.8,"-",12.50,190,6.58
7272,"Pigeon 1.36",1418.3,"-",370.50,795,46.60
7273,"MiniChessAI 1.20",1417.3,"-",311.00,620,50.16
7274,"Sabrina 3.1.26",1414.6,"-",330.00,711,46.41
7275,"Numpty DD",1409.1,"-",216.00,741,29.15
7276,"Sabrina 3.1.27",1407.9,"-",911.50,2072,43.99
7277,"Purple Panda 10",1405.5,"-",543.50,969,56.09
7278,"Ozwald 0.43",1404.6,"-",1588.50,3063,51.86
7279,"CederChess 2",1400.1,"-",613.50,1217,50.41
7280,"jFresh 0.1a",1398.2,"-",7.00,48,14.58
7281,"MiniChessAI 1.19",1397.3,"-",1385.50,2700,51.31
7282,"Gladiator 0.0.7",1393.6,"-",827.00,1586,52.14
7283,"Zagreus 2.0.0 -2",1389.3,"-",0.50,84,0.60
7284,"Skaki 1.23",1387.9,"-",647.50,1366,47.40
7285,"Numpty Omega",1387.3,"-",502.00,1522,32.98
7286,"Supra 15.0",1384.9,"-",76.00,208,36.54
7287,"Lynx 0.4.0",1384.3,"-",455.50,878,51.88
7288,"Eubos 1.1.0",1383.3,"-",221.50,579,38.26
7289,"Axon 0.1",1379.8,"-",1.00,21,4.76
7290,"Virutor Chess 1.1",1379.4,"-",651.50,1514,43.03
7291,"Virutor Chess 1.1.2",1373.7,"-",841.50,1795,46.88
7292,"Radiance 3.2",1373.7,"-",1.00,65,1.54
7293,"Victoire 1.3.0",1370.6,"-",472.50,1123,42.07
7294,"Apollo 1.1",1368.3,"-",90.50,356,25.42
7295,"Sargon 1978 1.01b",1360.7,"-",630.00,1306,48.24
7296,"Honzovy Sachy 1.0",1360.1,"-",355.00,1000,35.50
7297,"Neocortex 1.0",1358.3,"-",861.00,1729,49.80
7298,"Belofte 2.1.9",1357.9,"-",594.00,1408,42.19
7299,"Joanna 2002 1.03",1356.5,"-",314.00,839,37.43
7300,"Numpty 0.7pr",1354.6,"-",121.00,633,19.12
7301,"Fimbulwinter 5.00",1345.7,"-",892.00,2023,44.09
7302,"Haddock 0",1343.6,"-",793.50,1581,50.19
7303,"Captain 3.1",1338.1,"-",1.50,93,1.61
7304,"Radiance 3.1.1",1330.7,"-",534.00,990,53.94
7305,"Vividmind 1.0.1",1329.8,"-",508.50,1006,50.55
7306,"Ronja 0.9.1",1328.7,"-",549.00,1048,52.39
7307,"Arche 0.3.3",1326.4,"-",728.50,1301,56.00
7308,"Supra 12.0",1326.2,"-",72.00,202,35.64
7309,"Project Invincible 2.10",1322.6,"-",904.50,1834,49.32
7310,"Scam 0.4",1318.9,"-",618.00,1433,43.13
7311,"Ronja 0.9.0",1315.9,"-",411.00,903,45.51
7312,"Belofte 2.1.8",1313.6,"-",518.00,1085,47.74
7313,"DoctorB 1.0.1",1310.9,"-",436.00,848,51.42
7314,"Mufasa 0.2.1",1309.2,"-",424.50,1244,34.12
7315,"Ronja 0.8.2",1306.4,"-",689.50,1491,46.24
7316,"Annie 2ca4ccd",1304.9,"-",1.00,11,9.09
7317,"Pepito 159.2",1302.8,"-",2.00,19,10.53
7318,"CeruleanJS 0.1.1 Blizzard",1298.0,"-",777.00,1901,40.87
7319,"KillerQueen 2.0b3",1294.9,"-",1288.00,2802,45.97
7320,"Moustique 0.3",1292.1,"-",3.50,21,16.67
7321,"Pierre 1.7",1291.9,"-",1061.00,2008,52.84
7322,"Ronja 0.8.1",1290.2,"-",204.00,590,34.58
7323,"Chess 1.3.1 by David Cimbalista",1288.9,"-",944.50,1848,51.11
7324,"Sargon 1978 1.00",1288.6,"-",1011.00,2450,41.27
7325,"Lxna 0.1.0",1283.2,"-",1.00,62,1.61
7326,"T.rex 1.9",1278.0,"-",1265.50,3004,42.13
7327,"Melsh Bot 1.0",1272.1,"-",5.00,75,6.67
7328,"NSVChess 0.14",1268.1,"-",3.50,45,7.78
7329,"Zagreus 1.1.0",1265.8,"-",1.00,73,1.37
7330,"Chess dot cpp 4.10",1263.2,"-",1.00,51,1.96
7331,"Fatalii 0.1.1",1255.2,"-",366.00,785,46.62
7332,"QuTeChess 1.0.1t r3",1252.7,"-",506.50,1106,45.80
7333,"Ronja 0.8.0",1252.3,"-",132.00,365,36.16
7334,"Cassandre 0.26",1251.6,"-",3.50,41,8.54
7335,"Catto 0.12.6",1239.8,"-",641.00,1195,53.64
7336,"Dragontooth 0.2 Bahamut",1238.9,"-",679.50,1346,50.48
7337,"Neurone XXIII",1233.9,"-",219.00,462,47.40
7338,"Eubos 1.0.2",1233.1,"-",172.50,434,39.75
7339,"Gringo 1.4.9b",1232.7,"-",1123.50,2324,48.34
7340,"Raffaela 0.1.4",1232.7,"-",496.50,1234,40.24
7341,"Belofte 2.1.3",1231.3,"-",501.00,1031,48.59
7342,"Belofte 0.9.12",1228.1,"-",179.00,483,37.06
7343,"CederChess 1",1226.3,"-",282.00,580,48.62
7344,"Tikov 0.6.3",1211.3,"-",1002.00,2322,43.15
7345,"Supra 11.5.1",1197.5,"-",148.50,239,62.13
7346,"Odonata 0.2.2",1195.7,"-",158.50,472,33.58
7347,"Enxadrista 1.01",1183.4,"-",722.50,1529,47.25
7348,"Project Invincible 2.04",1175.9,"-",243.50,614,39.66
7349,"Cassandre 0.24",1170.9,"-",1301.50,2983,43.63
7350,"Pulse 1.2.0",1164.5,"-",162.50,384,42.32
7351,"jChecs 0.1.0",1158.3,"-",219.50,364,60.30
7352,"Belofte 2.1.5",1154.4,"-",382.00,898,42.54
7353,"GrayMatter SVN1604",1150.4,"-",134.50,383,35.12
7354,"BlitzKibitz 5",1149.1,"-",72.00,214,33.64
7355,"CmcChess 2.27",1145.3,"-",245.00,673,36.40
7356,"Fatalii 0.1.2",1142.2,"-",0.50,24,2.08
7357,"Neurone XXVI",1140.8,"-",169.00,466,36.27
7358,"Neurone XXVII",1139.8,"-",498.50,1141,43.69
7359,"Megalodon 1.0.0",1135.1,"-",473.50,1058,44.75
7360,"Soberango 0.09.8",1133.8,"-",289.50,648,44.68
7361,"Nino 0.1.0",1131.8,"-",1.50,13,11.54
7362,"Sabrina 3.0.22",1129.9,"-",101.50,388,26.16
7363,"Soberango 0.12.0",1123.8,"-",621.50,1556,39.94
7364,"MinimalChess 0.2",1110.2,"-",401.50,909,44.17
7365,"Soberango 0.10.3",1096.9,"-",261.50,715,36.57
7366,"Radiance 2.3",1085.5,"-",341.00,765,44.58
7367,"Blitzter 2.0",1071.0,"-",364.50,738,49.39
7368,"Talvmenni 0.1",1068.6,"-",529.00,870,60.80
7369,"Ronja 0.6.0",1066.9,"-",233.00,543,42.91
7370,"Frank 0.58",1065.5,"-",382.50,813,47.05
7371,"Megalodon 1.1.0",1064.3,"-",64.00,374,17.11
7372,"Soberango 0.09.2",1057.6,"-",150.00,377,39.79
7373,"Belofte 0.9.3",1055.1,"-",334.00,358,93.30
7374,"Belofte 2.1.0",1051.7,"-",176.00,374,47.06
7375,"iota 1.0",1047.2,"-",1053.00,1944,54.17
7376,"Soberango 0.07.2",1041.9,"-",168.50,328,51.37
7377,"AdaChess 1.0",1029.0,"-",31.50,267,11.80
7378,"Belofte 2.1.2",1024.6,"-",130.50,395,33.04
7379,"RoboKewlper 0.047a",1023.1,"-",353.00,891,39.62
7380,"Alouette 0.1.2",1018.6,"-",1.50,26,5.77
7381,"Safrad 2.1.35.210",1016.3,"-",546.00,1656,32.97
7382,"Alouette 0.1.7",1010.8,"-",0.50,119,0.42
7383,"Safrad 2.2.40.360",1010.1,"-",501.50,1203,41.69
7384,"Xadreco 5.7",1006.1,"-",255.00,562,45.37
7385,"Testina 2.2",1006.0,"-",297.50,702,42.38
7386,"Belofte 2.1.1",1003.4,"-",196.00,589,33.28
7387,"ChessPuter r7",998.9,"-",3.50,81,4.32
7388,"KACE 0.82",997.9,"-",147.00,285,51.58
7389,"Fimbulwinter 5.04",986.5,"-",113.50,1138,9.97
7390,"GiuChess 1.0",976.7,"-",441.00,874,50.46
7391,"Haddock 0.2.1",974.8,"-",209.00,434,48.16
7392,"KACE 0.8.2",970.7,"-",220.00,532,41.35
7393,"Captain 2.0",955.3,"-",345.00,791,43.62
7394,"DarkTemplar 0.1",952.9,"-",49.00,254,19.29
7395,"Youk 1.0.5",947.2,"-",588.50,1145,51.40
7396,"Algae 1.0",945.5,"-",127.00,488,26.02
7397,"Feeks 2018-01-31 LM",942.1,"-",368.00,898,40.98
7398,"AcquaD 3.9.1",916.6,"-",1.00,77,1.30
7399,"Zoe 0.1",913.6,"-",677.00,1616,41.89
7400,"Catto 0.12.2",911.3,"-",0.50,59,0.85
7401,"Luzhin 0.1",900.8,"-",1332.00,2274,58.58
7402,"Megalodon 0.3.2",899.2,"-",90.50,428,21.14
7403,"NSVChess v0.14",892.7,"-",300.00,612,49.02
7404,"Hippocampe 0.4.1",850.6,"-",203.50,349,58.31
7405,"Hippocampe 0.4.2",850.3,"-",247.00,438,56.39
7406,"Pyotr 0.6 AM",842.8,"-",1533.50,2201,69.67
7407,"Skotz 0.2.1",835.8,"-",2.00,95,2.11
7408,"Dika 0.4209",817.6,"-",1300.50,1967,66.12
7409,"Monchester 1.0",807.3,"-",287.50,752,38.23
7410,"Monchester 0.99",791.7,"-",126.50,375,33.73
7411,"Belofte 2.0.8",791.5,"-",40.00,221,18.10
7412,"chess4j 1.2",779.3,"-",764.00,1415,53.99
7413,"Neurone XVIII",762.5,"-",43.00,215,20.00
7414,"chess4j 0.1",698.7,"-",105.50,488,21.62
7415,"AcquaD 3.9.1 LDC",693.0,"-",538.00,1184,45.44
7416,"Alouette 0.1.1",669.6,"-",653.00,1549,42.16
7417,"Alouette 0.1.4",635.0,"-",50.50,388,13.02
7418,"Alouette 0.1.5",627.3,"-",77.50,508,15.26
7419,"Alouette 0.0.5",617.6,"-",3008.00,7275,41.35
7420,"Belofte 0.9.0",598.8,"-",1487.00,2889,51.47
7421,"EasyPeasy 1.0",572.1,"-",1452.00,2873,50.54
7422,"AcquaD 3.2.26",506.6,"-",82.50,506,16.30
7423,"Alouette 0.0.3",309.1,"-",3357.50,7664,43.81
7424,"POS 1.20",301.1,"-",1440.50,2501,57.60
7425,"LaMoSca 0.10",232.7,"-",1099.00,2568,42.80
7426,"ACE 0.1",231.8,"-",1209.50,2611,46.32
7427,"Sapeli 1.02 RND",121.4,"-",1378.00,4487,30.71
